{
"type": "FeatureCollection",
"name": "stadium_arena_buildings",
"crs": { "type": "name", "properties": { "name": "urn:ogc:def:crs:EPSG::32723" } },
"features": [
{ "type": "Feature", "properties": { "height": 30.0 }, "geometry": { "type": "Polygon", "coordinates": [ [ [ 496.363016974646598, 674.187684597447515 ], [ 519.906473205599468, 674.263674284331501 ], [ 588.201570909994189, 665.275646159425378 ], [ 649.264914326777216, 656.578464912250638 ], [ 675.750563584384508, 655.488396275788546 ], [ 677.430391461180989, 491.958661853335798 ], [ 650.946175059361849, 492.937985181808472 ], [ 612.74395058961818, 487.672684397548437 ], [ 546.717180611274671, 478.699231079779565 ], [ 518.217251553025562, 475.139222825877368 ], [ 479.235675182600971, 476.166902700439095 ], [ 461.33536566112889, 476.403593551367521 ], [ 461.057448541687336, 463.720513405278325 ], [ 440.264698701619636, 463.262955445796251 ], [ 411.118850863713305, 463.937596585601568 ], [ 411.293580493947957, 684.087987499311566 ], [ 461.531564508157317, 684.615921465680003 ], [ 461.103073245554697, 672.673282435163856 ], [ 496.363016974646598, 674.187684597447515 ] ], [ [ 510.614972922659945, 512.470453925430775 ], [ 594.622169492766261, 512.43710745126009 ], [ 594.693848423718009, 635.596479940228164 ], [ 510.696154327539261, 635.629970148205757 ], [ 510.614972922659945, 512.470453925430775 ] ] ] } },
{ "type": "Feature", "properties": { "height": 10.243 }, "geometry": { "type": "Polygon", "coordinates": [ [ [ 46.222412461473141, 259.686070013791323 ], [ 51.480318506539334, 259.696015778928995 ], [ 51.483392309513874, 256.429084219969809 ], [ 55.597929781884886, 256.427233081310987 ], [ 55.594856898125727, 259.694164590910077 ], [ 60.464834468031768, 259.700105212628841 ], [ 60.538591499847826, 206.034073350951076 ], [ 55.586962969682645, 206.027289258316159 ], [ 55.57505146873882, 209.161236356943846 ], [ 51.623979173484258, 209.153698584064841 ], [ 51.626825306215324, 205.908913385123014 ], [ 46.297364125435706, 205.909302639774978 ], [ 46.222412461473141, 259.686070013791323 ] ], [ [ 51.525588474934921, 220.670113956555724 ], [ 55.51749832573114, 220.678072847425938 ], [ 55.522131176141556, 227.156675072386861 ], [ 51.530105321260635, 227.159789552912116 ], [ 51.525588474934921, 220.670113956555724 ] ], [ [ 51.539575802744366, 245.04512732103467 ], [ 51.634974083397537, 238.766897225752473 ], [ 55.463093943602871, 238.817463882267475 ], [ 55.367583072453272, 245.106767186895013 ], [ 51.539575802744366, 245.04512732103467 ] ] ] } },
{ "type": "Feature", "properties": { "height": 12.947 }, "geometry": { "type": "Polygon", "coordinates": [ [ [ 195.047394358494785, 408.488656049594283 ], [ 195.055410158995073, 436.440631626173854 ], [ 201.844918018148746, 436.444154733791947 ], [ 201.83713230752619, 430.264535829424858 ], [ 208.698212473711465, 430.257719082757831 ], [ 208.705430536239874, 436.492704154923558 ], [ 215.443894232565071, 436.495694953948259 ], [ 215.42597308754921, 408.51039651222527 ], [ 208.49344215990277, 408.516479451209307 ], [ 208.50100175634725, 414.718244886025786 ], [ 201.823686207586434, 414.726954845711589 ], [ 201.816471784666646, 408.491969455033541 ], [ 195.047394358494785, 408.488656049594283 ] ], [ [ 208.594254177878611, 427.465888470411301 ], [ 201.927141571475659, 427.474703993648291 ], [ 201.907567800255492, 417.485355412587523 ], [ 208.574675859883428, 417.476540144532919 ], [ 208.594254177878611, 427.465888470411301 ] ] ] } },
{ "type": "Feature", "properties": { "height": 12.259 }, "geometry": { "type": "Polygon", "coordinates": [ [ [ 121.239749688829761, 204.600293831899762 ], [ 121.29853710293537, 210.780442591756582 ], [ 114.243022660899442, 210.840578935109079 ], [ 114.184809178172145, 204.605063626542687 ], [ 107.39472101588035, 204.667933648452163 ], [ 107.627015466976445, 232.633314345031977 ], [ 114.131161096447613, 232.578569121658802 ], [ 114.075344877957832, 226.110515268519521 ], [ 121.283995870559011, 226.0519576407969 ], [ 121.329264097905252, 232.553125838749111 ], [ 127.792574777617119, 232.497953478246927 ], [ 127.999097370542586, 204.548174870200455 ], [ 121.239749688829761, 204.600293831899762 ] ], [ [ 114.328025634691585, 213.488248893991113 ], [ 121.199672291928437, 213.437290864065289 ], [ 121.280203544883989, 223.449423070997 ], [ 114.408552194596268, 223.500381394289434 ], [ 114.328025634691585, 213.488248893991113 ] ] ] } },
{ "type": "Feature", "properties": { "height": 12.848 }, "geometry": { "type": "Polygon", "coordinates": [ [ [ 178.171561121125706, 204.345598751679063 ], [ 178.351920267392416, 232.41010425798595 ], [ 184.763957688701339, 232.376527152955532 ], [ 184.717063397518359, 226.030386451631784 ], [ 191.77246852935059, 225.981289030984044 ], [ 191.808814865129534, 232.360544132068753 ], [ 198.517015790159348, 232.318939100950956 ], [ 198.335020237602293, 204.409461707808077 ], [ 191.810586796957068, 204.452959932386875 ], [ 191.8500139649841, 210.533236926421523 ], [ 184.886493671976496, 210.583281004801393 ], [ 184.838915281754453, 204.303579760715365 ], [ 178.171561121125706, 204.345598751679063 ] ], [ [ 191.586226510407869, 213.34342722222209 ], [ 191.62585729372222, 223.366208813153207 ], [ 184.86673133802833, 223.396211072802544 ], [ 184.827105178323109, 213.373429212719202 ], [ 191.586226510407869, 213.34342722222209 ] ] ] } },
{ "type": "Feature", "properties": { "height": 13.466 }, "geometry": { "type": "Polygon", "coordinates": [ [ [ 142.843729338201229, 232.298760406672955 ], [ 149.357054816849995, 232.343764236196876 ], [ 149.40056924050441, 226.142522345297039 ], [ 156.720257964159828, 226.20691098831594 ], [ 156.678002381406259, 232.286346761509776 ], [ 163.05861549481051, 232.329976321198046 ], [ 163.264385837304872, 204.446640493348241 ], [ 156.434720806602854, 204.387306309305131 ], [ 156.390067139815073, 210.69928091391921 ], [ 149.621536451450083, 210.651648448780179 ], [ 149.663567251234781, 204.594358930364251 ], [ 149.459395316254813, 204.592253929935396 ], [ 143.048168159963097, 204.548302019014955 ], [ 142.843729338201229, 232.298760406672955 ] ], [ [ 156.339854380639736, 213.589193978346884 ], [ 156.302586846926715, 223.146057670935988 ], [ 149.605282338976394, 223.121308764442801 ], [ 149.642554245889187, 213.564444851130247 ], [ 156.339854380639736, 213.589193978346884 ] ] ] } },
{ "type": "Feature", "properties": { "height": 12.448 }, "geometry": { "type": "Polygon", "coordinates": [ [ [ 104.447453951521311, 78.621363938786089 ], [ 104.465343491989188, 106.584538171067834 ], [ 111.275232370535377, 106.577248902991414 ], [ 111.267609745438676, 100.386552238836884 ], [ 118.148955209937412, 100.379996892996132 ], [ 118.155895583913662, 106.637133033014834 ], [ 124.730873703781981, 106.638489434495568 ], [ 124.712945455161389, 78.675317334011197 ], [ 118.046103300817776, 78.673012750223279 ], [ 118.055098422395531, 84.730830133892596 ], [ 111.224917081708554, 84.726838167756796 ], [ 111.226704296248499, 78.613759541884065 ], [ 104.447453951521311, 78.621363938786089 ] ], [ [ 118.12748876149999, 97.511492807418108 ], [ 111.36898952285992, 97.486091619357467 ], [ 111.409718235081527, 87.597026878036559 ], [ 118.168212906748522, 87.622428296133876 ], [ 118.12748876149999, 97.511492807418108 ] ] ] } },
{ "type": "Feature", "properties": { "height": 10.859 }, "geometry": { "type": "Polygon", "coordinates": [ [ [ 46.569282136042602, 199.344957534223795 ], [ 51.541325794009026, 199.351955438032746 ], [ 51.544286346412264, 196.09609692543745 ], [ 55.679109818942379, 196.10553059913218 ], [ 55.68555912974989, 199.439007293432951 ], [ 60.524890868284274, 199.444633040577173 ], [ 60.568723767122719, 145.711841890588403 ], [ 55.70899267058121, 145.706004556268454 ], [ 55.715326862584334, 149.050554718822241 ], [ 51.753947987919673, 149.053984053432941 ], [ 51.748300151026342, 145.642994191497564 ], [ 46.612937783822417, 145.634310182183981 ], [ 46.569282136042602, 199.344957534223795 ] ], [ [ 51.566076164424885, 160.336913553997874 ], [ 55.476757961616386, 160.299737693741918 ], [ 55.541383588919416, 166.900778291746974 ], [ 51.630700031295419, 166.93795426376164 ], [ 51.566076164424885, 160.336913553997874 ] ], [ [ 51.652087231283076, 184.657299475744367 ], [ 51.585063630307559, 178.288797663524747 ], [ 55.495750218105968, 178.251621538773179 ], [ 55.562775517406408, 184.620123241096735 ], [ 51.652087231283076, 184.657299475744367 ] ] ] } },
{ "type": "Feature", "properties": { "height": 9.722 }, "geometry": { "type": "Polygon", "coordinates": [ [ [ 44.02729231241392, 86.514346574433148 ], [ 44.088395673490595, 122.152570563368499 ], [ 49.223864103783853, 122.150182632729411 ], [ 49.216617910249624, 118.894218482077122 ], [ 53.218822833558079, 118.891211559996009 ], [ 53.225498708954547, 122.202542034909129 ], [ 58.105753379350062, 122.197517978027463 ], [ 58.04461589694256, 86.559295907616615 ], [ 53.368543462886009, 86.566425731405616 ], [ 53.375333049276378, 89.86668305285275 ], [ 49.311770691594575, 89.880130915902555 ], [ 49.305781746399589, 86.502360614016652 ], [ 44.02729231241392, 86.514346574433148 ] ], [ [ 53.126665597374085, 101.10468820668757 ], [ 53.183478449645918, 107.47308523952961 ], [ 49.334176146949176, 107.49981838837266 ], [ 49.287459249899257, 101.14259984716773 ], [ 53.126665597374085, 101.10468820668757 ] ] ] } },
{ "type": "Feature", "properties": { "height": 9.791 }, "geometry": { "type": "Polygon", "coordinates": [ [ [ 67.455955376382917, 86.744982596486807 ], [ 67.579966285207774, 122.228809393942356 ], [ 72.623671550711151, 122.214392186142504 ], [ 72.608153475448489, 118.770077360793948 ], [ 76.784017343481537, 118.757780941203237 ], [ 76.799079504329711, 122.246388806030154 ], [ 81.57736247277353, 122.229230608791113 ], [ 81.452746541996021, 86.800772150047123 ], [ 76.756143267790321, 86.818772118538618 ], [ 76.765793765254784, 89.84219728037715 ], [ 72.906402249762323, 89.857757791876793 ], [ 72.897780605766457, 86.734673112630844 ], [ 67.455955376382917, 86.744982596486807 ] ], [ [ 76.720629486546386, 101.148747595027089 ], [ 76.72618148784386, 107.538764003664255 ], [ 72.734188621107023, 107.541882491670549 ], [ 72.738961116934661, 101.140898019075394 ], [ 76.720629486546386, 101.148747595027089 ] ] ] } },
{ "type": "Feature", "properties": { "height": 6.79 }, "geometry": { "type": "Polygon", "coordinates": [ [ [ 510.787402813555673, 956.412619519978762 ], [ 503.361775338125881, 958.672970470041037 ], [ 492.740318146010395, 924.199823608621955 ], [ 478.427179687132593, 924.052630102261901 ], [ 460.452033194655087, 929.526787461712956 ], [ 474.887503229954746, 976.353944090195 ], [ 513.634076911315788, 964.548363856039941 ], [ 525.540343727858271, 1003.165455844253302 ], [ 572.142832328507211, 988.959812843240798 ], [ 548.162407391646411, 911.159180911257863 ], [ 501.242626005259808, 925.461141658015549 ], [ 510.787402813555673, 956.412619519978762 ] ], [ [ 528.397053559951019, 929.882170964032412 ], [ 530.383991781563964, 929.282430766150355 ], [ 529.247856051544659, 925.582968747243285 ], [ 534.901371287647635, 923.880257747136056 ], [ 541.92405637569027, 946.909722372889519 ], [ 534.293802055297419, 949.212282542139292 ], [ 528.397053559951019, 929.882170964032412 ] ], [ [ 555.839018142840359, 957.983209953643382 ], [ 561.739572131133173, 976.947890112176538 ], [ 527.355080389708746, 987.535958994179964 ], [ 521.454678572074044, 968.560189778916538 ], [ 555.839018142840359, 957.983209953643382 ] ] ] } },
{ "type": "Feature", "properties": { "height": 12.462 }, "geometry": { "type": "Polygon", "coordinates": [ [ [ 137.807376392942388, 122.676238795742393 ], [ 131.212202735361643, 122.652531582862139 ], [ 131.236110232362989, 116.373565122485161 ], [ 124.140720963070635, 116.344696518033743 ], [ 124.135856646520551, 117.806473769247532 ], [ 120.052213376911823, 117.786511326208711 ], [ 120.003338848066051, 127.476151253096759 ], [ 124.423980959050823, 127.48851422034204 ], [ 124.363053075678181, 144.287826316431165 ], [ 131.131782110838685, 144.31332559324801 ], [ 131.165897528815549, 138.034464551135898 ], [ 138.138794494967442, 138.062066050246358 ], [ 138.115233154094312, 144.307812391780317 ], [ 144.751136425416917, 144.343010256066918 ], [ 144.86735967407003, 116.237257281318307 ], [ 137.833222085784655, 116.209026852622628 ], [ 137.807376392942388, 122.676238795742393 ] ], [ [ 138.056528935441747, 135.148637684062123 ], [ 131.124010821979027, 135.165750220417976 ], [ 131.102673843910452, 125.353567885234952 ], [ 138.035187313333154, 125.336455611512065 ], [ 138.056528935441747, 135.148637684062123 ] ] ] } },
{ "type": "Feature", "properties": { "height": 12.311 }, "geometry": { "type": "Polygon", "coordinates": [ [ [ 157.666010910121258, 154.277050302363932 ], [ 157.693615385214798, 160.51224906463176 ], [ 151.220471358683426, 160.534107832238078 ], [ 151.192755472497083, 154.309982178732753 ], [ 144.515328583831433, 154.340806088410318 ], [ 144.625525376060978, 182.271701137535274 ], [ 151.068053465394769, 182.249529014341533 ], [ 151.042163547419477, 175.84823118057102 ], [ 158.087108783132862, 175.821192592382431 ], [ 158.113572574686259, 182.167123892344534 ], [ 164.790897564089391, 182.147366363555193 ], [ 164.68031986762071, 154.249693367630243 ], [ 157.666010910121258, 154.277050302363932 ] ], [ [ 151.070362324535381, 173.113133251667023 ], [ 151.090529274719302, 163.234933480620384 ], [ 157.900214746652637, 163.249767631292343 ], [ 157.880052391032223, 173.127967162057757 ], [ 151.070362324535381, 173.113133251667023 ] ] ] } },
{ "type": "Feature", "properties": { "height": 12.827 }, "geometry": { "type": "Polygon", "coordinates": [ [ [ 76.369506815739442, 743.983628847636282 ], [ 69.722207303217147, 744.036895645782351 ], [ 69.674545092100743, 737.768268560990691 ], [ 62.802650791883934, 737.819215783849359 ], [ 63.014870007289574, 765.75115380063653 ], [ 69.764269502891693, 765.698942353948951 ], [ 69.715464525565039, 759.541048095561564 ], [ 76.372980056970846, 759.487886198796332 ], [ 76.419389789167326, 765.878318872302771 ], [ 83.505685591197107, 765.829575316980481 ], [ 83.295939454517793, 737.654027869924903 ], [ 76.321841762226541, 737.715001938864589 ], [ 76.369506815739442, 743.983628847636282 ] ], [ [ 69.86560823576292, 756.862581023946404 ], [ 69.715217609482352, 746.694690207950771 ], [ 76.311930213647429, 746.596603879705071 ], [ 76.452116423868574, 756.764389099553227 ], [ 69.86560823576292, 756.862581023946404 ] ] ] } },
{ "type": "Feature", "properties": { "height": 5.0 }, "geometry": { "type": "Polygon", "coordinates": [ [ [ 289.573250456422102, 1080.373864290304482 ], [ 291.219182984146755, 1074.222354531288147 ], [ 283.877962655213196, 1072.241962592117488 ], [ 283.538269998913165, 1073.500949764624238 ], [ 280.412369943514932, 1072.660328863188624 ], [ 280.752062859130092, 1071.401341747492552 ], [ 274.184577360807452, 1069.639326173812151 ], [ 271.697332179232035, 1079.159872054122388 ], [ 276.045030831184704, 1080.334234641864896 ], [ 276.416948224010412, 1078.920537414029241 ], [ 281.660662453621626, 1080.336687935516238 ], [ 281.278422325209249, 1081.761353397741914 ], [ 288.670465245551895, 1083.764418488368392 ], [ 289.573250456422102, 1080.373864290304482 ] ], [ [ 275.4197455663234, 1076.606787373311818 ], [ 273.525053350662347, 1076.177522787824273 ], [ 273.857046342163812, 1074.674819042906165 ], [ 275.762061592482496, 1075.093115469440818 ], [ 275.4197455663234, 1076.606787373311818 ] ] ] } },
{ "type": "Feature", "properties": { "height": 6.455 }, "geometry": { "type": "Polygon", "coordinates": [ [ [ 257.367005152802449, 969.630135831423104 ], [ 244.496543664252385, 966.208468343131244 ], [ 243.721623032877687, 969.079839127138257 ], [ 244.495121481828392, 969.320369321852922 ], [ 243.347711784532294, 973.660802990198135 ], [ 242.678417702612933, 976.189954280853271 ], [ 243.503190292569343, 976.408863769844174 ], [ 254.724571095663123, 979.348421052098274 ], [ 257.367005152802449, 969.630135831423104 ] ], [ [ 251.989881651999895, 973.24039198178798 ], [ 247.540125613333657, 972.064968749880791 ], [ 248.347497813578229, 969.016741136088967 ], [ 252.797252956777811, 970.192164173349738 ], [ 251.989881651999895, 973.24039198178798 ] ] ] } },
{ "type": "Feature", "properties": { "height": 12.74 }, "geometry": { "type": "Polygon", "coordinates": [ [ [ 139.915400776721071, 579.718220010399818 ], [ 139.920425516495015, 586.163597689941525 ], [ 133.151264121930581, 586.160260139964521 ], [ 133.155766268551815, 579.781427141278982 ], [ 126.508999771089293, 579.790422592312098 ], [ 126.50590148527408, 607.819807415828109 ], [ 132.152096433273982, 607.811570388264954 ], [ 133.387484911887441, 607.813231932930648 ], [ 133.390616361808497, 601.567278293892741 ], [ 140.139481274702121, 601.55933159776032 ], [ 140.13635270280065, 607.805285080336034 ], [ 146.772922624775674, 607.796177516691387 ], [ 146.776552868250292, 579.71142846904695 ], [ 139.915400776721071, 579.718220010399818 ] ], [ [ 133.325563519261777, 598.964113497175276 ], [ 133.204395466193091, 588.929418731480837 ], [ 139.93363590259105, 588.843749089166522 ], [ 140.054808558372315, 598.878443549387157 ], [ 133.325563519261777, 598.964113497175276 ] ] ] } },
{ "type": "Feature", "properties": { "height": 12.828 }, "geometry": { "type": "Polygon", "coordinates": [ [ [ 78.08627962396713, 727.99876135122031 ], [ 84.722791680193041, 728.000752210617065 ], [ 84.725369102961849, 721.810164649039507 ], [ 91.392505039751995, 721.812468464486301 ], [ 91.390158801048528, 727.980909341946244 ], [ 98.230849736894015, 727.984999490901828 ], [ 98.2529183778679, 700.099778601899743 ], [ 91.555165692348965, 700.097161557525396 ], [ 91.551220260735136, 706.420628314837813 ], [ 84.873882386193145, 706.418218914419413 ], [ 84.878515836666338, 700.028312401846051 ], [ 78.099091228155885, 700.024846989661455 ], [ 78.08627962396713, 727.99876135122031 ] ], [ [ 84.857261854631361, 718.921094863675535 ], [ 84.969783778709825, 708.99955334328115 ], [ 91.421840805676766, 709.066086266189814 ], [ 91.319532216584776, 718.987732868641615 ], [ 84.857261854631361, 718.921094863675535 ] ] ] } },
{ "type": "Feature", "properties": { "height": 12.355 }, "geometry": { "type": "Polygon", "coordinates": [ [ [ 178.234649925434496, 490.432370318099856 ], [ 171.516692031989805, 490.418500926345587 ], [ 171.520267507003155, 484.128254253417253 ], [ 164.649180444714148, 484.112803190946579 ], [ 164.58500264264876, 512.130482506006956 ], [ 171.435685233853292, 512.145722437649965 ], [ 171.448898184637073, 505.910947475582361 ], [ 178.340412887919229, 505.926605227403343 ], [ 178.327202872023918, 512.161380035802722 ], [ 184.759323864884209, 512.172299778088927 ], [ 184.823805432126392, 484.121402679011226 ], [ 178.248773693398107, 484.10900922305882 ], [ 178.234649925434496, 490.432370318099856 ] ], [ [ 171.578720644349232, 503.221196020022035 ], [ 171.487816129287239, 493.220037316903472 ], [ 178.196251285320614, 493.167361836880445 ], [ 178.287274504255038, 503.15744698420167 ], [ 171.578720644349232, 503.221196020022035 ] ] ] } },
{ "type": "Feature", "properties": { "height": 13.21 }, "geometry": { "type": "Polygon", "coordinates": [ [ [ 179.666597264294978, 474.333815094083548 ], [ 186.404965110530611, 474.347891576588154 ], [ 186.418172867095564, 468.113116677850485 ], [ 193.46280102286255, 468.130346493795514 ], [ 193.451193922723178, 474.210095512680709 ], [ 200.179352531034965, 474.224060449749231 ], [ 200.231889388232958, 446.339157455600798 ], [ 193.330194611742627, 446.323403270915151 ], [ 193.316304402251262, 452.624617768451571 ], [ 186.526902911195066, 452.610017848201096 ], [ 186.540796042245347, 446.308803198859096 ], [ 179.720770989370067, 446.293884318321943 ], [ 179.666597264294978, 474.333815094083548 ] ], [ [ 186.691143887175713, 465.402691606432199 ], [ 186.53795149695361, 455.500561218708754 ], [ 193.297983330499846, 455.393039504997432 ], [ 193.451180279778782, 465.295169573277235 ], [ 186.691143887175713, 465.402691606432199 ] ] ] } },
{ "type": "Feature", "properties": { "height": 12.669 }, "geometry": { "type": "Polygon", "coordinates": [ [ [ 141.652347175113391, 541.961199862882495 ], [ 141.659252966346685, 570.012836107984185 ], [ 148.254856165091041, 570.014381103217602 ], [ 148.25764003751101, 563.801647333428264 ], [ 155.128993261663709, 563.794957520440221 ], [ 155.127011301869061, 569.930178272537887 ], [ 161.845120284415316, 569.932979933917522 ], [ 161.837148591002915, 541.981005193665624 ], [ 155.149678926623892, 541.978518530726433 ], [ 155.145185130124446, 548.357351291924715 ], [ 148.294256822497118, 548.36425119265914 ], [ 148.288887217466254, 541.952093234285712 ], [ 141.652347175113391, 541.961199862882495 ] ], [ [ 148.305795717227738, 561.111054103821516 ], [ 148.267317723191809, 550.977542070671916 ], [ 155.10826670244569, 550.94839034974575 ], [ 155.156958273553755, 561.082007341086864 ], [ 148.305795717227738, 561.111054103821516 ] ] ] } },
{ "type": "Feature", "properties": { "height": 12.936 }, "geometry": { "type": "Polygon", "coordinates": [ [ [ 51.290361573628616, 793.79254315700382 ], [ 44.541519596765283, 793.789380460977554 ], [ 44.543769270763732, 787.632012249901891 ], [ 37.72346687753452, 787.628109149634838 ], [ 37.701409648521803, 815.502260149456561 ], [ 44.58297918405151, 815.506794353947043 ], [ 44.585685012571048, 809.305133230984211 ], [ 51.395788271503989, 809.308927290141582 ], [ 51.402837517380249, 815.554986618459225 ], [ 58.080226134683471, 815.557408571243286 ], [ 58.103044008777943, 787.605746788904071 ], [ 51.292951041425113, 787.601955300197005 ], [ 51.290361573628616, 793.79254315700382 ] ], [ [ 44.614467055071145, 806.514670021831989 ], [ 44.595323212619405, 796.492099979892373 ], [ 51.344280643097591, 796.484189316630363 ], [ 51.363429102755617, 806.506759099662304 ], [ 44.614467055071145, 806.514670021831989 ] ] ] } },
{ "type": "Feature", "properties": { "height": 22.245 }, "geometry": { "type": "Polygon", "coordinates": [ [ [ 794.73812755808467, 871.298970522359014 ], [ 782.09900991077302, 939.841651136055589 ], [ 862.980961321562063, 955.057207845151424 ], [ 877.11519120039884, 957.716077765449882 ], [ 928.701761990843806, 968.200991313904524 ], [ 932.441462453629356, 968.925948049873114 ], [ 946.103294347703923, 899.153336513787508 ], [ 883.444021568691824, 887.181676333770156 ], [ 876.645832977781538, 886.015581200830638 ], [ 870.044002417940646, 884.61893455684185 ], [ 794.73812755808467, 871.298970522359014 ] ] ] } },
{ "type": "Feature", "properties": { "height": 13.395 }, "geometry": { "type": "Polygon", "coordinates": [ [ [ 818.570756168279331, 350.758359204977751 ], [ 815.567500154429581, 360.860622700303793 ], [ 924.416232260700781, 393.461955276317894 ], [ 936.838215421128552, 351.971730606630445 ], [ 940.601732273062225, 339.407651560381055 ], [ 944.047968777827919, 327.91453552711755 ], [ 983.776500981010031, 195.229689156636596 ], [ 874.766289657156449, 162.582748917862773 ], [ 871.468059469305445, 173.57902202103287 ], [ 865.218531964812428, 171.709766414016485 ], [ 863.040691660193261, 178.985457309521735 ], [ 869.137548315222375, 180.808849457651377 ], [ 863.777625969727524, 198.70547435246408 ], [ 857.080388620262966, 196.687654543668032 ], [ 855.494788448151667, 201.964953132905066 ], [ 862.192141719104256, 203.971700290217996 ], [ 818.740118455316406, 350.173153579235077 ], [ 818.570756168279331, 350.758359204977751 ] ] ] } },
{ "type": "Feature", "properties": { "height": 20.0 }, "geometry": { "type": "Polygon", "coordinates": [ [ [ 1084.013153877865989, 1184.082084206864238 ], [ 1076.039802840910852, 1219.881441455334425 ], [ 1035.819706116511952, 1213.057372331619263 ], [ 1035.153264475346077, 1217.314185170456767 ], [ 952.076551922538783, 1201.900000253692269 ], [ 913.837137159833219, 1195.095892682671547 ], [ 862.032288753485773, 1185.904446383938193 ], [ 863.154474078619387, 1180.024375855922699 ], [ 821.111767967639025, 1171.730262607336044 ], [ 822.211862186843064, 1165.019387325271964 ], [ 773.21594830439426, 1155.734616563655436 ], [ 785.285515625670087, 1094.949259443208575 ], [ 765.483148217957933, 1091.423700860701501 ], [ 774.212498647801112, 1042.719464614987373 ], [ 815.260903221380431, 1050.361221622675657 ], [ 823.257708713994361, 1010.342856572940946 ], [ 844.708514607802499, 1014.405751772224903 ], [ 847.261457770306151, 1000.433896647766232 ], [ 706.058217967685778, 971.221097918227315 ], [ 711.756631636118982, 937.303320716135204 ], [ 712.354857476835605, 933.732428901828825 ], [ 858.924444904609118, 962.324701914563775 ], [ 861.523675787902903, 962.750043461099267 ], [ 871.304874300782103, 964.755172550678253 ], [ 1000.1207670167787, 993.219251135364175 ], [ 993.105923931172583, 1027.134679329581559 ], [ 863.533286010206211, 1003.734872353263199 ], [ 853.383175122668035, 1057.596314894966781 ], [ 941.142373574373778, 1075.307229802943766 ], [ 942.530097100359853, 1066.428715610876679 ], [ 977.648346057569142, 1073.887392474338412 ], [ 979.230021308118012, 1065.010864147916436 ], [ 1036.303321072948165, 1075.163999569602311 ], [ 1127.045123715361115, 1096.769299102947116 ], [ 1125.223302541591693, 1110.161728877574205 ], [ 1111.977311164839193, 1188.255570698529482 ], [ 1084.013153877865989, 1184.082084206864238 ] ] ] } },
{ "type": "Feature", "properties": { "height": 17.0 }, "geometry": { "type": "Polygon", "coordinates": [ [ [ 188.401792611868586, 563.927480196580291 ], [ 183.276589450018946, 567.872533801943064 ], [ 186.128262614423875, 571.534339591860771 ], [ 179.109334456908982, 576.943850575946271 ], [ 173.728565199009608, 570.022240155376494 ], [ 171.258582337584812, 571.923735513351858 ], [ 171.963957484753337, 572.828035450540483 ], [ 169.761572631017771, 574.521874269470572 ], [ 174.195263240661006, 580.215536449104548 ], [ 176.397648344864137, 578.521696954965591 ], [ 179.440779753960669, 582.429114932194352 ], [ 181.025611651362851, 581.216185515746474 ], [ 182.597651733725797, 583.225786447525024 ], [ 187.619972765853163, 579.357193609699607 ], [ 186.662684382812586, 578.129139577038586 ], [ 192.878815112926532, 573.342595157213509 ], [ 191.528516703110654, 571.612141493707895 ], [ 193.319235121191014, 570.2352160140872 ], [ 188.401792611868586, 563.927480196580291 ] ] ] } },
{ "type": "Feature", "properties": { "height": 17.0 }, "geometry": { "type": "Polygon", "coordinates": [ [ [ 233.381935227953363, 516.826246730983257 ], [ 229.308595344482455, 501.922381157055497 ], [ 227.025415376585443, 502.541174492798746 ], [ 225.028330135450233, 495.211467300541699 ], [ 217.687400492897723, 497.195674142800272 ], [ 218.228346698801033, 499.194647306576371 ], [ 211.071742899657693, 501.125378090888262 ], [ 211.70171505358303, 503.40212991181761 ], [ 209.602862919738982, 503.967447772622108 ], [ 211.265508049575146, 510.064448320306838 ], [ 213.814803580869921, 509.381952793337405 ], [ 213.991830148210283, 510.037168895825744 ], [ 216.653764687769581, 509.322610216215253 ], [ 215.305818616878241, 504.391669362783432 ], [ 223.547750909812748, 502.16203492321074 ], [ 228.083443516865373, 518.765055451542139 ], [ 220.230578846938442, 520.887957403436303 ], [ 218.833639925753232, 515.757172359153628 ], [ 213.141110269993078, 517.293235822580755 ], [ 215.256591747165658, 525.02284443564713 ], [ 217.816212513076607, 524.329380022361875 ], [ 218.140895092335995, 525.517690584994853 ], [ 224.570629786758218, 523.778806403279305 ], [ 225.042854649655055, 525.51128451153636 ], [ 231.441847788693849, 523.783155065961182 ], [ 230.762881011643913, 521.306559704244137 ], [ 232.15527282905532, 520.93330005556345 ], [ 231.201183578756172, 517.412872828543186 ], [ 233.381935227953363, 516.826246730983257 ] ] ] } },
{ "type": "Feature", "properties": { "height": 17.0 }, "geometry": { "type": "Polygon", "coordinates": [ [ [ 239.120374303951394, 479.121529502794147 ], [ 234.532842589018401, 462.595498595386744 ], [ 232.822957491211127, 463.065156931057572 ], [ 231.562783191795461, 458.533801550045609 ], [ 229.842689670447726, 459.003354335203767 ], [ 229.320906331937294, 457.126397795975208 ], [ 222.665695258881897, 458.951554532162845 ], [ 223.157992488297168, 460.717463130131364 ], [ 216.922593719966244, 462.425124197266996 ], [ 217.434395163611043, 464.279829520732164 ], [ 214.864347675640602, 464.99533468298614 ], [ 216.833420631417539, 472.070043342188001 ], [ 221.922131334373262, 470.67172562237829 ], [ 220.809842657181434, 466.651317242532969 ], [ 229.30811339430511, 464.313577773980796 ], [ 233.777698066900484, 480.395417830906808 ], [ 225.648076371347997, 482.626214385032654 ], [ 224.062992186227348, 476.92869446799159 ], [ 218.687634931644425, 478.401580528356135 ], [ 220.636978995520622, 485.409638397395611 ], [ 223.227333126065787, 484.705415699630976 ], [ 223.946104801900219, 487.282091808505356 ], [ 228.963130129966885, 485.90518163330853 ], [ 229.4944389758748, 487.848682839423418 ], [ 236.456838231824804, 485.938091643154621 ], [ 235.876081824186258, 483.839039133861661 ], [ 237.544905855960678, 483.391106143593788 ], [ 236.550439657934476, 479.825965279713273 ], [ 239.120374303951394, 479.121529502794147 ] ] ] } },
{ "type": "Feature", "properties": { "height": 17.0 }, "geometry": { "type": "Polygon", "coordinates": [ [ [ 207.752354220196139, 561.679437099955976 ], [ 220.020051928237081, 549.247428555041552 ], [ 218.756498112750705, 548.016220983117819 ], [ 221.511236442776863, 545.231697039678693 ], [ 218.842575062415563, 542.634930182248354 ], [ 220.421183842176106, 541.034327425062656 ], [ 215.306290315114893, 536.053498876281083 ], [ 213.397575983137358, 537.982932858169079 ], [ 209.485669105139095, 534.166239505633712 ], [ 208.216633522300981, 535.448872344568372 ], [ 206.103984476590995, 533.389405420050025 ], [ 201.574499018664937, 537.982920751906931 ], [ 203.535499146732036, 539.896857883781195 ], [ 202.978288795333356, 540.466986862011254 ], [ 204.777659763058182, 542.213141624815762 ], [ 207.965848961728625, 538.979034621268511 ], [ 213.990522208914626, 544.844120997935534 ], [ 202.496358928328846, 556.519959373399615 ], [ 196.006756963382941, 550.196025103330612 ], [ 200.071943577670027, 546.073927568271756 ], [ 196.604661664983723, 542.704790212213993 ], [ 191.11559243244119, 548.274039153009653 ], [ 192.722821065050084, 549.841024216264486 ], [ 190.390974903246388, 552.209072549827397 ], [ 195.020634955202695, 556.719782917760313 ], [ 194.112671426322777, 557.64067910425365 ], [ 199.409385661245324, 562.811654041521251 ], [ 201.194457743025851, 560.991691902279854 ], [ 202.730911610356998, 562.491499722003937 ], [ 205.59920811856864, 559.586329789832234 ], [ 207.752354220196139, 561.679437099955976 ] ] ] } },
{ "type": "Feature", "properties": { "height": 12.412 }, "geometry": { "type": "Polygon", "coordinates": [ [ [ 159.145004481775686, 337.629762402735651 ], [ 156.63971828360809, 343.949593234807253 ], [ 144.145367758988868, 375.405105292797089 ], [ 150.581800014071632, 377.963210803456604 ], [ 152.856337599980179, 372.239021984860301 ], [ 157.218410647066776, 373.978379908949137 ], [ 158.182839530578349, 371.540869504213333 ], [ 153.830861693655606, 369.81269033998251 ], [ 157.583636057621334, 360.338428515940905 ], [ 161.915193952678237, 362.066396242007613 ], [ 162.858519107860047, 359.695114718750119 ], [ 158.476032475358807, 357.955547777935863 ], [ 162.30197439371841, 348.315922583453357 ], [ 166.959065970557276, 350.157989222556353 ], [ 167.923606064345222, 347.709405016154051 ], [ 163.195510914607439, 345.822308923117816 ], [ 163.908308115613181, 344.024522139690816 ], [ 165.449279578751884, 340.131127811037004 ], [ 159.145004481775686, 337.629762402735651 ] ] ] } },
{ "type": "Feature", "properties": { "height": 12.886 }, "geometry": { "type": "Polygon", "coordinates": [ [ [ 106.606233131198678, 529.639467107132077 ], [ 91.502610881521832, 567.56873888336122 ], [ 97.73574465845013, 570.047244552522898 ], [ 100.062627883628011, 564.201782871037722 ], [ 104.597619951702654, 566.009382524527609 ], [ 105.519862494140398, 563.704333105124533 ], [ 101.106920504476875, 561.942290014587343 ], [ 104.953362008498516, 552.302887657657266 ], [ 109.335903223429341, 554.042467412538826 ], [ 110.247707194241229, 551.759459014981985 ], [ 105.743231424130499, 549.963249949738383 ], [ 109.526929929910693, 540.467167471535504 ], [ 114.061915406608023, 542.274764579720795 ], [ 115.015580923995003, 539.892517572268844 ], [ 110.531411908741575, 538.107593581080437 ], [ 112.910585853911471, 532.140850573778152 ], [ 106.606233131198678, 529.639467107132077 ] ] ] } },
{ "type": "Feature", "properties": { "height": 11.682 }, "geometry": { "type": "Polygon", "coordinates": [ [ [ 120.94868624053197, 433.827282138168812 ], [ 105.446925403841306, 471.763533215969801 ], [ 111.638613110990264, 474.29698059335351 ], [ 114.047491104633082, 468.419139500707388 ], [ 118.510878409142606, 470.237072980031371 ], [ 119.58989911765093, 467.579257201403379 ], [ 115.421425386448391, 465.875109350308776 ], [ 119.23401353234658, 456.545439788140357 ], [ 123.351669370371383, 458.226913862861693 ], [ 124.315309325640555, 455.866918195970356 ], [ 120.024790004012175, 454.117215308360755 ], [ 123.858361035934649, 444.73238892108202 ], [ 128.077644882781897, 446.459207503125072 ], [ 129.114457304065581, 443.933849336579442 ], [ 124.773125630163122, 442.161474844440818 ], [ 127.150568429438863, 436.360829056240618 ], [ 126.113499310740735, 435.940381886437535 ], [ 120.94868624053197, 433.827282138168812 ] ] ] } },
{ "type": "Feature", "properties": { "height": 11.973 }, "geometry": { "type": "Polygon", "coordinates": [ [ [ 144.899720323679503, 343.828562797047198 ], [ 145.2351889446727, 342.979289009235799 ], [ 140.690055125567596, 341.171592742204666 ], [ 143.121718083159067, 335.061419637873769 ], [ 136.634491244447418, 332.48063681460917 ], [ 132.179687281197403, 343.697418309748173 ], [ 121.520219826838002, 370.476267235353589 ], [ 127.814295397722162, 372.977543070912361 ], [ 130.0679673771956, 367.297439876943827 ], [ 134.531781258818228, 369.071077179163694 ], [ 135.496099585667253, 366.644641335122287 ], [ 130.930655959469732, 364.825658645480871 ], [ 134.735515515436418, 355.252268748357892 ], [ 139.392606464738492, 357.094344208948314 ], [ 140.31517520401394, 354.75607324950397 ], [ 135.922597801079974, 353.005320799537003 ], [ 139.591199370624963, 343.773832895793021 ], [ 139.622510445129592, 343.707709034904838 ], [ 139.795373254572041, 343.775937927886844 ], [ 144.218574279395398, 345.527005104348063 ], [ 144.899720323679503, 343.828562797047198 ] ] ] } },
{ "type": "Feature", "properties": { "height": 12.477 }, "geometry": { "type": "Polygon", "coordinates": [ [ [ 76.321014378161635, 605.131737545132637 ], [ 61.103922702779528, 643.159484459087253 ], [ 67.448812269838527, 645.694525917991996 ], [ 69.680982412013691, 640.124952342361212 ], [ 74.195577748585492, 641.932349598035216 ], [ 75.201784295961261, 639.406678702682257 ], [ 70.809125464351382, 637.655911516398191 ], [ 74.624063263181597, 628.104786077514291 ], [ 79.067421414540149, 629.889298487454653 ], [ 80.115489776013419, 627.264389030635357 ], [ 75.641619857866317, 625.468487773090601 ], [ 79.33050508517772, 616.259369190782309 ], [ 83.723158159176819, 618.010134156793356 ], [ 84.676832742930856, 615.627888796851039 ], [ 80.091125072969589, 613.786537563428283 ], [ 82.55404827685561, 607.621322106570005 ], [ 76.321014378161635, 605.131737545132637 ] ] ] } },
{ "type": "Feature", "properties": { "height": 13.095 }, "geometry": { "type": "Polygon", "coordinates": [ [ [ 91.054288650571834, 507.086565515957773 ], [ 75.909351772570517, 545.059695083647966 ], [ 82.294920860091224, 547.606226992793381 ], [ 84.516864238947164, 542.036546362563968 ], [ 88.919703736377414, 543.787416381761432 ], [ 89.946890847699251, 541.206588907167315 ], [ 85.513539744308218, 539.444330043159425 ], [ 89.318238127802033, 529.893096327781677 ], [ 93.721074344590306, 531.643965092487633 ], [ 94.716834090126213, 529.14033439103514 ], [ 90.364928475173656, 527.401065547950566 ], [ 94.02281512733316, 518.224848039448261 ], [ 98.49676736962283, 520.009672297164798 ], [ 99.586688732204493, 517.285523410886526 ], [ 94.909474447777029, 515.410007771104574 ], [ 97.236351792584173, 509.564546580426395 ], [ 91.054288650571834, 507.086565515957773 ] ] ] } },
{ "type": "Feature", "properties": { "height": 11.329 }, "geometry": { "type": "Polygon", "coordinates": [ [ [ 60.951871355588082, 582.669289080426097 ], [ 45.745080789260101, 620.686053946614265 ], [ 52.089843882771675, 623.232176070101559 ], [ 54.311922566150315, 617.651425990276039 ], [ 58.836718067002948, 619.458933810703456 ], [ 59.842811867652927, 616.944337112829089 ], [ 55.440066841023508, 615.182386238127947 ], [ 59.254895961086731, 605.642337596975267 ], [ 63.69835973175941, 607.415781921707094 ], [ 64.746429614140652, 604.790873436257243 ], [ 60.27245413599303, 603.006040226668119 ], [ 63.961458897450939, 593.785851790569723 ], [ 68.353989283496048, 595.547695149667561 ], [ 69.30766524450155, 593.165450673550367 ], [ 64.721966441895347, 591.324094088748097 ], [ 67.184893217927311, 585.158880913630128 ], [ 60.951871355588082, 582.669289080426097 ] ] ] } },
{ "type": "Feature", "properties": { "height": 11.658 }, "geometry": { "type": "Polygon", "coordinates": [ [ [ 105.153879100165796, 411.072543548420072 ], [ 90.080064839799888, 449.09071455989033 ], [ 96.455612501362339, 451.614990898407996 ], [ 98.656892627652269, 446.06724457629025 ], [ 103.130936824134551, 447.840995465405285 ], [ 104.105816018360201, 445.381446810439229 ], [ 99.641867072728928, 443.618874725885689 ], [ 103.405244033609051, 434.111510123126209 ], [ 107.64539695676649, 435.794252381660044 ], [ 108.693677165079862, 433.147194789722562 ], [ 104.463619499409106, 431.475631337612867 ], [ 108.16413962864317, 422.122659850865602 ], [ 112.536546470073517, 423.851062468253076 ], [ 113.469560122524854, 421.490751646459103 ], [ 109.056547290412709, 419.739781652577221 ], [ 111.498899839643855, 413.585425117984414 ], [ 105.153879100165796, 411.072543548420072 ] ] ] } },
{ "type": "Feature", "properties": { "height": 12.446 }, "geometry": { "type": "Polygon", "coordinates": [ [ [ 139.392119946714956, 257.125307902693748 ], [ 132.65572457498638, 257.919658347964287 ], [ 137.451848284341395, 298.756299046799541 ], [ 143.922494164493401, 297.992428725585341 ], [ 143.171103664964903, 291.650098377838731 ], [ 148.343534114479553, 291.038958370685577 ], [ 148.024295234296005, 288.333502155728638 ], [ 142.943857778620441, 288.934515994042158 ], [ 141.779935368278529, 279.033034722320735 ], [ 146.870463978324551, 278.443199983797967 ], [ 146.551339981670026, 275.726670399308205 ], [ 141.522064170159865, 276.317136494442821 ], [ 140.291935639281292, 265.905547650530934 ], [ 145.372365345072467, 265.304535144940019 ], [ 145.090537520474754, 262.931697831489146 ], [ 140.143049247271847, 263.511931963264942 ], [ 139.392119946714956, 257.125307902693748 ] ] ] } },
{ "type": "Feature", "properties": { "height": 12.499 }, "geometry": { "type": "Polygon", "coordinates": [ [ [ 161.470752417983022, 259.589968947693706 ], [ 154.816483494767454, 260.340878421440721 ], [ 159.422472257108893, 300.810090908780694 ], [ 166.086967704177368, 300.059283623471856 ], [ 165.375146506819874, 293.839181859977543 ], [ 170.37357252673246, 293.270538149401546 ], [ 170.09333783184411, 290.742675878107548 ], [ 165.053963874524925, 291.321971774101257 ], [ 163.902974568947684, 281.154839887283742 ], [ 168.860561790934298, 280.585775967687368 ], [ 168.542004402494058, 277.813880747184157 ], [ 163.594626740261447, 278.383049746975303 ], [ 162.433203189924825, 268.23795878328383 ], [ 167.523612634104211, 267.659190375357866 ], [ 167.252446406113449, 265.24216585047543 ], [ 162.172246416856069, 265.821039359085262 ], [ 161.470752417983022, 259.589968947693706 ] ] ] } },
{ "type": "Feature", "properties": { "height": 13.18 }, "geometry": { "type": "Polygon", "coordinates": [ [ [ 43.106012084928807, 368.781562874093652 ], [ 36.329294053430203, 369.520084341987967 ], [ 40.730383052199613, 410.031531696207821 ], [ 47.619415499561001, 409.294165663421154 ], [ 46.966945919848513, 403.262933973222971 ], [ 51.954978994675912, 402.716369709 ], [ 51.656742414284963, 399.955755167640746 ], [ 46.535882435389794, 400.512023467570543 ], [ 45.435204523673747, 390.422919012606144 ], [ 50.228924794238992, 389.907574377954006 ], [ 49.949621430656407, 387.291122886352241 ], [ 45.176205216499511, 387.817751287482679 ], [ 44.075872556830291, 377.695426663383842 ], [ 49.104732050560415, 377.149285088293254 ], [ 48.796973564254586, 374.322125406004488 ], [ 43.768115015176591, 374.868266824632883 ], [ 43.106012084928807, 368.781562874093652 ] ] ] } },
{ "type": "Feature", "properties": { "height": 12.911 }, "geometry": { "type": "Polygon", "coordinates": [ [ [ 60.555283546855208, 325.162117294967175 ], [ 53.389971519005485, 325.963083495385945 ], [ 58.01937472022837, 367.108124461025 ], [ 65.23574987432221, 366.307681465521455 ], [ 64.553792428807355, 360.165401928126812 ], [ 69.562341533019207, 359.607969806529582 ], [ 69.147081144561525, 356.314574986696243 ], [ 63.709310581500176, 356.911877228878438 ], [ 62.661540346744005, 347.631754693575203 ], [ 67.98689765058225, 347.044367976486683 ], [ 67.543981810449623, 343.462752057239413 ], [ 62.525229362479877, 344.020077896304429 ], [ 61.496393868641462, 334.884118196554482 ], [ 66.402847679157276, 334.32563453912735 ], [ 65.90245003713062, 330.377968683838844 ], [ 61.200970850943122, 330.861045339144766 ], [ 60.555283546855208, 325.162117294967175 ] ] ] } },
{ "type": "Feature", "properties": { "height": 11.973 }, "geometry": { "type": "Polygon", "coordinates": [ [ [ 98.499102946196217, 272.274303203448653 ], [ 91.312603127851617, 273.152588825672865 ], [ 96.273444011399988, 313.846980359405279 ], [ 103.235029746952932, 312.999594965949655 ], [ 102.472419046913274, 306.756815884262323 ], [ 107.409943833539728, 306.154341816902161 ], [ 107.108160260890145, 303.736999956890941 ], [ 102.283160002494697, 304.318485408090055 ], [ 101.021629941591527, 293.984089270234108 ], [ 105.836418242717627, 293.402499133720994 ], [ 105.506864218332339, 290.708009568974376 ], [ 100.855643714719918, 291.269137500785291 ], [ 99.640820179891307, 281.356051689945161 ], [ 104.455604449904058, 280.774462221190333 ], [ 104.126507919689175, 278.035679470747709 ], [ 99.270775720477104, 278.627920927479863 ], [ 98.499102946196217, 272.274303203448653 ] ] ] } },
{ "type": "Feature", "properties": { "height": 12.248 }, "geometry": { "type": "Polygon", "coordinates": [ [ [ 118.902091501804534, 261.000504638999701 ], [ 112.114192687615287, 261.838612524792552 ], [ 117.037218850571662, 302.244668493978679 ], [ 123.610411280358676, 301.437566619366407 ], [ 122.857316513953265, 295.261333842761815 ], [ 127.753887358412612, 294.669505372643471 ], [ 127.442805591796059, 292.163472645916045 ], [ 122.617696174420416, 292.756037827581167 ], [ 121.374515511619393, 282.621173433959484 ], [ 126.404023087525275, 282.008567560464144 ], [ 126.074808259669226, 279.280858803540468 ], [ 121.188336878723931, 279.88386498298496 ], [ 120.021004731243011, 270.314579161815345 ], [ 125.142500173766166, 269.691848082467914 ], [ 124.822352866118308, 267.074977203272283 ], [ 124.784601172606926, 266.775577834807336 ], [ 124.488093859457877, 266.816818231716752 ], [ 119.683524000982288, 267.398519272916019 ], [ 118.902091501804534, 261.000504638999701 ] ] ] } },
{ "type": "Feature", "properties": { "height": 12.259 }, "geometry": { "type": "Polygon", "coordinates": [ [ [ 75.654954504629131, 484.590589923784137 ], [ 60.467903858516365, 522.685090221464634 ], [ 66.670501305663493, 525.15222140122205 ], [ 68.976288568868767, 519.372993094846606 ], [ 73.714640090649482, 521.26022213883698 ], [ 74.647436770610511, 518.922059915959835 ], [ 70.071741754072718, 517.10295544937253 ], [ 73.845134087430779, 507.617849010042846 ], [ 78.329175541875884, 509.413858322426677 ], [ 79.408662897010799, 506.711751995608211 ], [ 75.016158846847247, 504.949910394847393 ], [ 78.653062192897778, 495.828852035105228 ], [ 83.127120020391885, 497.602608239278197 ], [ 84.112442545185331, 495.121019440703094 ], [ 79.445331811963115, 493.256676872260869 ], [ 81.908353052975144, 487.080388488247991 ], [ 75.654954504629131, 484.590589923784137 ] ] ] } },
{ "type": "Feature", "properties": { "height": 12.284 }, "geometry": { "type": "Polygon", "coordinates": [ [ [ 89.744541817053687, 388.56539742462337 ], [ 74.547514966630843, 426.648730570450425 ], [ 80.861797791847493, 429.172382678836584 ], [ 83.146578529092949, 423.448308401741087 ], [ 87.630594389105681, 425.244316379539669 ], [ 88.615569587796926, 422.795947187580168 ], [ 84.121345648251008, 420.999834183603525 ], [ 87.883928830502555, 411.56998598203063 ], [ 92.357846883765887, 413.354814149439335 ], [ 93.395348898193333, 410.76301858946681 ], [ 88.921431554714218, 408.978190697729588 ], [ 92.621272074698936, 399.691662287339568 ], [ 97.115604345046449, 401.476699754595757 ], [ 98.037839688244276, 399.171650869771838 ], [ 93.50290151318768, 397.364045980386436 ], [ 96.018089200893883, 391.077549450099468 ], [ 89.744541817053687, 388.56539742462337 ] ] ] } },
{ "type": "Feature", "properties": { "height": 12.438 }, "geometry": { "type": "Polygon", "coordinates": [ [ [ 171.290105201827828, 368.774476885795593 ], [ 156.146981699101161, 406.603723905980587 ], [ 162.440849920618348, 409.127130120992661 ], [ 164.704264790867455, 403.491420564241707 ], [ 169.330634340934921, 405.34424293320626 ], [ 170.253086497774348, 403.017043579369783 ], [ 165.585996816807892, 401.152727270498872 ], [ 169.400592945807148, 391.623727788217366 ], [ 173.904910948476754, 393.430993089452386 ], [ 174.80591707181884, 391.203242452815175 ], [ 170.159248233598191, 389.33913785405457 ], [ 174.04735431401059, 379.611555146053433 ], [ 178.805859761079773, 381.521109193563461 ], [ 179.686332954617683, 379.304221128113568 ], [ 174.897202004503924, 377.394351650960743 ], [ 177.370488992833998, 371.207081593573093 ], [ 171.290105201827828, 368.774476885795593 ] ] ] } },
{ "type": "Feature", "properties": { "height": 14.117 }, "geometry": { "type": "Polygon", "coordinates": [ [ [ 60.182608688948676, 462.248883645050228 ], [ 44.995878226472996, 500.310149993747473 ], [ 51.361119323119055, 502.84541298635304 ], [ 53.614495237881783, 497.198539517819881 ], [ 54.722800268325955, 497.641875346191227 ], [ 58.06813334900653, 498.972092907875776 ], [ 59.084772028727457, 496.424381849355996 ], [ 55.892000409599859, 495.151110405102372 ], [ 54.671741380007006, 494.673396488651633 ], [ 58.455462277459446, 485.177325578406453 ], [ 59.675606376549695, 485.666112489998341 ], [ 62.868376142287161, 486.939383218064904 ], [ 63.937313637405168, 484.270392406731844 ], [ 60.744544393906835, 482.997121880762279 ], [ 59.565121450868901, 482.519829525612295 ], [ 63.191478714870755, 473.431889057159424 ], [ 64.371015218726825, 473.89810788910836 ], [ 67.563782682816964, 475.171377728693187 ], [ 68.632832815637812, 472.491313362494111 ], [ 65.440065875591245, 471.21804372407496 ], [ 64.108083078812342, 470.683805854991078 ], [ 66.476601905131247, 464.761257277801633 ], [ 60.182608688948676, 462.248883645050228 ] ] ] } },
{ "type": "Feature", "properties": { "height": 12.935 }, "geometry": { "type": "Polygon", "coordinates": [ [ [ 136.124804557999596, 456.188015818595886 ], [ 120.877828082360793, 494.171205682680011 ], [ 121.609893209591974, 494.4666892811656 ], [ 127.161521181988064, 496.694519831798971 ], [ 129.445949399785604, 491.003658989444375 ], [ 133.980806993728038, 492.822323998436332 ], [ 135.00764057651395, 490.274713641963899 ], [ 130.493201279023197, 488.456259414553642 ], [ 134.244874117837753, 479.092735068872571 ], [ 138.667888360854704, 480.865947996266186 ], [ 139.715822952857707, 478.252108253538609 ], [ 135.231785020616371, 476.456117566674948 ], [ 138.962349735433236, 467.158821321092546 ], [ 143.548016308399383, 469.00015652552247 ], [ 144.533098461281043, 466.540710777044296 ], [ 139.825383873016108, 464.653819806873798 ], [ 142.245827626262326, 458.643200744874775 ], [ 137.212805099610705, 456.620061688125134 ], [ 136.124804557999596, 456.188015818595886 ] ] ] } },
{ "type": "Feature", "properties": { "height": 11.927 }, "geometry": { "type": "Polygon", "coordinates": [ [ [ 30.496643199585378, 598.402008259668946 ], [ 36.546593213453889, 600.823277665302157 ], [ 38.778884091123473, 595.242634975351393 ], [ 43.293461979716085, 597.050042815506458 ], [ 44.309766141872387, 594.535552366636693 ], [ 39.907029621128459, 592.773596307262778 ], [ 43.721864386403468, 583.233551234006882 ], [ 48.165319578140043, 585.007000790908933 ], [ 49.213391016062815, 582.382093284279108 ], [ 44.73942417424405, 580.597254808060825 ], [ 48.428434388595633, 571.377069821581244 ], [ 52.820956284354907, 573.138918353244662 ], [ 53.774747873248998, 570.745601499453187 ], [ 49.188943716872018, 568.915312783792615 ], [ 51.651874144561589, 562.750101909972727 ], [ 45.418978544475976, 560.2494294680655 ], [ 30.20184238726506, 598.277148066088557 ], [ 30.496643199585378, 598.402008259668946 ] ] ] } },
{ "type": "Feature", "properties": { "height": 9.96 }, "geometry": { "type": "Polygon", "coordinates": [ [ [ 26.423458072880749, 707.210734033025801 ], [ 16.093817003304139, 736.617570636793971 ], [ 38.352692520420533, 744.444261662662029 ], [ 48.69261538569117, 715.026443788781762 ], [ 26.423458072880749, 707.210734033025801 ] ] ] } },
{ "type": "Feature", "properties": { "height": 15.0 }, "geometry": { "type": "Polygon", "coordinates": [ [ [ 31.487045819987543, 294.584683585911989 ], [ 63.811443963088095, 294.55270135961473 ], [ 63.811430349829607, 291.584748432971537 ], [ 63.785263537138235, 275.316110256128013 ], [ 63.779339676955715, 270.941641019657254 ], [ 31.465202293067705, 270.973725667223334 ], [ 31.461929346027318, 272.280477300286293 ], [ 31.475122077914421, 277.928584202192724 ], [ 31.505923399177846, 287.807313549332321 ], [ 31.509022200596519, 293.444241745397449 ], [ 31.487045819987543, 294.584683585911989 ] ] ] } },
{ "type": "Feature", "properties": { "height": 9.487 }, "geometry": { "type": "Polygon", "coordinates": [ [ [ 302.541836246673483, 985.023661560378969 ], [ 301.540677426208276, 989.044446006417274 ], [ 319.542782343633007, 993.858897373080254 ], [ 320.604963207733817, 989.860889084637165 ], [ 302.541836246673483, 985.023661560378969 ] ] ] } },
{ "type": "Feature", "properties": { "height": 5.0 }, "geometry": { "type": "Polygon", "coordinates": [ [ [ 641.391477881930768, 934.000282527878881 ], [ 635.535671481105965, 964.339390335604548 ], [ 630.185900807555299, 963.309880658984184 ], [ 630.218007060291711, 963.166243128478527 ], [ 616.325406582036521, 960.841847658157349 ], [ 614.107684343296569, 967.009658919647336 ], [ 625.564833503041882, 969.862755096517503 ], [ 624.271754658257123, 982.430004391819239 ], [ 630.018550262961071, 983.574338829144835 ], [ 633.33128905337071, 976.166366472840309 ], [ 637.176229134376626, 977.579094178974628 ], [ 636.130430604738649, 982.972664235159755 ], [ 632.074822339694947, 982.189013622701168 ], [ 630.856233457219787, 988.499984584748745 ], [ 655.5771632840042, 993.272296911105514 ], [ 666.092012237000745, 938.761299206875265 ], [ 641.391477881930768, 934.000282527878881 ] ] ] } },
{ "type": "Feature", "properties": { "height": 5.0 }, "geometry": { "type": "Polygon", "coordinates": [ [ [ 770.489507691760082, 291.43749703746289 ], [ 758.860929288028274, 330.18930203281343 ], [ 769.741700226499233, 333.446153236553073 ], [ 781.370137535443064, 294.705414414405823 ], [ 770.489507691760082, 291.43749703746289 ] ] ] } },
{ "type": "Feature", "properties": { "height": 6.943 }, "geometry": { "type": "Polygon", "coordinates": [ [ [ 940.601732273062225, 339.407651560381055 ], [ 945.986216016754042, 341.013287100940943 ], [ 943.702790821611416, 348.631211392581463 ], [ 955.479245728580281, 352.162892051041126 ], [ 958.49215523264138, 353.057590517215431 ], [ 958.756228495447431, 352.196494646370411 ], [ 961.832546287332661, 341.928841242566705 ], [ 965.257781237654854, 330.490877972915769 ], [ 950.234320868097711, 325.995657196268439 ], [ 948.852144998323638, 329.359177452512085 ], [ 944.047968777827919, 327.91453552711755 ], [ 940.601732273062225, 339.407651560381055 ] ] ] } },
{ "type": "Feature", "properties": { "height": 5.0 }, "geometry": { "type": "Polygon", "coordinates": [ [ [ 1003.476722085673828, 255.410643545910716 ], [ 1021.634950070641935, 260.85712137632072 ], [ 1022.861143471265677, 256.772160358726978 ], [ 1031.991132395691238, 259.512522941455245 ], [ 1034.295598502678331, 251.82835715264082 ], [ 1007.007400045229588, 243.641521501354873 ], [ 1006.404964229906909, 245.639813162386417 ], [ 1004.343454815039877, 252.529108952730894 ], [ 1003.476722085673828, 255.410643545910716 ] ] ] } },
{ "type": "Feature", "properties": { "height": 20.0 }, "geometry": { "type": "Polygon", "coordinates": [ [ [ 736.760107050475199, 96.247823445126414 ], [ 737.622571347921621, 97.762802364304662 ], [ 755.854706557060126, 129.788994827307761 ], [ 757.389092919242103, 132.484760524705052 ], [ 796.359614497108851, 110.558861664496362 ], [ 775.74077917978866, 74.32208695448935 ], [ 736.760107050475199, 96.247823445126414 ] ] ] } },
{ "type": "Feature", "properties": { "height": 20.0 }, "geometry": { "type": "Polygon", "coordinates": [ [ [ 974.58441797120031, 827.937918820418417 ], [ 973.415995906747412, 836.342484769411385 ], [ 992.034600953513291, 838.781432803720236 ], [ 992.954477923864033, 830.717624933458865 ], [ 974.58441797120031, 827.937918820418417 ] ] ] } },
{ "type": "Feature", "properties": { "height": 5.0 }, "geometry": { "type": "Polygon", "coordinates": [ [ [ 780.469644334516488, 480.879224602133036 ], [ 783.76177102321526, 474.467711572535336 ], [ 785.967680603673216, 473.416137951426208 ], [ 788.480967940646224, 473.25367231760174 ], [ 790.893510389258154, 473.953976310789585 ], [ 792.920258709869813, 475.436603093519807 ], [ 794.318135109788273, 477.510792680084705 ], [ 794.915977446536999, 479.942225670441985 ], [ 794.645506583852693, 482.420117775909603 ], [ 793.529981205065269, 484.667847404256463 ], [ 791.715279012860265, 486.39897707477212 ], [ 789.417943754175212, 487.405315512791276 ], [ 786.904654020618182, 487.567781435325742 ], [ 784.492109428625554, 486.867476906627417 ], [ 782.465360217669513, 485.384849015623331 ], [ 781.067484588071238, 483.310658266767859 ], [ 780.469644334516488, 480.879224602133036 ] ] ] } },
{ "type": "Feature", "properties": { "height": 5.345 }, "geometry": { "type": "Polygon", "coordinates": [ [ [ 950.564694586500991, 392.345814436674118 ], [ 952.760689383081626, 393.254285351373255 ], [ 954.428206114855129, 394.921470848843455 ], [ 955.334942778747063, 397.101352142170072 ], [ 955.331174986378755, 399.460161931812763 ], [ 954.420535776705947, 401.643556512892246 ], [ 952.739257890323643, 403.309626121073961 ], [ 950.545170479861554, 404.206303035840392 ], [ 948.166314965637866, 404.204058047384024 ], [ 945.980527421517763, 403.295691216364503 ], [ 944.302915414213203, 401.617326842620969 ], [ 943.396180017793085, 399.437444804236293 ], [ 943.410158434358891, 397.078739603050053 ], [ 944.320685542945284, 394.906418861821294 ], [ 946.00196355645312, 393.24035020545125 ], [ 948.196163247688673, 392.33260079100728 ], [ 950.564694586500991, 392.345814436674118 ] ] ] } },
{ "type": "Feature", "properties": { "height": 5.03 }, "geometry": { "type": "Polygon", "coordinates": [ [ [ 780.608332247938961, 325.152235869318247 ], [ 781.702795876830351, 325.949755400419235 ], [ 781.913744710269384, 327.280850864946842 ], [ 781.116537301510107, 328.357959237881005 ], [ 779.776929321873467, 328.565694727003574 ], [ 778.692560557567049, 327.779353113844991 ], [ 778.481612003350165, 326.448257587850094 ], [ 779.278933203429915, 325.360076103359461 ], [ 780.608332247938961, 325.152235869318247 ] ] ] } },
{ "type": "Feature", "properties": { "height": 5.036 }, "geometry": { "type": "Polygon", "coordinates": [ [ [ 781.906399847124703, 321.034805295988917 ], [ 782.990654561144765, 321.832219943404198 ], [ 783.20160342293093, 323.163315391167998 ], [ 782.404396315512713, 324.240423821844161 ], [ 781.074997388874181, 324.44826421327889 ], [ 779.980420227569994, 323.661817874759436 ], [ 779.769471644947771, 322.3307223636657 ], [ 780.566792544152122, 321.242540821433067 ], [ 781.906399847124703, 321.034805295988917 ] ] ] } },
{ "type": "Feature", "properties": { "height": 5.039 }, "geometry": { "type": "Polygon", "coordinates": [ [ [ 783.05099598999368, 316.949022316373885 ], [ 784.145459093619138, 317.746541696600616 ], [ 784.356521651381627, 319.066563885658979 ], [ 783.559201153402682, 320.154745616018772 ], [ 782.219593964575324, 320.362481286749244 ], [ 781.135225721227471, 319.576139822602272 ], [ 780.924277121492196, 318.245044324547052 ], [ 781.721597730531357, 317.156862731091678 ], [ 783.05099598999368, 316.949022316373885 ] ] ] } },
{ "type": "Feature", "properties": { "height": 5.043 }, "geometry": { "type": "Polygon", "coordinates": [ [ [ 784.185269246227108, 312.874207706190646 ], [ 785.279845763870981, 313.660653771832585 ], [ 785.490794658777304, 314.991749195381999 ], [ 784.693474447645713, 316.079930976033211 ], [ 783.353867649333552, 316.287666732445359 ], [ 782.269613350566942, 315.490252085961401 ], [ 782.058664734184276, 314.159156600944698 ], [ 782.855871376406867, 313.082048205658793 ], [ 784.185269246227108, 312.874207706190646 ] ] ] } },
{ "type": "Feature", "properties": { "height": 5.049 }, "geometry": { "type": "Polygon", "coordinates": [ [ [ 785.513506212213542, 308.801384270191193 ], [ 786.607968796335626, 309.598903501406312 ], [ 786.808709077420644, 310.92989410739392 ], [ 786.021711493143812, 312.00710750091821 ], [ 784.682105089828838, 312.214843356981874 ], [ 783.587528715259396, 311.428397238254547 ], [ 783.386788713920396, 310.097406573593616 ], [ 784.173900088469964, 309.009120065718889 ], [ 785.513506212213542, 308.801384270191193 ] ] ] } },
{ "type": "Feature", "properties": { "height": 5.0 }, "geometry": { "type": "Polygon", "coordinates": [ [ [ 597.126255866489373, 793.321205537766218 ], [ 596.134097392729018, 795.481595246121287 ], [ 598.390138162241783, 796.512552028521895 ], [ 599.382296352472622, 794.35216218419373 ], [ 597.126255866489373, 793.321205537766218 ] ] ] } },
{ "type": "Feature", "properties": { "height": 5.145 }, "geometry": { "type": "Polygon", "coordinates": [ [ [ 996.982661883579567, 401.880591321736574 ], [ 987.280948055209592, 407.096848020330071 ], [ 989.485088378831279, 411.19482496380806 ], [ 999.186690420086961, 405.98963996488601 ], [ 996.982661883579567, 401.880591321736574 ] ] ] } },
{ "type": "Feature", "properties": { "height": 7.262 }, "geometry": { "type": "Polygon", "coordinates": [ [ [ 780.469644334516488, 480.879224602133036 ], [ 783.76177102321526, 474.467711572535336 ], [ 766.079607010877226, 465.393431467935443 ], [ 762.777265305921901, 471.804836085066199 ], [ 780.469644334516488, 480.879224602133036 ] ] ] } },
{ "type": "Feature", "properties": { "height": 5.0 }, "geometry": { "type": "Polygon", "coordinates": [ [ [ 798.65411933750147, 561.37752222456038 ], [ 796.733634757925756, 571.424450002610683 ], [ 817.235839993983973, 575.333725584670901 ], [ 819.146101822901983, 565.286691127344966 ], [ 798.65411933750147, 561.37752222456038 ] ] ] } },
{ "type": "Feature", "properties": { "height": 5.0 }, "geometry": { "type": "Polygon", "coordinates": [ [ [ 799.188577483699191, 546.111394751816988 ], [ 798.48283010564046, 556.181865231133997 ], [ 802.523021389497444, 556.46697048842907 ], [ 802.546962279360741, 556.123909467831254 ], [ 814.351176668424159, 556.964897294528782 ], [ 814.888306096894667, 549.395513033494353 ], [ 810.021771223226096, 549.046558026224375 ], [ 810.094275252486113, 547.950935486704111 ], [ 806.809083739703055, 547.717878799885511 ], [ 806.881247059616726, 546.655475993640721 ], [ 799.188577483699191, 546.111394751816988 ] ] ] } },
{ "type": "Feature", "properties": { "height": 5.0 }, "geometry": { "type": "Polygon", "coordinates": [ [ [ 799.108450055413414, 526.065887467935681 ], [ 798.966768574726302, 531.91172256320715 ], [ 804.172461181355175, 532.042674449272454 ], [ 804.314140578790102, 526.196839416399598 ], [ 799.108450055413414, 526.065887467935681 ] ] ] } },
{ "type": "Feature", "properties": { "height": 5.0 }, "geometry": { "type": "Polygon", "coordinates": [ [ [ 743.622913848375902, 522.583699341863394 ], [ 743.206757854495663, 526.322578331455588 ], [ 768.570688375039026, 529.052586503326893 ], [ 769.134671702457126, 523.842327897436917 ], [ 765.973128061683383, 523.499786918982863 ], [ 765.814971433312166, 524.982134597375989 ], [ 743.622913848375902, 522.583699341863394 ] ] ] } },
{ "type": "Feature", "properties": { "height": 5.0 }, "geometry": { "type": "Polygon", "coordinates": [ [ [ 806.071757737197913, 214.713779266923666 ], [ 801.847375043376815, 228.402690483257174 ], [ 810.31500535592204, 231.014577246271074 ], [ 807.706416071800049, 239.47080263774842 ], [ 814.128376941313036, 241.45259530749172 ], [ 820.961332209350076, 219.307454215362668 ], [ 806.071757737197913, 214.713779266923666 ] ] ] } },
{ "type": "Feature", "properties": { "height": 6.302 }, "geometry": { "type": "Polygon", "coordinates": [ [ [ 610.449060497165192, 916.660997962579131 ], [ 609.737662318686489, 918.325924873352051 ], [ 611.516741328116041, 919.075116854161024 ], [ 612.217930251965299, 917.410084967501462 ], [ 610.449060497165192, 916.660997962579131 ] ] ] } },
{ "type": "Feature", "properties": { "height": 5.0 }, "geometry": { "type": "Polygon", "coordinates": [ [ [ 805.140519272594247, 261.670814900659025 ], [ 803.671508843603078, 266.528478140942752 ], [ 806.775815960660111, 267.468445486389101 ], [ 808.254920359118842, 262.621960027143359 ], [ 805.140519272594247, 261.670814900659025 ] ] ] } },
{ "type": "Feature", "properties": { "height": 5.0 }, "geometry": { "type": "Polygon", "coordinates": [ [ [ 825.958322488993872, 241.751208226196468 ], [ 824.30975083616795, 247.19397409260273 ], [ 826.294745466671884, 247.768067971803248 ], [ 827.231209176301491, 248.043465293943882 ], [ 828.869230250187684, 242.633814126253128 ], [ 825.958322488993872, 241.751208226196468 ] ] ] } },
{ "type": "Feature", "properties": { "height": 5.0 }, "geometry": { "type": "Polygon", "coordinates": [ [ [ 830.50473984668497, 226.526253068819642 ], [ 828.687037642404903, 232.532078589312732 ], [ 831.648759319854435, 233.437354408204556 ], [ 833.466574015619699, 227.420455338433385 ], [ 830.50473984668497, 226.526253068819642 ] ] ] } },
{ "type": "Feature", "properties": { "height": 5.0 }, "geometry": { "type": "Polygon", "coordinates": [ [ [ 822.196929038211238, 207.348694050684571 ], [ 821.49849984474713, 209.744673382490873 ], [ 827.636313493247144, 211.557428211905062 ], [ 828.344950302271172, 209.161553418263793 ], [ 822.196929038211238, 207.348694050684571 ] ] ] } },
{ "type": "Feature", "properties": { "height": 5.0 }, "geometry": { "type": "Polygon", "coordinates": [ [ [ 984.622152162017301, 239.214828751981258 ], [ 981.674273703072686, 248.907933536916971 ], [ 988.686766677361447, 251.050744216889143 ], [ 991.634640726901125, 241.357638273388147 ], [ 984.622152162017301, 239.214828751981258 ] ] ] } },
{ "type": "Feature", "properties": { "height": 5.0 }, "geometry": { "type": "Polygon", "coordinates": [ [ [ 996.484781014558394, 250.26688698027283 ], [ 995.64912669401383, 253.104442197829485 ], [ 998.478830101259518, 253.941883457824588 ], [ 999.324692495458294, 251.104432761669159 ], [ 996.484781014558394, 250.26688698027283 ] ] ] } },
{ "type": "Feature", "properties": { "height": 5.0 }, "geometry": { "type": "Polygon", "coordinates": [ [ [ 1003.476722085673828, 255.410643545910716 ], [ 1004.343454815039877, 252.529108952730894 ], [ 1001.656444750435185, 251.715280465781689 ], [ 1000.789484483364504, 254.618961412459612 ], [ 1003.476722085673828, 255.410643545910716 ] ] ] } },
{ "type": "Feature", "properties": { "height": 5.0 }, "geometry": { "type": "Polygon", "coordinates": [ [ [ 991.65640766674187, 166.539170620031655 ], [ 990.441668433428276, 170.502428503707051 ], [ 1000.965172963275108, 173.74437559209764 ], [ 1002.17990949441446, 169.781116990372539 ], [ 991.65640766674187, 166.539170620031655 ] ] ] } },
{ "type": "Feature", "properties": { "height": 5.0 }, "geometry": { "type": "Polygon", "coordinates": [ [ [ 904.595900467887986, 116.088324110955 ], [ 866.826441083860118, 123.463971780613065 ], [ 867.456929436943028, 126.693095779046416 ], [ 869.872728017217014, 139.010483613237739 ], [ 907.642224873241503, 131.63482612837106 ], [ 905.284807731106412, 119.594905594363809 ], [ 904.595900467887986, 116.088324110955 ] ] ] } },
{ "type": "Feature", "properties": { "height": 5.0 }, "geometry": { "type": "Polygon", "coordinates": [ [ [ 638.571515166840982, 991.835123769938946 ], [ 637.719121243164409, 997.286052795127034 ], [ 640.022972239763476, 997.641952680423856 ], [ 640.865042425924912, 992.201991936191916 ], [ 638.571515166840982, 991.835123769938946 ] ] ] } },
{ "type": "Feature", "properties": { "height": 5.0 }, "geometry": { "type": "Polygon", "coordinates": [ [ [ 656.411929228459485, 1001.464862217195332 ], [ 655.766168412170373, 1004.691957462579012 ], [ 657.060112584440503, 1004.959960056468844 ], [ 657.705986861081328, 1001.721791525371373 ], [ 656.411929228459485, 1001.464862217195332 ] ] ] } },
{ "type": "Feature", "properties": { "height": 7.162 }, "geometry": { "type": "Polygon", "coordinates": [ [ [ 583.75430465611862, 925.135466061532497 ], [ 584.656100068998057, 928.788216986693442 ], [ 588.453684880689252, 927.852695683017373 ], [ 587.797101457777899, 925.177013712003827 ], [ 587.502891564450692, 924.000102002173662 ], [ 583.705307656957302, 924.935623011551797 ], [ 583.75430465611862, 925.135466061532497 ] ] ] } },
{ "type": "Feature", "properties": { "height": 5.0 }, "geometry": { "type": "Polygon", "coordinates": [ [ [ 650.925498524040449, 994.852453439496458 ], [ 648.221163082111161, 1008.634466303512454 ], [ 654.049643497506622, 1009.779629589058459 ], [ 656.753973516286351, 995.997615952044725 ], [ 650.925498524040449, 994.852453439496458 ] ] ] } },
{ "type": "Feature", "properties": { "height": 5.0 }, "geometry": { "type": "Polygon", "coordinates": [ [ [ 672.045329591201153, 1047.041597309522331 ], [ 669.83170753280865, 1048.835065476596355 ], [ 671.35407147713704, 1050.722276538610458 ], [ 671.045180703687947, 1050.973815504461527 ], [ 672.557335869583767, 1052.860921561717987 ], [ 674.98705653619254, 1050.903556214645505 ], [ 674.714820798544679, 1050.568527944386005 ], [ 674.951678700454067, 1050.37162115983665 ], [ 672.045329591201153, 1047.041597309522331 ] ] ] } },
{ "type": "Feature", "properties": { "height": 20.0 }, "geometry": { "type": "Polygon", "coordinates": [ [ [ 399.219315711117815, 897.999201957136393 ], [ 408.383616037142929, 929.190485000610352 ], [ 449.582248996885028, 917.222042134031653 ], [ 440.417872016492765, 886.03078880161047 ], [ 399.219315711117815, 897.999201957136393 ] ] ] } },
{ "type": "Feature", "properties": { "height": 20.0 }, "geometry": { "type": "Polygon", "coordinates": [ [ [ 451.632430553145241, 961.097846213728189 ], [ 452.79242737282766, 963.468629889190197 ], [ 454.703271000122186, 965.30448975879699 ], [ 457.132429682882503, 966.381545362994075 ], [ 459.785319352115039, 966.552799066528678 ], [ 462.33513391361339, 965.825963940471411 ], [ 464.485011378012132, 964.275507775135338 ], [ 465.967578505806159, 962.0869460105896 ], [ 466.606547239993233, 959.524251852184534 ], [ 466.327265365223866, 956.8967414079234 ], [ 461.14757827174617, 941.317127203568816 ], [ 459.977373070199974, 938.946239102631807 ], [ 458.066532513534185, 937.110379714518785 ], [ 455.637264890538063, 936.044397220015526 ], [ 452.984494672680739, 935.862069204449654 ], [ 450.434684645792004, 936.588902469724417 ], [ 448.294904597220011, 938.150534747168422 ], [ 446.812336867849808, 940.339094796217978 ], [ 446.173365199123509, 942.901788288727403 ], [ 446.452643027878366, 945.5292993709445 ], [ 451.632430553145241, 961.097846213728189 ] ] ] } },
{ "type": "Feature", "properties": { "height": 5.0 }, "geometry": { "type": "Polygon", "coordinates": [ [ [ 349.500127976934891, 892.625841982662678 ], [ 349.868289271311369, 893.559883557260036 ], [ 350.23645061586285, 894.493925120681524 ], [ 350.810552106995601, 894.267271435819566 ], [ 351.384653579734731, 894.040617730468512 ], [ 352.143316133238841, 893.738342701457441 ], [ 351.406993302574847, 891.870259668678045 ], [ 350.668862941209227, 892.161671567708254 ], [ 350.08443847973831, 892.399293413385749 ], [ 349.500127976934891, 892.625841982662678 ] ] ] } },
{ "type": "Feature", "properties": { "height": 5.0 }, "geometry": { "type": "Polygon", "coordinates": [ [ [ 218.520763941982295, 441.090069722384214 ], [ 200.456903995422181, 441.346902983263135 ], [ 200.529427014524117, 446.198255952447653 ], [ 216.540989357221406, 445.953498205170035 ], [ 218.520763941982295, 441.090069722384214 ] ] ] } },
{ "type": "Feature", "properties": { "height": 5.0 }, "geometry": { "type": "Polygon", "coordinates": [ [ [ 215.465451904514339, 389.817145480774343 ], [ 215.459510936925653, 392.375280354171991 ], [ 214.571351839869749, 392.366128196939826 ], [ 214.537150722520892, 402.620708983391523 ], [ 215.190623702190351, 402.616368318907917 ], [ 215.179540765529964, 407.655125126242638 ], [ 220.417078653001226, 407.664796927943826 ], [ 220.457859943853691, 389.835366151295602 ], [ 215.465451904514339, 389.817145480774343 ] ] ] } },
{ "type": "Feature", "properties": { "height": 5.0 }, "geometry": { "type": "Polygon", "coordinates": [ [ [ 215.022037787130103, 449.69208197761327 ], [ 209.456320855708327, 449.822995156049728 ], [ 204.439027408196125, 463.115994445979595 ], [ 205.838314239343163, 463.063967444002628 ], [ 205.207986603665631, 464.785084808245301 ], [ 206.443704951205291, 464.753521048463881 ], [ 208.7620099701453, 464.688815236091614 ], [ 209.314774822501931, 462.568218597210944 ], [ 209.82601229037391, 462.495965655893087 ], [ 209.941161467228085, 462.220291197299957 ], [ 215.022037787130103, 449.69208197761327 ] ] ] } },
{ "type": "Feature", "properties": { "height": 5.0 }, "geometry": { "type": "Polygon", "coordinates": [ [ [ 132.152096433273982, 607.811570388264954 ], [ 132.15219406428514, 609.782822271808982 ], [ 132.683169986063149, 609.777221825905144 ], [ 135.041649582854006, 609.779387012124062 ], [ 135.041437406442128, 607.819208415225148 ], [ 133.387484911887441, 607.813231932930648 ], [ 132.152096433273982, 607.811570388264954 ] ] ] } },
{ "type": "Feature", "properties": { "height": 5.0 }, "geometry": { "type": "Polygon", "coordinates": [ [ [ 540.837457670189906, 893.69704342354089 ], [ 540.612713984213769, 897.681523978710175 ], [ 541.592328923055902, 897.735892224125564 ], [ 542.571943864983041, 897.790260404348373 ], [ 542.786364120489452, 893.816748147830367 ], [ 540.837457670189906, 893.69704342354089 ] ] ] } },
{ "type": "Feature", "properties": { "height": 5.0 }, "geometry": { "type": "Polygon", "coordinates": [ [ [ 69.796105656248983, 299.332150142639875 ], [ 45.350856697477866, 302.601653365418315 ], [ 46.365772595861927, 311.106228027492762 ], [ 42.522741161345039, 311.509558891877532 ], [ 42.590857245668303, 313.81374753639102 ], [ 52.159201365720946, 312.649971310049295 ], [ 71.321783693914767, 309.791093891486526 ], [ 69.796105656248983, 299.332150142639875 ] ] ] } },
{ "type": "Feature", "properties": { "height": 5.0 }, "geometry": { "type": "Polygon", "coordinates": [ [ [ 570.714673490787391, 912.343391451984644 ], [ 570.673723381187301, 912.354044983163476 ], [ 568.902090483985376, 912.867408001795411 ], [ 569.718373036186676, 915.899113886989653 ], [ 571.490006257663481, 915.385750751942396 ], [ 571.582229377527256, 915.353475365787745 ], [ 570.714673490787391, 912.343391451984644 ] ] ] } },
{ "type": "Feature", "properties": { "height": 5.0 }, "geometry": { "type": "Polygon", "coordinates": [ [ [ 135.369946846214589, 197.66942327003926 ], [ 130.662301361793652, 197.764850102365017 ], [ 130.728950010263361, 205.163269024342299 ], [ 135.35574853932485, 203.007161013782024 ], [ 135.356776119500864, 202.907501573674381 ], [ 135.369946846214589, 197.66942327003926 ] ] ] } },
{ "type": "Feature", "properties": { "height": 5.0 }, "geometry": { "type": "Polygon", "coordinates": [ [ [ 73.233889428258408, 309.511806635186076 ], [ 81.537037005356979, 308.268514692783356 ], [ 78.504074721306097, 288.535785652697086 ], [ 70.289046493591741, 290.145441010594368 ], [ 73.233889428258408, 309.511806635186076 ] ] ] } },
{ "type": "Feature", "properties": { "height": 5.0 }, "geometry": { "type": "Polygon", "coordinates": [ [ [ 52.159201365720946, 312.649971310049295 ], [ 48.245541197655257, 321.878912625834346 ], [ 57.579775552556384, 320.646270697005093 ], [ 57.165433435642626, 317.264289004728198 ], [ 71.940160319209099, 315.168580586090684 ], [ 71.708287173009012, 313.89262711815536 ], [ 76.810183019260876, 313.192188534885645 ], [ 80.714623309730086, 339.501054095104337 ], [ 82.636712897394318, 339.244017256423831 ], [ 86.225331886729691, 338.760530415922403 ], [ 81.728533024841454, 309.499753711745143 ], [ 81.537037005356979, 308.268514692783356 ], [ 73.233889428258408, 309.511806635186076 ], [ 71.321783693914767, 309.791093891486526 ], [ 52.159201365720946, 312.649971310049295 ] ] ] } },
{ "type": "Feature", "properties": { "height": 5.0 }, "geometry": { "type": "Polygon", "coordinates": [ [ [ 92.812932497414295, 336.558209291659296 ], [ 90.808602980687283, 336.86977150849998 ], [ 91.038308439892717, 338.356116676703095 ], [ 93.113185387453996, 338.133877575397491 ], [ 92.812932497414295, 336.558209291659296 ] ] ] } },
{ "type": "Feature", "properties": { "height": 5.0 }, "geometry": { "type": "Polygon", "coordinates": [ [ [ 112.440582999086473, 317.313890155404806 ], [ 107.062825567263644, 318.033645248040557 ], [ 107.557706682186108, 321.5271998019889 ], [ 110.061916354054119, 321.254013624042273 ], [ 110.08831740525784, 321.664040453732014 ], [ 112.729532915749587, 319.985811754129827 ], [ 112.440582999086473, 317.313890155404806 ] ] ] } },
{ "type": "Feature", "properties": { "height": 5.0 }, "geometry": { "type": "Polygon", "coordinates": [ [ [ 97.374969985859934, 243.66848118416965 ], [ 95.939798630017322, 246.211877612397075 ], [ 98.420723583200015, 246.215315314941108 ], [ 101.440497408562806, 268.218166142702103 ], [ 106.949464968929533, 267.643735187128186 ], [ 104.948099922447, 249.848604972474277 ], [ 104.208994390268344, 243.307057609781623 ], [ 97.759655471600126, 242.996907135471702 ], [ 97.374969985859934, 243.66848118416965 ] ] ] } },
{ "type": "Feature", "properties": { "height": 5.0 }, "geometry": { "type": "Polygon", "coordinates": [ [ [ 91.711363886308391, 251.317886603996158 ], [ 82.53961604059441, 268.477282671257854 ], [ 86.903064818063285, 271.069411117583513 ], [ 96.439807106857188, 254.157414810732007 ], [ 91.711363886308391, 251.317886603996158 ] ] ] } },
{ "type": "Feature", "properties": { "height": 5.0 }, "geometry": { "type": "Polygon", "coordinates": [ [ [ 135.231226150586735, 244.789769820868969 ], [ 135.245765916537493, 239.418812518939376 ], [ 97.588398196327034, 237.823372878134251 ], [ 94.932970021560322, 236.921104756183922 ], [ 94.952238994243089, 241.98232708312571 ], [ 97.374969985859934, 243.66848118416965 ], [ 97.759655471600126, 242.996907135471702 ], [ 104.208994390268344, 243.307057609781623 ], [ 125.842830316803884, 244.34965761192143 ], [ 135.231226150586735, 244.789769820868969 ] ] ] } },
{ "type": "Feature", "properties": { "height": 5.0 }, "geometry": { "type": "Polygon", "coordinates": [ [ [ 100.56775593868224, 198.406909191049635 ], [ 95.369868314475752, 198.519417584873736 ], [ 95.393387653108221, 201.188602699898183 ], [ 94.801174853928387, 201.193569260649383 ], [ 94.924271431576926, 234.794720657169819 ], [ 100.686709243746009, 231.421071233227849 ], [ 100.56775593868224, 198.406909191049635 ] ] ] } },
{ "type": "Feature", "properties": { "height": 5.0 }, "geometry": { "type": "Polygon", "coordinates": [ [ [ 116.30433792230906, 198.070846792310476 ], [ 113.935144888411742, 198.123936062678695 ], [ 113.954351472202688, 199.231579078361392 ], [ 108.736046778212767, 199.34388167783618 ], [ 108.793049245898146, 201.73655067011714 ], [ 114.001146194816101, 201.624142730608582 ], [ 114.034489457902964, 203.341026241891086 ], [ 116.413891929783858, 203.288042183034122 ], [ 116.30433792230906, 198.070846792310476 ] ] ] } },
{ "type": "Feature", "properties": { "height": 5.0 }, "geometry": { "type": "Polygon", "coordinates": [ [ [ 125.559462947887369, 253.018028687685728 ], [ 118.880437770392746, 254.189495543017983 ], [ 118.726234503032174, 253.301949543878436 ], [ 114.225758069136646, 254.097198814153671 ], [ 114.16827451356221, 253.731149228289723 ], [ 111.600997564208228, 254.18087618984282 ], [ 112.604001659608912, 259.883486120030284 ], [ 115.109913547930773, 259.444200572557747 ], [ 115.033040360780433, 258.978281009942293 ], [ 119.543726849893574, 258.183136684820056 ], [ 119.794079001818318, 259.64754544198513 ], [ 126.513941076176707, 258.476499102078378 ], [ 125.559462947887369, 253.018028687685728 ] ] ] } },
{ "type": "Feature", "properties": { "height": 5.0 }, "geometry": { "type": "Polygon", "coordinates": [ [ [ 104.948099922447, 249.848604972474277 ], [ 126.422214601829182, 249.549548078328371 ], [ 125.842830316803884, 244.34965761192143 ], [ 104.208994390268344, 243.307057609781623 ], [ 104.948099922447, 249.848604972474277 ] ] ] } },
{ "type": "Feature", "properties": { "height": 5.0 }, "geometry": { "type": "Polygon", "coordinates": [ [ [ 92.814133221283555, 322.582267310470343 ], [ 88.693068160384428, 323.215306377969682 ], [ 89.831955709785689, 330.591560892760754 ], [ 93.963345639058389, 329.947553412057459 ], [ 92.814133221283555, 322.582267310470343 ] ] ] } },
{ "type": "Feature", "properties": { "height": 5.0 }, "geometry": { "type": "Polygon", "coordinates": [ [ [ 119.969093551335391, 303.072261134162545 ], [ 115.101889396086335, 303.786208950914443 ], [ 116.799252815369982, 315.420807634480298 ], [ 121.646157506562304, 314.695575255900621 ], [ 121.384064203943126, 312.389387616887689 ], [ 120.85348377173068, 308.397115427069366 ], [ 119.969093551335391, 303.072261134162545 ] ] ] } },
{ "type": "Feature", "properties": { "height": 5.0 }, "geometry": { "type": "Polygon", "coordinates": [ [ [ 121.384064203943126, 312.389387616887689 ], [ 123.789932412153576, 313.732054503634572 ], [ 124.094936662877444, 313.857018386945128 ], [ 125.061013318540063, 312.250110434368253 ], [ 125.756983030587435, 311.094469676725566 ], [ 126.401110042119399, 310.01581547036767 ], [ 125.258397634548601, 306.969634248875082 ], [ 123.542131955677178, 308.059382243081927 ], [ 120.85348377173068, 308.397115427069366 ], [ 121.384064203943126, 312.389387616887689 ] ] ] } },
{ "type": "Feature", "properties": { "height": 5.0 }, "geometry": { "type": "Polygon", "coordinates": [ [ [ 126.401110042119399, 310.01581547036767 ], [ 128.599762196245138, 307.690702896565199 ], [ 132.770722104294691, 307.168911903165281 ], [ 132.480513084854465, 304.61879681609571 ], [ 130.682303393958136, 304.744223788380623 ], [ 130.488197257567663, 301.785344974137843 ], [ 123.717957751010545, 302.889428202062845 ], [ 125.258397634548601, 306.969634248875082 ], [ 126.401110042119399, 310.01581547036767 ] ] ] } },
{ "type": "Feature", "properties": { "height": 5.0 }, "geometry": { "type": "Polygon", "coordinates": [ [ [ 150.584931695950218, 304.373550746589899 ], [ 150.646688846580219, 305.315515360794961 ], [ 149.021455910697114, 305.498100100085139 ], [ 149.160430074029136, 306.87276420276612 ], [ 150.794616078957915, 306.812090648338199 ], [ 150.826203894626815, 307.709446446038783 ], [ 151.70277950016316, 307.851376737467945 ], [ 153.832966558111366, 308.20557077601552 ], [ 153.613138404965866, 304.77022622898221 ], [ 150.584931695950218, 304.373550746589899 ] ] ] } },
{ "type": "Feature", "properties": { "height": 5.0 }, "geometry": { "type": "Polygon", "coordinates": [ [ [ 172.956806469184812, 311.082725247368217 ], [ 173.265435583190992, 314.817994540557265 ], [ 173.433668488170952, 316.325853178277612 ], [ 180.508304064685944, 321.349052237346768 ], [ 184.978424542525318, 325.481596426106989 ], [ 184.529583644412924, 316.528819140978158 ], [ 172.956806469184812, 311.082725247368217 ] ] ] } },
{ "type": "Feature", "properties": { "height": 5.0 }, "geometry": { "type": "Polygon", "coordinates": [ [ [ 183.362357955949847, 301.001491512171924 ], [ 178.955384859640617, 304.610634109936655 ], [ 179.258257916779257, 307.913940535858274 ], [ 183.557780912320595, 304.824189195409417 ], [ 183.362357955949847, 301.001491512171924 ] ] ] } },
{ "type": "Feature", "properties": { "height": 5.0 }, "geometry": { "type": "Polygon", "coordinates": [ [ [ 183.067258233146276, 294.962877448648214 ], [ 177.992272380448412, 298.997037645429373 ], [ 178.671559665410314, 301.44041733071208 ], [ 183.210217316867784, 297.932302167639136 ], [ 183.067258233146276, 294.962877448648214 ] ] ] } },
{ "type": "Feature", "properties": { "height": 5.0 }, "geometry": { "type": "Polygon", "coordinates": [ [ [ 181.974733417271636, 273.179257560521364 ], [ 177.297663263103459, 277.239667517133057 ], [ 178.086222159850877, 287.901412058621645 ], [ 178.03138516790932, 292.230954870581627 ], [ 178.171832114283461, 295.443991614505649 ], [ 182.91454713785788, 291.949054414406419 ], [ 181.974733417271636, 273.179257560521364 ] ] ] } },
{ "type": "Feature", "properties": { "height": 5.0 }, "geometry": { "type": "Polygon", "coordinates": [ [ [ 184.85577153909253, 233.374173616990447 ], [ 177.105377737258095, 233.493625180795789 ], [ 177.140719113172963, 236.0078887026757 ], [ 181.756269766308833, 235.933645777404308 ], [ 181.791726116149221, 238.436835967004299 ], [ 184.926571127201896, 238.391627199947834 ], [ 184.85577153909253, 233.374173616990447 ] ] ] } },
{ "type": "Feature", "properties": { "height": 5.0 }, "geometry": { "type": "Polygon", "coordinates": [ [ [ 203.497781690384727, 234.452267969027162 ], [ 188.047352414985653, 234.758152509108186 ], [ 188.06101023912197, 239.376336995512247 ], [ 203.497013238782529, 239.480057898908854 ], [ 203.497781690384727, 234.452267969027162 ] ] ] } },
{ "type": "Feature", "properties": { "height": 5.0 }, "geometry": { "type": "Polygon", "coordinates": [ [ [ 135.356776119500864, 202.907501573674381 ], [ 138.685006779327523, 202.919669406488538 ], [ 138.637723973661195, 197.603446720167994 ], [ 135.369946846214589, 197.66942327003926 ], [ 135.356776119500864, 202.907501573674381 ] ] ] } },
{ "type": "Feature", "properties": { "height": 5.0 }, "geometry": { "type": "Polygon", "coordinates": [ [ [ 180.763961122429464, 247.020011968910694 ], [ 180.832380713371094, 241.372749947942793 ], [ 170.81852218270069, 241.192006153985858 ], [ 170.834963829838671, 246.530058664269745 ], [ 175.804623830714263, 246.769552143290639 ], [ 180.763961122429464, 247.020011968910694 ] ] ] } },
{ "type": "Feature", "properties": { "height": 5.0 }, "geometry": { "type": "Polygon", "coordinates": [ [ [ 170.673148864356335, 196.859498468227684 ], [ 164.433074447733816, 197.049883419647813 ], [ 164.391685545619112, 202.055106794461608 ], [ 170.692557061265688, 201.909646237269044 ], [ 170.673148864356335, 196.859498468227684 ] ] ] } },
{ "type": "Feature", "properties": { "height": 5.0 }, "geometry": { "type": "Polygon", "coordinates": [ [ [ 170.736088031844702, 214.523889641277492 ], [ 166.08072084345622, 216.480374146252871 ], [ 166.17158824892249, 221.531258556991816 ], [ 170.745402274944354, 219.562858801335096 ], [ 170.736088031844702, 214.523889641277492 ] ] ] } },
{ "type": "Feature", "properties": { "height": 5.0 }, "geometry": { "type": "Polygon", "coordinates": [ [ [ 140.143399062159006, 204.064300073310733 ], [ 135.342027262609918, 206.318279596976936 ], [ 135.324518095410895, 211.977142148651183 ], [ 140.185202374996152, 209.912039686925709 ], [ 140.143399062159006, 204.064300073310733 ] ] ] } },
{ "type": "Feature", "properties": { "height": 5.0 }, "geometry": { "type": "Polygon", "coordinates": [ [ [ 149.459395316254813, 204.592253929935396 ], [ 149.492388967250008, 201.392078707925975 ], [ 153.259702805313282, 201.397695725783706 ], [ 153.262214371585287, 201.154083773493767 ], [ 153.251014018023852, 197.288986100815237 ], [ 143.059528610610869, 197.505070196464658 ], [ 143.048168159963097, 204.548302019014955 ], [ 149.459395316254813, 204.592253929935396 ] ] ] } },
{ "type": "Feature", "properties": { "height": 5.0 }, "geometry": { "type": "Polygon", "coordinates": [ [ [ 124.822352866118308, 267.074977203272283 ], [ 128.317361851630267, 266.756632719188929 ], [ 127.999840182543267, 263.885076702572405 ], [ 124.268777172372211, 264.322805951349437 ], [ 124.488093859457877, 266.816818231716752 ], [ 124.784601172606926, 266.775577834807336 ], [ 124.822352866118308, 267.074977203272283 ] ] ] } },
{ "type": "Feature", "properties": { "height": 5.0 }, "geometry": { "type": "Polygon", "coordinates": [ [ [ 191.851915496459696, 189.547181989997625 ], [ 187.009773395955563, 192.78638313524425 ], [ 187.334441611892544, 202.889624302275479 ], [ 192.308195425139274, 202.730475291609764 ], [ 191.851915496459696, 189.547181989997625 ] ] ] } },
{ "type": "Feature", "properties": { "height": 5.0 }, "geometry": { "type": "Polygon", "coordinates": [ [ [ 192.968277855368797, 175.339099960401654 ], [ 191.087870389863383, 180.46933567430824 ], [ 193.98510304687079, 181.68416347168386 ], [ 195.599065801652614, 203.395637400448322 ], [ 200.511111446248833, 203.280147364363074 ], [ 199.821841054887045, 191.899588077329099 ], [ 199.24559089174727, 183.421698125079274 ], [ 198.837968072562944, 177.404072945937514 ], [ 198.492131911858451, 177.27868961263448 ], [ 192.968277855368797, 175.339099960401654 ] ] ] } },
{ "type": "Feature", "properties": { "height": 5.0 }, "geometry": { "type": "Polygon", "coordinates": [ [ [ 181.221391613944434, 258.11024690978229 ], [ 176.363994537037797, 261.836564252153039 ], [ 176.791117279033642, 267.942986454814672 ], [ 181.525099400139879, 264.303992338478565 ], [ 181.221391613944434, 258.11024690978229 ] ] ] } },
{ "type": "Feature", "properties": { "height": 5.0 }, "geometry": { "type": "Polygon", "coordinates": [ [ [ 189.174920006596949, 976.380749072879553 ], [ 189.541650141647551, 976.46204883325845 ], [ 189.966559442167636, 974.86063386965543 ], [ 190.603523907542694, 972.497267813421786 ], [ 187.600159454799723, 971.657887846231461 ], [ 180.666682762617711, 969.748087706044316 ], [ 179.563171145797241, 973.78996017575264 ], [ 189.174920006596949, 976.380749072879553 ] ] ] } },
{ "type": "Feature", "properties": { "height": 5.0 }, "geometry": { "type": "Polygon", "coordinates": [ [ [ 204.857400907378178, 978.402835033833981 ], [ 207.962630715453997, 979.265409642830491 ], [ 208.440979419683572, 977.431981708854437 ], [ 204.755426587478723, 976.408386181108654 ], [ 204.256659168342594, 978.241603653877974 ], [ 204.857400907378178, 978.402835033833981 ] ] ] } },
{ "type": "Feature", "properties": { "height": 5.0 }, "geometry": { "type": "Polygon", "coordinates": [ [ [ 202.766112908313517, 986.155542053282261 ], [ 204.857400907378178, 978.402835033833981 ], [ 204.256659168342594, 978.241603653877974 ], [ 191.162511187896598, 974.728988967835903 ], [ 191.045875104202423, 975.148615729063749 ], [ 189.966559442167636, 974.86063386965543 ], [ 189.541650141647551, 976.46204883325845 ], [ 189.174920006596949, 976.380749072879553 ], [ 187.678155081637669, 981.924693215638399 ], [ 190.437186947499868, 982.695108881220222 ], [ 198.154264604847413, 984.856615046039224 ], [ 202.766112908313517, 986.155542053282261 ] ] ] } },
{ "type": "Feature", "properties": { "height": 5.0 }, "geometry": { "type": "Polygon", "coordinates": [ [ [ 187.600159454799723, 971.657887846231461 ], [ 187.844667789060622, 970.719080220907927 ], [ 193.180104071914684, 972.147285178303719 ], [ 194.071784958767239, 968.845216490328312 ], [ 195.700909961538855, 969.282830646261573 ], [ 198.148535704531241, 968.566062154248357 ], [ 197.087006493413355, 972.497623834758997 ], [ 205.751931498351041, 974.823934299871325 ], [ 207.48275867087068, 968.363222127780318 ], [ 202.564870142028667, 967.038994261063635 ], [ 203.010880570975132, 965.37134980596602 ], [ 187.838875497691333, 961.372196861542761 ], [ 183.256636630452704, 960.173239554278553 ], [ 182.046699103142601, 964.634844089858234 ], [ 180.666682762617711, 969.748087706044316 ], [ 187.600159454799723, 971.657887846231461 ] ] ] } },
{ "type": "Feature", "properties": { "height": 5.0 }, "geometry": { "type": "Polygon", "coordinates": [ [ [ 196.193720448238309, 953.163530480116606 ], [ 195.132305601087864, 957.084018796682358 ], [ 194.68424525874434, 956.968657849356532 ], [ 193.611936114670243, 960.955480445176363 ], [ 197.949499180482235, 962.118690175935626 ], [ 198.023587132862303, 961.864741515368223 ], [ 199.469517659395933, 962.245095619931817 ], [ 199.352767801319715, 962.675795694813132 ], [ 208.445329571899492, 965.117255300283432 ], [ 209.825335731904488, 960.004009591415524 ], [ 213.236265042447485, 960.925104964524508 ], [ 214.022199115424883, 957.976327827200294 ], [ 207.220760440221056, 956.134346914477646 ], [ 206.870397563150618, 957.437520546838641 ], [ 202.013539356878027, 956.136069882661104 ], [ 202.374111768498551, 954.833001527935266 ], [ 198.57626477262238, 953.808247053995728 ], [ 196.193720448238309, 953.163530480116606 ] ] ] } },
{ "type": "Feature", "properties": { "height": 7.357 }, "geometry": { "type": "Polygon", "coordinates": [ [ [ 187.838875497691333, 961.372196861542761 ], [ 189.994047930231318, 953.365437693893909 ], [ 193.74096285586711, 954.378595219925046 ], [ 194.208190923847724, 952.633648535236716 ], [ 185.92021927452879, 950.388735453598201 ], [ 183.256636630452704, 960.173239554278553 ], [ 187.838875497691333, 961.372196861542761 ] ] ] } },
{ "type": "Feature", "properties": { "height": 7.12 }, "geometry": { "type": "Polygon", "coordinates": [ [ [ 186.090182948799338, 949.748169499449432 ], [ 190.611163969908375, 950.94649494253099 ], [ 190.706468919233885, 950.615243876352906 ], [ 197.243379103310872, 952.36591175198555 ], [ 199.547519702173304, 943.773741314187646 ], [ 198.30531687225448, 943.439783910289407 ], [ 188.489863059308846, 940.802602883428335 ], [ 187.746586453460623, 943.574627555906773 ], [ 186.090182948799338, 949.748169499449432 ] ] ] } },
{ "type": "Feature", "properties": { "height": 7.571 }, "geometry": { "type": "Polygon", "coordinates": [ [ [ 214.022199115424883, 957.976327827200294 ], [ 216.60237649170449, 948.357076736167073 ], [ 211.552117973857094, 946.998264481313527 ], [ 204.251579153060447, 945.040395515970886 ], [ 201.156223762372974, 944.211144644767046 ], [ 198.57626477262238, 953.808247053995728 ], [ 202.374111768498551, 954.833001527935266 ], [ 207.220760440221056, 956.134346914477646 ], [ 214.022199115424883, 957.976327827200294 ] ] ] } },
{ "type": "Feature", "properties": { "height": 5.0 }, "geometry": { "type": "Polygon", "coordinates": [ [ [ 216.60237649170449, 948.357076736167073 ], [ 221.201677051896695, 931.050819668918848 ], [ 220.427952821773943, 930.832434620708227 ], [ 220.597686647961382, 930.214014865458012 ], [ 216.861327951832209, 929.167749343439937 ], [ 217.221784457797185, 927.875753950327635 ], [ 209.616579029883724, 925.759706237353384 ], [ 208.418115756299812, 930.099611858837306 ], [ 207.771630951610859, 932.396433809772134 ], [ 209.146094984549563, 932.776050843298435 ], [ 206.612227131205145, 941.864205177873373 ], [ 212.517196685716044, 943.508685724809766 ], [ 211.552117973857094, 946.998264481313527 ], [ 216.60237649170449, 948.357076736167073 ] ] ] } },
{ "type": "Feature", "properties": { "height": 5.0 }, "geometry": { "type": "Polygon", "coordinates": [ [ [ 205.587857752048876, 929.306316244415939 ], [ 202.566229115123861, 940.150279888883233 ], [ 205.396489133883733, 940.943575972691178 ], [ 207.771630951610859, 932.396433809772134 ], [ 208.418115756299812, 930.099611858837306 ], [ 205.587857752048876, 929.306316244415939 ] ] ] } },
{ "type": "Feature", "properties": { "height": 5.0 }, "geometry": { "type": "Polygon", "coordinates": [ [ [ 172.005171946657356, 941.330424578860402 ], [ 174.04745782277314, 939.324848570860922 ], [ 172.531671605014708, 936.806405593641102 ], [ 174.21258347859839, 936.181410174816847 ], [ 173.474629420845304, 933.482717398554087 ], [ 172.84651853935793, 932.014418996870518 ], [ 171.965462477703113, 930.322025172412395 ], [ 169.326774272776674, 931.745583995245397 ], [ 167.427266134298407, 928.813431786373258 ], [ 167.253026717982721, 928.878082782030106 ], [ 166.031296660483349, 929.529958399012685 ], [ 164.806257081276271, 930.502958494238555 ], [ 161.664179078710731, 933.217037375085056 ], [ 161.65385585394688, 933.228005423210561 ], [ 163.637836737034377, 934.898543112911284 ], [ 163.081005778803956, 936.421076887287199 ], [ 167.131616275117267, 938.677708398550749 ], [ 169.943791613855865, 940.234961245208979 ], [ 172.005171946657356, 941.330424578860402 ] ] ] } },
{ "type": "Feature", "properties": { "height": 5.0 }, "geometry": { "type": "Polygon", "coordinates": [ [ [ 177.877403456775937, 942.188296993263066 ], [ 178.238776551967021, 940.807716289535165 ], [ 180.884680383314844, 930.757244235835969 ], [ 176.800757838238496, 929.751684566959739 ], [ 174.399017789051868, 938.896568365395069 ], [ 174.56190707947826, 938.942544683814049 ], [ 173.96794556156965, 941.095939060673118 ], [ 177.877403456775937, 942.188296993263066 ] ] ] } },
{ "type": "Feature", "properties": { "height": 7.422 }, "geometry": { "type": "Polygon", "coordinates": [ [ [ 187.678155081637669, 981.924693215638399 ], [ 189.174920006596949, 976.380749072879553 ], [ 179.563171145797241, 973.78996017575264 ], [ 178.077638791350182, 979.234349396079779 ], [ 187.576405999425333, 981.890421497635543 ], [ 187.678155081637669, 981.924693215638399 ] ] ] } },
{ "type": "Feature", "properties": { "height": 5.0 }, "geometry": { "type": "Polygon", "coordinates": [ [ [ 161.947371030633803, 954.283535467460752 ], [ 162.350723521143664, 952.792643317952752 ], [ 172.124660819943529, 955.495860388502479 ], [ 172.930564897949807, 952.591588457114995 ], [ 173.734917108551599, 952.810291599482298 ], [ 173.787902560841758, 952.622572192922235 ], [ 175.187996083113831, 947.542759271338582 ], [ 173.222772028471809, 947.02415806427598 ], [ 172.915068458125461, 948.150579700246453 ], [ 168.750951941474341, 947.000224005430937 ], [ 169.048104366695043, 945.906917015090585 ], [ 166.55337621626677, 945.249964918941259 ], [ 158.010412508796435, 942.980258788913488 ], [ 155.472174373746384, 952.489189918152988 ], [ 161.947371030633803, 954.283535467460752 ] ] ] } },
{ "type": "Feature", "properties": { "height": 5.0 }, "geometry": { "type": "Polygon", "coordinates": [ [ [ 177.870576277491637, 953.749938204884529 ], [ 178.146168812119868, 952.767153266817331 ], [ 179.076748960011173, 949.653751533478498 ], [ 178.353841574455146, 949.458036812022328 ], [ 178.62966222804971, 948.453105345368385 ], [ 176.379381512640975, 947.854046108201146 ], [ 175.187996083113831, 947.542759271338582 ], [ 173.787902560841758, 952.622572192922235 ], [ 177.870576277491637, 953.749938204884529 ] ] ] } },
{ "type": "Feature", "properties": { "height": 5.0 }, "geometry": { "type": "Polygon", "coordinates": [ [ [ 198.30531687225448, 943.439783910289407 ], [ 199.354809670243412, 939.685289112851024 ], [ 197.400023338152096, 939.144649801775813 ], [ 197.272950350597966, 939.586317936889827 ], [ 192.976572847866919, 938.390308595262468 ], [ 193.5914060336072, 936.192830940708518 ], [ 198.213561577198561, 937.480792243033648 ], [ 200.514163106912747, 929.231892723590136 ], [ 192.206470617384184, 926.920332536101341 ], [ 188.489863059308846, 940.802602883428335 ], [ 198.30531687225448, 943.439783910289407 ] ] ] } },
{ "type": "Feature", "properties": { "height": 5.0 }, "geometry": { "type": "Polygon", "coordinates": [ [ [ 185.92021927452879, 950.388735453598201 ], [ 186.090182948799338, 949.748169499449432 ], [ 187.746586453460623, 943.574627555906773 ], [ 183.236387555487454, 942.321039978414774 ], [ 182.685089334903751, 944.297683265991509 ], [ 182.17611710698111, 944.148470934480429 ], [ 182.250433477864135, 943.872375817969441 ], [ 177.760653066739906, 942.618996932171285 ], [ 176.379381512640975, 947.854046108201146 ], [ 178.62966222804971, 948.453105345368385 ], [ 183.191250636591576, 949.674000460654497 ], [ 185.92021927452879, 950.388735453598201 ] ] ] } },
{ "type": "Feature", "properties": { "height": 5.0 }, "geometry": { "type": "Polygon", "coordinates": [ [ [ 178.238776551967021, 940.807716289535165 ], [ 180.264798126008827, 941.371241107583046 ], [ 180.826533917279448, 939.372556572780013 ], [ 185.927262628159951, 940.787272017449141 ], [ 187.072405784274451, 936.668307106010616 ], [ 188.212744971213397, 936.979067038744688 ], [ 189.665361109713558, 931.755826586857438 ], [ 189.380190833180677, 931.686441580764949 ], [ 189.984929361206014, 929.477785591036081 ], [ 190.320916904427577, 929.569843079894781 ], [ 191.974806814803742, 923.639912461861968 ], [ 185.079384527809452, 924.975314819253981 ], [ 183.720588883676101, 930.011256266385317 ], [ 181.256718511402141, 929.33247562777251 ], [ 180.884680383314844, 930.757244235835969 ], [ 178.238776551967021, 940.807716289535165 ] ] ] } },
{ "type": "Feature", "properties": { "height": 5.0 }, "geometry": { "type": "Polygon", "coordinates": [ [ [ 160.492176849103998, 934.987943232990801 ], [ 160.409020434424747, 935.131053912453353 ], [ 158.919094756769482, 940.010600067675114 ], [ 160.833386041107588, 940.517603944987059 ], [ 160.907931048015598, 940.219362391158938 ], [ 163.279578225628939, 940.930419269949198 ], [ 163.737855864746962, 939.063562272116542 ], [ 166.674936702649575, 940.389539824798703 ], [ 167.131616275117267, 938.677708398550749 ], [ 163.081005778803956, 936.421076887287199 ], [ 160.492176849103998, 934.987943232990801 ] ] ] } },
{ "type": "Feature", "properties": { "height": 5.0 }, "geometry": { "type": "Polygon", "coordinates": [ [ [ 170.568530497665051, 987.606764288619161 ], [ 171.852675555099268, 982.88013871293515 ], [ 168.686077652266249, 982.027998395264149 ], [ 169.747729228402022, 978.085365103557706 ], [ 167.059706576110329, 977.35997493006289 ], [ 166.868752986483742, 978.055696590803564 ], [ 164.435274136718363, 977.399375703185797 ], [ 164.541359528608155, 977.01286368444562 ], [ 161.45620808278909, 976.183709907345474 ], [ 161.520087597833481, 975.929656185209751 ], [ 153.751288488507271, 973.834043620154262 ], [ 151.893476220022421, 980.725345278158784 ], [ 162.747317534696776, 983.661185964941978 ], [ 162.280313177441712, 985.383985320106149 ], [ 167.717502101731952, 986.846471270546317 ], [ 170.568530497665051, 987.606764288619161 ] ] ] } },
{ "type": "Feature", "properties": { "height": 5.0 }, "geometry": { "type": "Polygon", "coordinates": [ [ [ 159.109676027030218, 994.831027461215854 ], [ 163.863996490545105, 996.175732748582959 ], [ 165.297234486381058, 990.852624513208866 ], [ 167.81216058175778, 991.531933303922415 ], [ 167.157984403660521, 989.620388824492693 ], [ 167.717502101731952, 986.846471270546317 ], [ 162.280313177441712, 985.383985320106149 ], [ 158.309361322782934, 984.313139079138637 ], [ 157.79969393130159, 986.212689634412527 ], [ 150.611212912248448, 984.278098572045565 ], [ 148.827829495479818, 990.882231660187244 ], [ 154.712966568360571, 992.471157955005765 ], [ 154.426592129573692, 993.509203620254993 ], [ 159.109676027030218, 994.831027461215854 ] ] ] } },
{ "type": "Feature", "properties": { "height": 5.0 }, "geometry": { "type": "Polygon", "coordinates": [ [ [ 144.883333116711583, 991.207033598795533 ], [ 144.055519843997899, 994.255046220496297 ], [ 146.356624316249508, 994.876782708801329 ], [ 145.040130736830179, 999.769189735874534 ], [ 146.465531611640472, 1000.160411741584539 ], [ 146.348779948835727, 1000.591111477464437 ], [ 154.423068481206428, 1002.767396504059434 ], [ 154.094145428796764, 1003.971120206639171 ], [ 156.466487623518333, 1004.615738028660417 ], [ 159.109676027030218, 994.831027461215854 ], [ 154.426592129573692, 993.509203620254993 ], [ 147.931302565673832, 991.681425495073199 ], [ 147.846319706935901, 992.00170829333365 ], [ 144.883333116711583, 991.207033598795533 ] ] ] } },
{ "type": "Feature", "properties": { "height": 7.473 }, "geometry": { "type": "Polygon", "coordinates": [ [ [ 182.227954655070789, 1002.533430688083172 ], [ 179.905432596511673, 1010.926069803535938 ], [ 184.395690919365734, 1012.135153744369745 ], [ 184.491224503552075, 1011.7817561943084 ], [ 194.631822144321632, 1014.577328776940703 ], [ 197.280973753426224, 1005.202428497374058 ], [ 190.173696108919103, 1003.312992215156555 ], [ 189.81300762941828, 1004.627133581787348 ], [ 182.227954655070789, 1002.533430688083172 ] ] ] } },
{ "type": "Feature", "properties": { "height": 5.824 }, "geometry": { "type": "Polygon", "coordinates": [ [ [ 171.992511021962855, 1002.007130783051252 ], [ 170.456551919633057, 1008.38125239033252 ], [ 174.641332878789399, 1009.509670444764197 ], [ 176.350389389146585, 1003.181629955768585 ], [ 174.904569298843853, 1002.79020051471889 ], [ 171.992511021962855, 1002.007130783051252 ] ] ] } },
{ "type": "Feature", "properties": { "height": 8.679 }, "geometry": { "type": "Polygon", "coordinates": [ [ [ 189.013230641779955, 998.018529620021582 ], [ 189.522318932635244, 998.156668338924646 ], [ 190.90096492000157, 993.176303192973137 ], [ 175.445701411750633, 988.919508581981063 ], [ 174.097791912674438, 993.88911491073668 ], [ 178.149849947716575, 995.016164554283023 ], [ 182.28346762136789, 996.155127877369523 ], [ 189.013230641779955, 998.018529620021582 ] ] ] } },
{ "type": "Feature", "properties": { "height": 5.0 }, "geometry": { "type": "Polygon", "coordinates": [ [ [ 189.013230641779955, 998.018529620021582 ], [ 188.175331381207798, 1001.055365782231092 ], [ 197.603106733760796, 1003.666401057504117 ], [ 197.709191371395718, 1003.27988884691149 ], [ 198.656018482579384, 1003.544356076978147 ], [ 199.748290422314312, 999.602036617696285 ], [ 198.90321278385818, 999.371841076761484 ], [ 199.730558300099801, 996.368119012564421 ], [ 191.565298696339596, 994.102326333522797 ], [ 191.756251243699808, 993.40660441480577 ], [ 190.90096492000157, 993.176303192973137 ], [ 189.522318932635244, 998.156668338924646 ], [ 189.013230641779955, 998.018529620021582 ] ] ] } },
{ "type": "Feature", "properties": { "height": 7.856 }, "geometry": { "type": "Polygon", "coordinates": [ [ [ 186.356943966122344, 986.285481549799442 ], [ 185.900722009304445, 987.953020402230322 ], [ 188.639450774586294, 988.712152695283294 ], [ 187.91807399969548, 991.340435363352299 ], [ 199.758793327782769, 994.618649242445827 ], [ 199.50419042824069, 995.546278578229249 ], [ 200.725979493523482, 995.880025249905884 ], [ 202.009088395105209, 991.253056898713112 ], [ 204.646069242793601, 991.977914503775537 ], [ 205.93237097520614, 987.04089461825788 ], [ 202.766112908313517, 986.155542053282261 ], [ 198.154264604847413, 984.856615046039224 ], [ 198.027077258098871, 985.309356443583965 ], [ 190.299562042288017, 983.169891552068293 ], [ 190.437186947499868, 982.695108881220222 ], [ 187.678155081637669, 981.924693215638399 ], [ 187.576405999425333, 981.890421497635543 ], [ 186.356943966122344, 986.285481549799442 ] ] ] } },
{ "type": "Feature", "properties": { "height": 5.0 }, "geometry": { "type": "Polygon", "coordinates": [ [ [ 183.256636630452704, 960.173239554278553 ], [ 185.92021927452879, 950.388735453598201 ], [ 183.191250636591576, 949.674000460654497 ], [ 182.045649215055164, 953.837258163839579 ], [ 178.146168812119868, 952.767153266817331 ], [ 177.870576277491637, 953.749938204884529 ], [ 176.608336678182241, 958.332822240889072 ], [ 177.076701093174051, 958.459467409178615 ], [ 183.256636630452704, 960.173239554278553 ] ] ] } },
{ "type": "Feature", "properties": { "height": 5.0 }, "geometry": { "type": "Polygon", "coordinates": [ [ [ 182.046699103142601, 964.634844089858234 ], [ 183.256636630452704, 960.173239554278553 ], [ 177.076701093174051, 958.459467409178615 ], [ 176.090396069979761, 962.026346702128649 ], [ 178.452408839249983, 962.681929368525743 ], [ 178.207785882521421, 963.631810132414103 ], [ 182.046699103142601, 964.634844089858234 ] ] ] } },
{ "type": "Feature", "properties": { "height": 5.872 }, "geometry": { "type": "Polygon", "coordinates": [ [ [ 174.918796556594316, 962.767335262149572 ], [ 175.841907341731712, 959.388070243410766 ], [ 173.103184681560379, 958.628935197368264 ], [ 173.230486752989236, 958.165120712481439 ], [ 163.761908144515473, 955.553646933287382 ], [ 163.963299025373999, 954.835883991792798 ], [ 161.947371030633803, 954.283535467460752 ], [ 155.472174373746384, 952.489189918152988 ], [ 154.125629890302662, 957.325915668159723 ], [ 174.918796556594316, 962.767335262149572 ] ] ] } },
{ "type": "Feature", "properties": { "height": 5.543 }, "geometry": { "type": "Polygon", "coordinates": [ [ [ 176.808034627872985, 968.678403494879603 ], [ 178.207785882521421, 963.631810132414103 ], [ 174.918796556594316, 962.767335262149572 ], [ 154.125629890302662, 957.325915668159723 ], [ 152.821176505123731, 962.041256319731474 ], [ 161.76025274337735, 964.514386855997145 ], [ 162.025180928001646, 963.575789995491505 ], [ 170.933746041439008, 966.037525895982981 ], [ 171.54881166346604, 963.817902472801507 ], [ 174.654036812426057, 964.680484432727098 ], [ 173.784253325022291, 967.838810200802982 ], [ 176.115753693913575, 968.483004322275519 ], [ 176.808034627872985, 968.678403494879603 ] ] ] } },
{ "type": "Feature", "properties": { "height": 5.0 }, "geometry": { "type": "Polygon", "coordinates": [ [ [ 172.543723751732614, 977.250371901318431 ], [ 174.199564760143403, 971.132197506725788 ], [ 175.319602322473656, 971.431674632243812 ], [ 176.030885665502865, 968.792213992215693 ], [ 161.297760856861714, 964.808630326762795 ], [ 160.256640036823228, 968.740400303155184 ], [ 156.479209857352544, 967.715845391154289 ], [ 155.06718735571485, 972.961650562472641 ], [ 160.259808302682359, 974.377321342006326 ], [ 160.366122027568053, 973.968662825413048 ], [ 172.543723751732614, 977.250371901318431 ] ] ] } },
{ "type": "Feature", "properties": { "height": 6.764 }, "geometry": { "type": "Polygon", "coordinates": [ [ [ 178.077638791350182, 979.234349396079779 ], [ 179.563171145797241, 973.78996017575264 ], [ 180.666682762617711, 969.748087706044316 ], [ 176.808034627872985, 968.678403494879603 ], [ 176.115753693913575, 968.483004322275519 ], [ 176.030885665502865, 968.792213992215693 ], [ 175.319602322473656, 971.431674632243812 ], [ 174.199564760143403, 971.132197506725788 ], [ 172.543723751732614, 977.250371901318431 ], [ 172.426858892315067, 977.692145064473152 ], [ 178.077638791350182, 979.234349396079779 ] ] ] } },
{ "type": "Feature", "properties": { "height": 5.0 }, "geometry": { "type": "Polygon", "coordinates": [ [ [ 175.445701411750633, 988.919508581981063 ], [ 176.878249979636166, 983.662838997319341 ], [ 178.077638791350182, 979.234349396079779 ], [ 172.426858892315067, 977.692145064473152 ], [ 171.683531891962048, 977.496219681575894 ], [ 170.611443517205771, 981.460894400253892 ], [ 172.118402091262396, 981.864028884097934 ], [ 171.852675555099268, 982.88013871293515 ], [ 170.568530497665051, 987.606764288619161 ], [ 175.445701411750633, 988.919508581981063 ] ] ] } },
{ "type": "Feature", "properties": { "height": 5.0 }, "geometry": { "type": "Polygon", "coordinates": [ [ [ 176.379381512640975, 947.854046108201146 ], [ 177.760653066739906, 942.618996932171285 ], [ 177.877403456775937, 942.188296993263066 ], [ 173.96794556156965, 941.095939060673118 ], [ 173.83545535657322, 941.072424874641001 ], [ 173.464100945100654, 942.430753765627742 ], [ 171.834979492530692, 941.993136924691498 ], [ 172.005171946657356, 941.330424578860402 ], [ 169.943791613855865, 940.234961245208979 ], [ 169.635973776283208, 941.372456088662148 ], [ 167.711473037779797, 940.865348175168037 ], [ 166.55337621626677, 945.249964918941259 ], [ 169.048104366695043, 945.906917015090585 ], [ 173.222772028471809, 947.02415806427598 ], [ 175.187996083113831, 947.542759271338582 ], [ 176.379381512640975, 947.854046108201146 ] ] ] } },
{ "type": "Feature", "properties": { "height": 5.0 }, "geometry": { "type": "Polygon", "coordinates": [ [ [ 61.233262586523779, 222.819034149870276 ], [ 61.219032254943158, 236.075005996972322 ], [ 65.741908706550021, 236.077364731580019 ], [ 65.74592633015709, 222.821287794969976 ], [ 61.233262586523779, 222.819034149870276 ] ] ] } },
{ "type": "Feature", "properties": { "height": 5.0 }, "geometry": { "type": "Polygon", "coordinates": [ [ [ 78.26539890182903, 226.54962463490665 ], [ 73.364692668255884, 226.554446700960398 ], [ 73.447910071408842, 262.037845681421459 ], [ 78.440505933307577, 262.033970618620515 ], [ 78.42513690184569, 251.645977563224733 ], [ 83.234087944438215, 251.629132423549891 ], [ 83.184782001713756, 228.693436988629401 ], [ 78.263543709588703, 228.709123415872455 ], [ 78.26539890182903, 226.54962463490665 ] ] ] } },
{ "type": "Feature", "properties": { "height": 5.0 }, "geometry": { "type": "Polygon", "coordinates": [ [ [ 75.188477642368525, 216.030381572432816 ], [ 75.165262683178298, 220.260582445189357 ], [ 79.810408862947952, 220.286347259767354 ], [ 79.833622479811311, 216.056146453134716 ], [ 75.188477642368525, 216.030381572432816 ] ] ] } },
{ "type": "Feature", "properties": { "height": 5.0 }, "geometry": { "type": "Polygon", "coordinates": [ [ [ 62.01674045593245, 205.263035790994763 ], [ 61.96209604741307, 209.57043388299644 ], [ 65.698444923385978, 209.608977207913995 ], [ 65.732412949728314, 207.305841649882495 ], [ 64.987185015517753, 207.29815411940217 ], [ 65.017954772629309, 205.305070208385587 ], [ 62.01674045593245, 205.263035790994763 ] ] ] } },
{ "type": "Feature", "properties": { "height": 5.0 }, "geometry": { "type": "Polygon", "coordinates": [ [ [ 84.083693055610638, 204.892639617435634 ], [ 84.014680632215459, 213.563222788274288 ], [ 88.925134047691245, 213.602795775979757 ], [ 88.994257771584671, 204.921139467507601 ], [ 84.083693055610638, 204.892639617435634 ] ] ] } },
{ "type": "Feature", "properties": { "height": 5.0 }, "geometry": { "type": "Polygon", "coordinates": [ [ [ 100.893790900066961, 110.368388407863677 ], [ 90.928321054030675, 110.453870020806789 ], [ 91.248714016168378, 131.85301524028182 ], [ 98.334931088669691, 131.782134633511305 ], [ 98.365722916962113, 127.806724239140749 ], [ 104.227255004632752, 127.689986378885806 ], [ 104.233516916341614, 124.113003305159509 ], [ 108.307867272640578, 124.044278601184487 ], [ 105.712048108573072, 119.344089100137353 ], [ 102.145874413021374, 112.70693670399487 ], [ 100.893790900066961, 110.368388407863677 ] ] ] } },
{ "type": "Feature", "properties": { "height": 7.157 }, "geometry": { "type": "Polygon", "coordinates": [ [ [ 98.334931088669691, 131.782134633511305 ], [ 98.93689279287355, 131.821566462516785 ], [ 95.613132396538276, 144.246043358929455 ], [ 99.160957700922154, 145.73338788561523 ], [ 98.895922049705405, 146.683057179674506 ], [ 101.895683749869931, 147.85466381162405 ], [ 108.19516396446852, 147.842110650613904 ], [ 111.793784535315353, 146.384172050282359 ], [ 111.385168772190809, 145.416480902582407 ], [ 114.811727471591439, 143.812799319624901 ], [ 110.662908423051704, 128.332229708321393 ], [ 108.307867272640578, 124.044278601184487 ], [ 104.233516916341614, 124.113003305159509 ], [ 104.227255004632752, 127.689986378885806 ], [ 98.365722916962113, 127.806724239140749 ], [ 98.334931088669691, 131.782134633511305 ] ] ] } },
{ "type": "Feature", "properties": { "height": 5.0 }, "geometry": { "type": "Polygon", "coordinates": [ [ [ 117.5782238363754, 140.873376158066094 ], [ 114.613791771407705, 142.216037260368466 ], [ 118.758783829805907, 149.158164657652378 ], [ 121.346527864981908, 147.711948167532682 ], [ 117.758666233217809, 141.196396004408598 ], [ 117.5782238363754, 140.873376158066094 ] ] ] } },
{ "type": "Feature", "properties": { "height": 5.0 }, "geometry": { "type": "Polygon", "coordinates": [ [ [ 100.130220210005064, 74.523587813600898 ], [ 83.161166825855616, 74.592198950238526 ], [ 82.967090941907372, 74.601271499879658 ], [ 83.037308259343263, 77.691768083721399 ], [ 89.574358283018228, 89.287701359018683 ], [ 90.946770158538129, 91.837906625121832 ], [ 96.356124996033031, 101.905004454776645 ], [ 100.830956120451447, 100.622223132289946 ], [ 99.317247413040604, 95.933192518539727 ], [ 97.766808239743114, 95.795382467098534 ], [ 97.119085579819512, 93.263726878911257 ], [ 96.538227772980463, 93.158065824769437 ], [ 95.88810704293428, 90.858948905952275 ], [ 93.534403913945425, 85.452488707378507 ], [ 91.210272795229685, 82.128330012783408 ], [ 92.128353724663612, 82.204246211796999 ], [ 92.795447729236912, 81.867818860337138 ], [ 93.628477695747279, 83.260717512108386 ], [ 96.865903443715069, 82.175589284859598 ], [ 102.252668286440894, 79.584353878162801 ], [ 100.130220210005064, 74.523587813600898 ] ] ] } },
{ "type": "Feature", "properties": { "height": 5.0 }, "geometry": { "type": "Polygon", "coordinates": [ [ [ 65.78980911715189, 240.341522610746324 ], [ 61.185148119635414, 240.349394753575325 ], [ 61.207695978577249, 257.958005087450147 ], [ 65.812248285801616, 257.961205909028649 ], [ 65.78980911715189, 240.341522610746324 ] ] ] } },
{ "type": "Feature", "properties": { "height": 5.0 }, "geometry": { "type": "Polygon", "coordinates": [ [ [ 117.758666233217809, 141.196396004408598 ], [ 122.068753945291974, 139.059176057577133 ], [ 109.296779119700659, 115.272437859326601 ], [ 119.511024507984985, 114.824052155017853 ], [ 119.416042367869522, 112.15413012355566 ], [ 102.145874413021374, 112.70693670399487 ], [ 105.712048108573072, 119.344089100137353 ], [ 108.307867272640578, 124.044278601184487 ], [ 110.662908423051704, 128.332229708321393 ], [ 117.5782238363754, 140.873376158066094 ], [ 117.758666233217809, 141.196396004408598 ] ] ] } },
{ "type": "Feature", "properties": { "height": 5.0 }, "geometry": { "type": "Polygon", "coordinates": [ [ [ 140.476597594795749, 100.455192404799163 ], [ 140.128023462777492, 100.595566090196371 ], [ 143.664363963936921, 109.137206082232296 ], [ 143.794314651342575, 111.386659163050354 ], [ 151.494972671032883, 111.133823197335005 ], [ 150.121521034569014, 108.683283782564104 ], [ 151.020785002794582, 108.603959868662059 ], [ 146.087719306699, 97.888403248041868 ], [ 145.236415880790446, 98.267231458798051 ], [ 140.476597594795749, 100.455192404799163 ] ] ] } },
{ "type": "Feature", "properties": { "height": 5.0 }, "geometry": { "type": "Polygon", "coordinates": [ [ [ 158.113572574686259, 182.167123892344534 ], [ 155.499833404261153, 182.173400780186057 ], [ 155.505896787683014, 186.536795665509999 ], [ 160.428717346396297, 186.366058262065053 ], [ 165.964280986750964, 186.179487036541104 ], [ 165.974489570420701, 186.179592275992036 ], [ 165.95490404550219, 182.137217163108289 ], [ 164.790897564089391, 182.147366363555193 ], [ 158.113572574686259, 182.167123892344534 ] ] ] } },
{ "type": "Feature", "properties": { "height": 5.0 }, "geometry": { "type": "Polygon", "coordinates": [ [ [ 125.378611764288507, 148.772376300767064 ], [ 125.40192955249222, 149.481381524354219 ], [ 125.544805204786826, 153.447507774457335 ], [ 126.796663498098496, 187.492199167609215 ], [ 135.028551276249345, 187.211623728275299 ], [ 135.114666898210999, 181.830329623073339 ], [ 131.88886933750473, 181.785993536002934 ], [ 130.687633161374833, 148.771748857572675 ], [ 125.378611764288507, 148.772376300767064 ] ] ] } },
{ "type": "Feature", "properties": { "height": 5.0 }, "geometry": { "type": "Polygon", "coordinates": [ [ [ 168.463178700360004, 148.784690471366048 ], [ 174.591743643803056, 162.380842277780175 ], [ 177.099174709233921, 169.715824619866908 ], [ 177.126703586836811, 171.997444428503513 ], [ 176.341427498904523, 173.894154472276568 ], [ 174.168633410416078, 176.684666119515896 ], [ 172.545682609023061, 178.628113135695457 ], [ 169.550166584434919, 180.014762822538614 ], [ 167.975648248684593, 180.231094917282462 ], [ 167.30615468067117, 180.800064485520124 ], [ 170.276983247196767, 185.769893292337656 ], [ 170.552843282639515, 185.750588129274547 ], [ 173.667667182977311, 184.675252558663487 ], [ 176.495116789476015, 182.755296102724969 ], [ 179.758923702698667, 179.112223457545042 ], [ 181.456023046106566, 175.918127562850714 ], [ 182.292812166095246, 171.99532456509769 ], [ 182.133662529697176, 168.615977881476283 ], [ 180.452309474290814, 163.349358885549009 ], [ 180.224817627400625, 162.638249304145575 ], [ 174.139707134279888, 148.78783586807549 ], [ 172.261104364006314, 148.790619052946568 ], [ 168.463178700360004, 148.784690471366048 ] ] ] } },
{ "type": "Feature", "properties": { "height": 5.0 }, "geometry": { "type": "Polygon", "coordinates": [ [ [ 172.261104364006314, 148.790619052946568 ], [ 170.744725597905926, 146.33860875107348 ], [ 165.384549094655085, 146.349797736853361 ], [ 165.390060537785757, 148.786233039572835 ], [ 168.463178700360004, 148.784690471366048 ], [ 172.261104364006314, 148.790619052946568 ] ] ] } },
{ "type": "Feature", "properties": { "height": 5.0 }, "geometry": { "type": "Polygon", "coordinates": [ [ [ 155.830710963171441, 146.118409615941346 ], [ 150.41960556129925, 146.117993608117104 ], [ 150.422831176314503, 148.775894479826093 ], [ 155.833937558985781, 148.776310432702303 ], [ 155.830710963171441, 146.118409615941346 ] ] ] } },
{ "type": "Feature", "properties": { "height": 5.0 }, "geometry": { "type": "Polygon", "coordinates": [ [ [ 160.78139021754032, 141.263468703255057 ], [ 162.780519801483024, 145.414847545325756 ], [ 166.761530322371982, 143.50678564235568 ], [ 164.864257140317932, 139.378606343641877 ], [ 164.330786899256054, 139.627818992361426 ], [ 160.78139021754032, 141.263468703255057 ] ] ] } },
{ "type": "Feature", "properties": { "height": 5.0 }, "geometry": { "type": "Polygon", "coordinates": [ [ [ 152.897728087904397, 114.703183891251683 ], [ 146.984931830491405, 114.841561203822494 ], [ 152.805330105766188, 127.626112809404731 ], [ 153.277092227886897, 127.420562174171209 ], [ 158.911758766684216, 139.405835326761007 ], [ 158.583486882562283, 139.557493248954415 ], [ 159.642647078842856, 141.794376794248819 ], [ 160.78139021754032, 141.263468703255057 ], [ 164.330786899256054, 139.627818992361426 ], [ 152.897728087904397, 114.703183891251683 ] ] ] } },
{ "type": "Feature", "properties": { "height": 5.0 }, "geometry": { "type": "Polygon", "coordinates": [ [ [ 206.443704951205291, 464.753521048463881 ], [ 204.45360075350618, 469.627916222438216 ], [ 206.568468754121568, 470.480292916297913 ], [ 208.55857232370181, 465.60589748993516 ], [ 206.443704951205291, 464.753521048463881 ] ] ] } },
{ "type": "Feature", "properties": { "height": 5.0 }, "geometry": { "type": "Polygon", "coordinates": [ [ [ 85.142161505413242, 732.877832042053342 ], [ 71.235948375950102, 732.889466842636466 ], [ 71.267487272911239, 737.751473202370107 ], [ 76.321841762226541, 737.715001938864589 ], [ 83.295939454517793, 737.654027869924903 ], [ 85.174732701329049, 737.640178724192083 ], [ 85.142161505413242, 732.877832042053342 ] ] ] } },
{ "type": "Feature", "properties": { "height": 5.0 }, "geometry": { "type": "Polygon", "coordinates": [ [ [ 66.171843263320625, 732.881537904962897 ], [ 61.730370924226008, 732.891103256493807 ], [ 61.767502709000837, 737.210519725456834 ], [ 66.209204759506974, 737.178807757794857 ], [ 66.171843263320625, 732.881537904962897 ] ] ] } },
{ "type": "Feature", "properties": { "height": 5.0 }, "geometry": { "type": "Polygon", "coordinates": [ [ [ 172.792543946823571, 998.681969787925482 ], [ 174.097791912674438, 993.88911491073668 ], [ 175.445701411750633, 988.919508581981063 ], [ 170.568530497665051, 987.606764288619161 ], [ 167.717502101731952, 986.846471270546317 ], [ 167.157984403660521, 989.620388824492693 ], [ 167.81216058175778, 991.531933303922415 ], [ 166.368486092716921, 996.877083046361804 ], [ 172.792543946823571, 998.681969787925482 ] ] ] } },
{ "type": "Feature", "properties": { "height": 5.562 }, "geometry": { "type": "Polygon", "coordinates": [ [ [ 104.597619951702654, 566.009382524527609 ], [ 104.345985030930024, 566.649105625227094 ], [ 109.409783444250934, 568.661496438086033 ], [ 110.824629066686612, 565.121188177727163 ], [ 105.750622903171461, 563.108692523092031 ], [ 105.519862494140398, 563.704333105124533 ], [ 104.597619951702654, 566.009382524527609 ] ] ] } },
{ "type": "Feature", "properties": { "height": 5.0 }, "geometry": { "type": "Polygon", "coordinates": [ [ [ 82.757757218729239, 570.047828253358603 ], [ 85.189704165502917, 563.915516462177038 ], [ 73.722201433090959, 559.134908542968333 ], [ 73.512771071924362, 559.642173117958009 ], [ 71.178523869719356, 565.210694137960672 ], [ 75.915977284137625, 567.186507694423199 ], [ 78.172863860905636, 568.128962650895119 ], [ 82.757757218729239, 570.047828253358603 ] ] ] } },
{ "type": "Feature", "properties": { "height": 5.0 }, "geometry": { "type": "Polygon", "coordinates": [ [ [ 71.178523869719356, 565.210694137960672 ], [ 73.512771071924362, 559.642173117958009 ], [ 64.210736115637701, 555.758772158995271 ], [ 63.676379532611463, 557.082194344140589 ], [ 62.030418015376199, 561.251358458772302 ], [ 61.97823163686553, 561.361564662307501 ], [ 69.104597995989025, 564.347646199166775 ], [ 71.178523869719356, 565.210694137960672 ] ] ] } },
{ "type": "Feature", "properties": { "height": 5.0 }, "geometry": { "type": "Polygon", "coordinates": [ [ [ 66.770234247029293, 569.92723988648504 ], [ 69.104597995989025, 564.347646199166775 ], [ 61.97823163686553, 561.361564662307501 ], [ 59.704775962338317, 566.975008956156671 ], [ 66.770234247029293, 569.92723988648504 ] ] ] } },
{ "type": "Feature", "properties": { "height": 5.0 }, "geometry": { "type": "Polygon", "coordinates": [ [ [ 66.770234247029293, 569.92723988648504 ], [ 69.067841975367628, 570.88119069673121 ], [ 69.224972068856005, 570.495205670595169 ], [ 73.738745818322059, 572.380117265507579 ], [ 75.915977284137625, 567.186507694423199 ], [ 71.178523869719356, 565.210694137960672 ], [ 69.104597995989025, 564.347646199166775 ], [ 66.770234247029293, 569.92723988648504 ] ] ] } },
{ "type": "Feature", "properties": { "height": 5.0 }, "geometry": { "type": "Polygon", "coordinates": [ [ [ 78.172863860905636, 568.128962650895119 ], [ 76.079016989038792, 573.157315785065293 ], [ 80.755448862968478, 575.110349321737885 ], [ 82.757757218729239, 570.047828253358603 ], [ 78.172863860905636, 568.128962650895119 ] ] ] } },
{ "type": "Feature", "properties": { "height": 5.0 }, "geometry": { "type": "Polygon", "coordinates": [ [ [ 70.302600171475206, 579.853153010830283 ], [ 68.342720680113416, 584.761068034917116 ], [ 75.755290758796036, 587.716873932629824 ], [ 77.432676670956425, 583.470511432737112 ], [ 77.495300261303782, 583.338263927027583 ], [ 77.704959158785641, 582.808852761983871 ], [ 70.302600171475206, 579.853153010830283 ] ] ] } },
{ "type": "Feature", "properties": { "height": 5.0 }, "geometry": { "type": "Polygon", "coordinates": [ [ [ 60.045031636662316, 575.561215059831738 ], [ 58.075739730440546, 580.391510707326233 ], [ 67.20583766855998, 584.118098948150873 ], [ 69.18533575249603, 579.287907521240413 ], [ 60.045031636662316, 575.561215059831738 ] ] ] } },
{ "type": "Feature", "properties": { "height": 5.0 }, "geometry": { "type": "Polygon", "coordinates": [ [ [ 58.67384356923867, 555.070418929681182 ], [ 54.482482798106503, 565.481464669108391 ], [ 59.495230796572287, 567.493346627801657 ], [ 59.704775962338317, 566.975008956156671 ], [ 61.97823163686553, 561.361564662307501 ], [ 62.030418015376199, 561.251358458772302 ], [ 63.676379532611463, 557.082194344140589 ], [ 58.67384356923867, 555.070418929681182 ] ] ] } },
{ "type": "Feature", "properties": { "height": 5.0 }, "geometry": { "type": "Polygon", "coordinates": [ [ [ 47.873642389604356, 553.895868267863989 ], [ 45.680139508971479, 559.676252167671919 ], [ 50.755165541835595, 561.589109735563397 ], [ 52.938457753683906, 555.808619875460863 ], [ 47.873642389604356, 553.895868267863989 ] ] ] } },
{ "type": "Feature", "properties": { "height": 5.0 }, "geometry": { "type": "Polygon", "coordinates": [ [ [ 49.431867526378483, 539.426563802175224 ], [ 47.039558847376611, 544.684398028068244 ], [ 65.29057154833572, 553.023446880280972 ], [ 67.428909944777843, 547.641171691939235 ], [ 49.431867526378483, 539.426563802175224 ] ] ] } },
{ "type": "Feature", "properties": { "height": 5.0 }, "geometry": { "type": "Polygon", "coordinates": [ [ [ 67.428909944777843, 547.641171691939235 ], [ 69.504394965129904, 542.413290252909064 ], [ 48.773747527156956, 532.9522973485291 ], [ 46.68816139473347, 538.168997656553984 ], [ 49.431867526378483, 539.426563802175224 ], [ 67.428909944777843, 547.641171691939235 ] ] ] } },
{ "type": "Feature", "properties": { "height": 5.0 }, "geometry": { "type": "Polygon", "coordinates": [ [ [ 56.809305400180165, 524.009509834460914 ], [ 54.912507818255108, 528.740882713347673 ], [ 72.187751426361501, 535.66340433806181 ], [ 74.07433518266771, 530.931924224831164 ], [ 56.809305400180165, 524.009509834460914 ] ] ] } },
{ "type": "Feature", "properties": { "height": 5.0 }, "geometry": { "type": "Polygon", "coordinates": [ [ [ 77.672995804692619, 475.032006245106459 ], [ 75.725394744949881, 479.740708384662867 ], [ 78.994715075765271, 484.481067165732384 ], [ 82.521798629371915, 482.04784164391458 ], [ 77.672995804692619, 475.032006245106459 ] ] ] } },
{ "type": "Feature", "properties": { "height": 5.0 }, "geometry": { "type": "Polygon", "coordinates": [ [ [ 315.156645680079237, 1035.099212587811053 ], [ 317.839768861536868, 1025.392412382178009 ], [ 313.491970300965477, 1024.229134678840637 ], [ 312.249617804773152, 1028.867604538798332 ], [ 310.610274235077668, 1028.429898822680116 ], [ 309.676070749585051, 1031.897651544772089 ], [ 308.596749056887347, 1031.609678803011775 ], [ 308.150635404570494, 1033.288399057462811 ], [ 309.881747992010787, 1033.7381242364645 ], [ 315.156645680079237, 1035.099212587811053 ] ] ] } },
{ "type": "Feature", "properties": { "height": 5.0 }, "geometry": { "type": "Polygon", "coordinates": [ [ [ 312.659222575661261, 1044.619658933952451 ], [ 313.796178184449673, 1040.301262411288917 ], [ 315.156645680079237, 1035.099212587811053 ], [ 309.881747992010787, 1033.7381242364645 ], [ 308.243869811354671, 1040.100132660008967 ], [ 306.696065595315304, 1039.696592304855585 ], [ 306.45145018392941, 1040.646474743261933 ], [ 305.351595528598409, 1040.369364833459258 ], [ 304.777726925734896, 1042.556193426251411 ], [ 310.856872381526046, 1044.147051914595068 ], [ 312.659222575661261, 1044.619658933952451 ] ] ] } },
{ "type": "Feature", "properties": { "height": 5.0 }, "geometry": { "type": "Polygon", "coordinates": [ [ [ 88.165338949183933, 490.212539154104888 ], [ 86.896271737932693, 493.47748766373843 ], [ 88.675731662951875, 494.182454716414213 ], [ 89.483049802714959, 492.130933317355812 ], [ 88.165338949183933, 490.212539154104888 ] ] ] } },
{ "type": "Feature", "properties": { "height": 5.0 }, "geometry": { "type": "Polygon", "coordinates": [ [ [ 114.061915406608023, 542.274764579720795 ], [ 113.862809686048422, 542.771061645820737 ], [ 118.896088355395477, 544.772060558199883 ], [ 120.196577525639441, 541.429912514984608 ], [ 115.193926386418752, 539.429229773581028 ], [ 115.015580923995003, 539.892517572268844 ], [ 114.061915406608023, 542.274764579720795 ] ] ] } },
{ "type": "Feature", "properties": { "height": 5.0 }, "geometry": { "type": "Polygon", "coordinates": [ [ [ 103.264599586895201, 512.107385467737913 ], [ 101.867090866493527, 515.946881823241711 ], [ 103.87023469019914, 516.742748938500881 ], [ 104.81369174545398, 514.360397256910801 ], [ 104.139749352063518, 513.378896574489772 ], [ 103.264599586895201, 512.107385467737913 ] ] ] } },
{ "type": "Feature", "properties": { "height": 5.0 }, "geometry": { "type": "Polygon", "coordinates": [ [ [ 59.084772028727457, 496.424381849355996 ], [ 62.868376142287161, 486.939383218064904 ], [ 59.675606376549695, 485.666112489998341 ], [ 55.892000409599859, 495.151110405102372 ], [ 59.084772028727457, 496.424381849355996 ] ] ] } },
{ "type": "Feature", "properties": { "height": 5.0 }, "geometry": { "type": "Polygon", "coordinates": [ [ [ 63.937313637405168, 484.270392406731844 ], [ 67.563782682816964, 475.171377728693187 ], [ 64.371015218726825, 473.89810788910836 ], [ 60.744544393906835, 482.997121880762279 ], [ 63.937313637405168, 484.270392406731844 ] ] ] } },
{ "type": "Feature", "properties": { "height": 5.0 }, "geometry": { "type": "Polygon", "coordinates": [ [ [ 68.632832815637812, 472.491313362494111 ], [ 71.275115758704487, 465.763153098523617 ], [ 65.360069694987033, 457.196967018768191 ], [ 63.328626143804286, 462.115217437967658 ], [ 67.161917123827152, 463.649806645698845 ], [ 66.931270581728313, 464.234373416751623 ], [ 68.049782161659095, 464.677813664078712 ], [ 65.440065875591245, 471.21804372407496 ], [ 68.632832815637812, 472.491313362494111 ] ] ] } },
{ "type": "Feature", "properties": { "height": 5.33 }, "geometry": { "type": "Polygon", "coordinates": [ [ [ 72.100015355972573, 466.956627128645778 ], [ 70.716479446738958, 470.430808304809034 ], [ 73.380559698271099, 471.488209422677755 ], [ 74.061718929326162, 469.789769891649485 ], [ 72.100015355972573, 466.956627128645778 ] ] ] } },
{ "type": "Feature", "properties": { "height": 5.0 }, "geometry": { "type": "Polygon", "coordinates": [ [ [ 127.276838854944799, 509.276278046891093 ], [ 126.293036873918027, 514.581868368200958 ], [ 130.431926991150249, 516.186037044040859 ], [ 130.546849721402396, 515.93250965885818 ], [ 132.371360068500508, 511.27790445368737 ], [ 127.276838854944799, 509.276278046891093 ] ] ] } },
{ "type": "Feature", "properties": { "height": 5.0 }, "geometry": { "type": "Polygon", "coordinates": [ [ [ 132.371360068500508, 511.27790445368737 ], [ 133.75511242490029, 507.781571665778756 ], [ 130.409543191955891, 506.473518430255353 ], [ 125.854035664058756, 504.67678857408464 ], [ 125.204192712379154, 506.309106369502842 ], [ 127.276838854944799, 509.276278046891093 ], [ 132.371360068500508, 511.27790445368737 ] ] ] } },
{ "type": "Feature", "properties": { "height": 5.0 }, "geometry": { "type": "Polygon", "coordinates": [ [ [ 130.409543191955891, 506.473518430255353 ], [ 133.177504174935166, 499.436560006812215 ], [ 127.971146956610028, 497.389482770115137 ], [ 125.203183720179368, 504.42644034139812 ], [ 125.854035664058756, 504.67678857408464 ], [ 130.409543191955891, 506.473518430255353 ] ] ] } },
{ "type": "Feature", "properties": { "height": 5.0 }, "geometry": { "type": "Polygon", "coordinates": [ [ [ 142.792255856737029, 478.926141873002052 ], [ 141.137599800655153, 482.951255829073489 ], [ 143.221840315905865, 483.803326018154621 ], [ 144.866287073760759, 479.778106614947319 ], [ 142.792255856737029, 478.926141873002052 ] ] ] } },
{ "type": "Feature", "properties": { "height": 5.0 }, "geometry": { "type": "Polygon", "coordinates": [ [ [ 110.758176677802112, 482.449768736027181 ], [ 109.287586347258184, 483.475602796301246 ], [ 115.042524896969553, 491.730033176019788 ], [ 116.82734443800291, 486.964275937527418 ], [ 114.020194649754558, 482.948530923575163 ], [ 112.066251687414479, 484.312689151614904 ], [ 110.758176677802112, 482.449768736027181 ] ] ] } },
{ "type": "Feature", "properties": { "height": 5.0 }, "geometry": { "type": "Polygon", "coordinates": [ [ [ 143.192131655931007, 442.118810513988137 ], [ 137.712872401985805, 455.650666054338217 ], [ 142.674661542929243, 457.650921706110239 ], [ 148.153802546672523, 444.13013781607151 ], [ 147.909705446392763, 444.03902586735785 ], [ 143.192131655931007, 442.118810513988137 ] ] ] } },
{ "type": "Feature", "properties": { "height": 5.0 }, "geometry": { "type": "Polygon", "coordinates": [ [ [ 147.909705446392763, 444.03902586735785 ], [ 156.563477770367172, 422.65488750860095 ], [ 151.827433222497348, 420.546218549832702 ], [ 151.628558464057278, 421.020369503647089 ], [ 143.192131655931007, 442.118810513988137 ], [ 147.909705446392763, 444.03902586735785 ] ] ] } },
{ "type": "Feature", "properties": { "height": 5.0 }, "geometry": { "type": "Polygon", "coordinates": [ [ [ 54.722800268325955, 497.641875346191227 ], [ 52.458987481018994, 503.310790196061134 ], [ 55.814530532981735, 504.641113510355353 ], [ 58.06813334900653, 498.972092907875776 ], [ 54.722800268325955, 497.641875346191227 ] ] ] } },
{ "type": "Feature", "properties": { "height": 5.0 }, "geometry": { "type": "Polygon", "coordinates": [ [ [ 98.378882283403073, 464.115725975483656 ], [ 97.538656501972582, 466.388397334143519 ], [ 99.228495805698913, 468.853276123292744 ], [ 100.667521926457994, 464.947761500254273 ], [ 98.378882283403073, 464.115725975483656 ] ] ] } },
{ "type": "Feature", "properties": { "height": 5.0 }, "geometry": { "type": "Polygon", "coordinates": [ [ [ 308.728561558120418, 1089.22021272033453 ], [ 309.250358828518074, 1087.132517786696553 ], [ 309.995213280140888, 1084.205462699756026 ], [ 307.755116431741044, 1083.606530274264514 ], [ 308.997131709533278, 1079.001280521973968 ], [ 303.539478783553932, 1077.538639588281512 ], [ 300.766508271044586, 1087.045173043385148 ], [ 308.728561558120418, 1089.22021272033453 ] ] ] } },
{ "type": "Feature", "properties": { "height": 5.0 }, "geometry": { "type": "Polygon", "coordinates": [ [ [ 323.415935939818155, 1069.891496112570167 ], [ 323.256870514422189, 1070.465728892944753 ], [ 321.607426744303666, 1070.016846349462867 ], [ 321.331386428850237, 1071.04392646625638 ], [ 320.710221452929545, 1070.882489962503314 ], [ 319.331159095687326, 1075.907157896086574 ], [ 321.662681920046452, 1076.551327483728528 ], [ 321.599260887189303, 1076.761088730767369 ], [ 330.650617620616686, 1079.246339811012149 ], [ 332.071880846982822, 1074.089212336577475 ], [ 332.53852497524349, 1072.399628438055515 ], [ 329.199027841386851, 1071.479298431426287 ], [ 323.415935939818155, 1069.891496112570167 ] ] ] } },
{ "type": "Feature", "properties": { "height": 5.0 }, "geometry": { "type": "Polygon", "coordinates": [ [ [ 313.687004695355427, 1065.782398024573922 ], [ 314.535773335897829, 1062.679221697151661 ], [ 333.269730094645638, 1067.82234231941402 ], [ 335.094214347249363, 1061.185391960665584 ], [ 334.860086935106665, 1061.116535412147641 ], [ 322.540483796736225, 1057.733836749568582 ], [ 321.807360325998161, 1057.538024431094527 ], [ 310.108812720922288, 1054.327824728563428 ], [ 309.050387663010042, 1057.96041495911777 ], [ 308.552771542861592, 1059.682902704924345 ], [ 307.282637801719829, 1064.044225515797734 ], [ 313.687004695355427, 1065.782398024573922 ] ] ] } },
{ "type": "Feature", "properties": { "height": 5.0 }, "geometry": { "type": "Polygon", "coordinates": [ [ [ 334.860086935106665, 1061.116535412147641 ], [ 335.188881816808134, 1059.923881720751524 ], [ 336.89935190131655, 1060.395539808087051 ], [ 336.570557154889684, 1061.588193529285491 ], [ 338.851260252355132, 1062.209688530303538 ], [ 341.442716391815338, 1052.479792607948184 ], [ 336.698003973753657, 1051.190618295222521 ], [ 329.988392015744466, 1049.349643575027585 ], [ 329.426217913511209, 1051.392625717446208 ], [ 324.651107102341484, 1050.080985637381673 ], [ 322.540483796736225, 1057.733836749568582 ], [ 334.860086935106665, 1061.116535412147641 ] ] ] } },
{ "type": "Feature", "properties": { "height": 5.0 }, "geometry": { "type": "Polygon", "coordinates": [ [ [ 321.807360325998161, 1057.538024431094527 ], [ 324.307058774807956, 1047.796111781150103 ], [ 324.052513265458401, 1047.72704485245049 ], [ 318.788617467973381, 1046.288552335463464 ], [ 312.659222575661261, 1044.619658933952451 ], [ 310.108812720922288, 1054.327824728563428 ], [ 321.807360325998161, 1057.538024431094527 ] ] ] } },
{ "type": "Feature", "properties": { "height": 5.0 }, "geometry": { "type": "Polygon", "coordinates": [ [ [ 324.052513265458401, 1047.72704485245049 ], [ 325.272506918816362, 1043.276609342545271 ], [ 323.684093291580211, 1042.850503937341273 ], [ 323.886047029693145, 1042.077372957952321 ], [ 320.220775761059485, 1041.065091335214674 ], [ 318.788617467973381, 1046.288552335463464 ], [ 324.052513265458401, 1047.72704485245049 ] ] ] } },
{ "type": "Feature", "properties": { "height": 5.0 }, "geometry": { "type": "Polygon", "coordinates": [ [ [ 336.698003973753657, 1051.190618295222521 ], [ 337.196642340801191, 1049.3684704862535 ], [ 337.634497224527877, 1049.483721759170294 ], [ 339.745681538362987, 1041.775502623990178 ], [ 336.406077202467714, 1040.866247127763927 ], [ 321.44892748008715, 1036.814079758711159 ], [ 321.387900443223771, 1036.791302658617496 ], [ 320.220775761059485, 1041.065091335214674 ], [ 323.886047029693145, 1042.077372957952321 ], [ 328.722296187304892, 1043.400717258453369 ], [ 327.300463981402572, 1048.613210761919618 ], [ 329.988392015744466, 1049.349643575027585 ], [ 336.698003973753657, 1051.190618295222521 ] ] ] } },
{ "type": "Feature", "properties": { "height": 5.0 }, "geometry": { "type": "Polygon", "coordinates": [ [ [ 336.406077202467714, 1040.866247127763927 ], [ 336.978915118786972, 1038.779076838865876 ], [ 336.408797265088651, 1038.618166367523372 ], [ 337.183018170006108, 1035.813231222331524 ], [ 338.222498356073629, 1032.036476854234934 ], [ 327.23678650270449, 1029.0108179775998 ], [ 327.491495580819901, 1028.072113612666726 ], [ 321.922357770497911, 1026.530809689313173 ], [ 320.39524076069938, 1032.052302815951407 ], [ 321.861371094884817, 1032.455000963062048 ], [ 321.267200875619892, 1034.630546620115638 ], [ 321.990000008780044, 1034.837327189743519 ], [ 321.44892748008715, 1036.814079758711159 ], [ 336.406077202467714, 1040.866247127763927 ] ] ] } },
{ "type": "Feature", "properties": { "height": 5.0 }, "geometry": { "type": "Polygon", "coordinates": [ [ [ 306.004637127858587, 1069.16960281226784 ], [ 304.907374325499404, 1073.599151814356446 ], [ 311.932910358416848, 1075.498762028291821 ], [ 312.786809721786994, 1071.897289333865047 ], [ 307.541272246278822, 1070.658322017639875 ], [ 307.797237159160431, 1069.597812130115926 ], [ 306.004637127858587, 1069.16960281226784 ] ] ] } },
{ "type": "Feature", "properties": { "height": 5.0 }, "geometry": { "type": "Polygon", "coordinates": [ [ [ 306.217713295482099, 1068.307991098612547 ], [ 314.902443671773653, 1070.700882442295551 ], [ 313.551840935426299, 1075.93625707924366 ], [ 317.420962751319166, 1076.983861640095711 ], [ 319.704563574341591, 1067.405841367319226 ], [ 313.687004695355427, 1065.782398024573922 ], [ 307.282637801719829, 1064.044225515797734 ], [ 306.217713295482099, 1068.307991098612547 ] ] ] } },
{ "type": "Feature", "properties": { "height": 5.0 }, "geometry": { "type": "Polygon", "coordinates": [ [ [ 332.071880846982822, 1074.089212336577475 ], [ 335.402423323597759, 1074.887630766257644 ], [ 336.158279084542301, 1071.883166935294867 ], [ 329.61143467167858, 1070.099240258336067 ], [ 329.199027841386851, 1071.479298431426287 ], [ 332.53852497524349, 1072.399628438055515 ], [ 332.071880846982822, 1074.089212336577475 ] ] ] } },
{ "type": "Feature", "properties": { "height": 5.0 }, "geometry": { "type": "Polygon", "coordinates": [ [ [ 332.336843993107323, 987.844296839088202 ], [ 345.024145791714545, 991.208627117797732 ], [ 345.375066634092946, 989.85008458327502 ], [ 353.928517248074058, 992.097636792808771 ], [ 353.56716009194497, 993.478220920078456 ], [ 357.538239290995989, 994.537940040230751 ], [ 358.779435425938573, 990.010199631564319 ], [ 335.369497709616553, 983.855497200973332 ], [ 332.976506711507682, 983.232844913378358 ], [ 329.79957849503262, 982.391708110459149 ], [ 328.538867366558407, 986.830650323070586 ], [ 332.336843993107323, 987.844296839088202 ] ] ] } },
{ "type": "Feature", "properties": { "height": 5.0 }, "geometry": { "type": "Polygon", "coordinates": [ [ [ 162.082972026022617, 425.026342961937189 ], [ 157.24096695886692, 437.158318961039186 ], [ 151.179415431804955, 451.714099508710206 ], [ 155.653352576948237, 453.498907162807882 ], [ 166.413865228474606, 426.820747762918472 ], [ 162.082972026022617, 425.026342961937189 ] ] ] } },
{ "type": "Feature", "properties": { "height": 5.0 }, "geometry": { "type": "Polygon", "coordinates": [ [ [ 143.192131655931007, 442.118810513988137 ], [ 151.628558464057278, 421.020369503647089 ], [ 145.832860272203106, 418.701434666290879 ], [ 139.461093438731041, 434.627244054339826 ], [ 137.386217219755054, 439.799767527729273 ], [ 143.192131655931007, 442.118810513988137 ] ] ] } },
{ "type": "Feature", "properties": { "height": 5.0 }, "geometry": { "type": "Polygon", "coordinates": [ [ [ 179.885800607327837, 356.980197945609689 ], [ 183.640509663324337, 354.250286973081529 ], [ 182.472798794566188, 351.646831477060914 ], [ 178.397397413093131, 354.783191096968949 ], [ 179.885800607327837, 356.980197945609689 ] ] ] } },
{ "type": "Feature", "properties": { "height": 5.0 }, "geometry": { "type": "Polygon", "coordinates": [ [ [ 100.938129808346275, 361.481991206295788 ], [ 98.956953571527265, 366.478285020217299 ], [ 109.00319491699338, 370.457941830158234 ], [ 110.984253888542298, 365.472720107063651 ], [ 100.938129808346275, 361.481991206295788 ] ] ] } },
{ "type": "Feature", "properties": { "height": 5.0 }, "geometry": { "type": "Polygon", "coordinates": [ [ [ 97.121234125457704, 369.250114634633064 ], [ 94.940722782979719, 374.764851371757686 ], [ 95.439008587563876, 374.95825575850904 ], [ 94.568617044540588, 377.186318000778556 ], [ 94.192379007639829, 377.038470055907965 ], [ 92.106142291857395, 382.321615302935243 ], [ 98.125839486310724, 384.698255242779851 ], [ 103.262860088783782, 371.683382458984852 ], [ 97.121234125457704, 369.250114634633064 ] ] ] } },
{ "type": "Feature", "properties": { "height": 5.0 }, "geometry": { "type": "Polygon", "coordinates": [ [ [ 300.766508271044586, 1087.045173043385148 ], [ 303.539478783553932, 1077.538639588281512 ], [ 300.077585463121068, 1076.605968343093991 ], [ 299.313222934666555, 1079.444226775318384 ], [ 297.958933447429445, 1079.086975879967213 ], [ 297.07748075411655, 1082.389154677279294 ], [ 289.573250456422102, 1080.373864290304482 ], [ 288.670465245551895, 1083.764418488368392 ], [ 292.682174654153641, 1084.846720995381474 ], [ 300.766508271044586, 1087.045173043385148 ] ] ] } },
{ "type": "Feature", "properties": { "height": 5.0 }, "geometry": { "type": "Polygon", "coordinates": [ [ [ 332.976506711507682, 983.232844913378358 ], [ 333.805191427585669, 980.09623770788312 ], [ 334.161599107494112, 980.188501961529255 ], [ 334.745670635893475, 978.001777522265911 ], [ 331.304218065633904, 977.069322563707829 ], [ 330.64731425413629, 979.388190294615924 ], [ 329.79957849503262, 982.391708110459149 ], [ 332.976506711507682, 983.232844913378358 ] ] ] } },
{ "type": "Feature", "properties": { "height": 5.0 }, "geometry": { "type": "Polygon", "coordinates": [ [ [ 358.779435425938573, 990.010199631564319 ], [ 360.179808144865092, 984.897152775898576 ], [ 348.715097566484474, 981.789056926965714 ], [ 344.611873571062461, 980.67260280624032 ], [ 342.575518488360103, 980.120069557800889 ], [ 341.991334106889553, 982.317867500707507 ], [ 339.109558650350664, 981.568366266787052 ], [ 338.80118363694055, 982.761230217292905 ], [ 335.85838139266707, 981.988951301202178 ], [ 335.369497709616553, 983.855497200973332 ], [ 358.779435425938573, 990.010199631564319 ] ] ] } },
{ "type": "Feature", "properties": { "height": 5.0 }, "geometry": { "type": "Polygon", "coordinates": [ [ [ 337.183018170006108, 1035.813231222331524 ], [ 345.460505671799183, 1038.091169267892838 ], [ 346.734045407618396, 1033.397646142169833 ], [ 338.477092774643097, 1031.108845590613782 ], [ 338.222498356073629, 1032.036476854234934 ], [ 337.183018170006108, 1035.813231222331524 ] ] ] } },
{ "type": "Feature", "properties": { "height": 5.0 }, "geometry": { "type": "Polygon", "coordinates": [ [ [ 333.145177036116365, 1024.376081303693354 ], [ 332.328637312108185, 1027.324548223987222 ], [ 334.863766041875351, 1028.026184227317572 ], [ 334.746791886806022, 1028.479031670838594 ], [ 343.767492376558948, 1030.963961014524102 ], [ 344.669236491026822, 1027.673063370399177 ], [ 345.549536143895239, 1024.481614802032709 ], [ 345.697935251926538, 1023.95156975928694 ], [ 336.697543255286291, 1021.477924799546599 ], [ 336.549143834679853, 1022.007969767786562 ], [ 334.584133251570165, 1021.467244604602456 ], [ 333.735712619090918, 1024.537202117033303 ], [ 333.145177036116365, 1024.376081303693354 ] ] ] } },
{ "type": "Feature", "properties": { "height": 5.611 }, "geometry": { "type": "Polygon", "coordinates": [ [ [ 333.145177036116365, 1024.376081303693354 ], [ 333.735712619090918, 1024.537202117033303 ], [ 334.584133251570165, 1021.467244604602456 ], [ 335.029787627747282, 1019.832816721871495 ], [ 330.529536276881117, 1018.601528179831803 ], [ 325.296278146677651, 1017.16335269715637 ], [ 324.00231412082212, 1021.856664149090648 ], [ 333.145177036116365, 1024.376081303693354 ] ] ] } },
{ "type": "Feature", "properties": { "height": 5.983 }, "geometry": { "type": "Polygon", "coordinates": [ [ [ 317.839768861536868, 1025.392412382178009 ], [ 321.739162796526216, 1026.473551640287042 ], [ 324.019513376464602, 1018.202279881574214 ], [ 323.683637109410483, 1018.099152372218668 ], [ 324.033762471575756, 1016.81812303327024 ], [ 322.944346535892691, 1016.51897294446826 ], [ 320.39901112037478, 1015.817229628562927 ], [ 317.839768861536868, 1025.392412382178009 ] ] ] } },
{ "type": "Feature", "properties": { "height": 5.721 }, "geometry": { "type": "Polygon", "coordinates": [ [ [ 335.029787627747282, 1019.832816721871495 ], [ 349.314485590381082, 1023.745156761258841 ], [ 349.548612444952596, 1023.814013110473752 ], [ 350.906786490173545, 1018.833425718359649 ], [ 346.793456597311888, 1017.705794498324394 ], [ 346.591960231133271, 1018.43463271483779 ], [ 330.759922102035489, 1014.074458723887801 ], [ 329.868840524286497, 1017.321167761459947 ], [ 330.815784381644335, 1017.57455300912261 ], [ 330.529536276881117, 1018.601528179831803 ], [ 335.029787627747282, 1019.832816721871495 ] ] ] } },
{ "type": "Feature", "properties": { "height": 8.571 }, "geometry": { "type": "Polygon", "coordinates": [ [ [ 324.323289582098369, 1011.505377952940762 ], [ 326.624288641556632, 1012.138158795423806 ], [ 326.836679055064451, 1011.342986365780234 ], [ 351.172272914845962, 1017.839459831826389 ], [ 352.424137522873934, 1013.267531932331622 ], [ 329.860041487438139, 1007.265496496111155 ], [ 329.71129995334195, 1007.828761175274849 ], [ 323.103686435089912, 1005.999906275421381 ], [ 323.019049395166803, 1006.286970116198063 ], [ 322.023025031608995, 1009.80945916287601 ], [ 321.737118394405115, 1010.803214432671666 ], [ 324.323289582098369, 1011.505377952940762 ] ] ] } },
{ "type": "Feature", "properties": { "height": 5.0 }, "geometry": { "type": "Polygon", "coordinates": [ [ [ 328.980730081384536, 997.466650208458304 ], [ 327.549262004147749, 1002.623672395944595 ], [ 329.422957432048861, 1003.108086546882987 ], [ 329.63500562903937, 1002.346133847720921 ], [ 331.762903851398733, 1002.932834336534142 ], [ 331.581711178820115, 1003.672955828718841 ], [ 344.626005115511362, 1007.074183650314808 ], [ 344.891263865574729, 1006.102364359423518 ], [ 345.983381902857218, 1002.171109391376376 ], [ 333.714987106912304, 998.777869502082467 ], [ 328.980730081384536, 997.466650208458304 ] ] ] } },
{ "type": "Feature", "properties": { "height": 5.0 }, "geometry": { "type": "Polygon", "coordinates": [ [ [ 347.728428667411208, 998.290872607380152 ], [ 347.85595331247896, 997.804910399019718 ], [ 352.366294425271917, 999.047372248023748 ], [ 353.702565925254021, 994.210526777431369 ], [ 342.330187117273454, 991.059078965336084 ], [ 340.856064016465098, 996.392853932455182 ], [ 341.701143179088831, 996.623041171580553 ], [ 343.136642915487755, 997.025422109290957 ], [ 343.274376848537941, 996.539565017446876 ], [ 346.318589929898735, 997.379332602024078 ], [ 346.180856092541944, 997.865189718082547 ], [ 347.728428667411208, 998.290872607380152 ] ] ] } },
{ "type": "Feature", "properties": { "height": 5.0 }, "geometry": { "type": "Polygon", "coordinates": [ [ [ 341.701143179088831, 996.623041171580553 ], [ 341.138972209359054, 998.666023690253496 ], [ 338.165995117684361, 997.849137155339122 ], [ 337.826422436337452, 999.097052093595266 ], [ 350.522462619352154, 1002.605434355325997 ], [ 351.434413065842818, 999.314641444012523 ], [ 347.728428667411208, 998.290872607380152 ], [ 346.180856092541944, 997.865189718082547 ], [ 343.136642915487755, 997.025422109290957 ], [ 341.701143179088831, 996.623041171580553 ] ] ] } },
{ "type": "Feature", "properties": { "height": 5.0 }, "geometry": { "type": "Polygon", "coordinates": [ [ [ 333.714987106912304, 998.777869502082467 ], [ 334.288394149276428, 996.635333011858165 ], [ 330.286802208342124, 995.564218992367387 ], [ 332.336843993107323, 987.844296839088202 ], [ 328.538867366558407, 986.830650323070586 ], [ 327.18273957882775, 991.611917486414313 ], [ 325.773627430957276, 996.580904396250844 ], [ 328.980730081384536, 997.466650208458304 ], [ 333.714987106912304, 998.777869502082467 ] ] ] } },
{ "type": "Feature", "properties": { "height": 5.0 }, "geometry": { "type": "Polygon", "coordinates": [ [ [ 137.386217219755054, 439.799767527729273 ], [ 139.461093438731041, 434.627244054339826 ], [ 134.519616051344201, 432.638270583935082 ], [ 132.444624104828108, 437.82186671718955 ], [ 137.386217219755054, 439.799767527729273 ] ] ] } },
{ "type": "Feature", "properties": { "height": 5.0 }, "geometry": { "type": "Polygon", "coordinates": [ [ [ 126.113499310740735, 435.940381886437535 ], [ 128.114177805895451, 431.032881451770663 ], [ 128.703888070594985, 431.271524947136641 ], [ 138.130825144762639, 408.17882842477411 ], [ 136.102662923338357, 406.840059272944927 ], [ 132.857900958799291, 404.669237503781915 ], [ 129.652738583215978, 412.521196810528636 ], [ 120.94868624053197, 433.827282138168812 ], [ 126.113499310740735, 435.940381886437535 ] ] ] } },
{ "type": "Feature", "properties": { "height": 5.0 }, "geometry": { "type": "Polygon", "coordinates": [ [ [ 136.102662923338357, 406.840059272944927 ], [ 138.892309623828623, 402.649456412531435 ], [ 135.829935486835893, 400.613408985547721 ], [ 136.389997834747192, 399.766450902447104 ], [ 132.942318683490157, 397.471718054264784 ], [ 131.142565785034094, 396.755471999756992 ], [ 128.305746822094079, 395.618778527714312 ], [ 126.398549360455945, 400.372200484387577 ], [ 132.857900958799291, 404.669237503781915 ], [ 136.102662923338357, 406.840059272944927 ] ] ] } },
{ "type": "Feature", "properties": { "height": 5.0 }, "geometry": { "type": "Polygon", "coordinates": [ [ [ 132.942318683490157, 397.471718054264784 ], [ 135.625166967220139, 390.766115499660373 ], [ 130.988597007875796, 388.91317671071738 ], [ 128.305746822094079, 395.618778527714312 ], [ 132.942318683490157, 397.471718054264784 ] ] ] } },
{ "type": "Feature", "properties": { "height": 5.0 }, "geometry": { "type": "Polygon", "coordinates": [ [ [ 135.625166967220139, 390.766115499660373 ], [ 138.339552475255914, 383.972242136485875 ], [ 133.702984444738831, 382.119304094463587 ], [ 130.988597007875796, 388.91317671071738 ], [ 135.625166967220139, 390.766115499660373 ] ] ] } },
{ "type": "Feature", "properties": { "height": 5.0 }, "geometry": { "type": "Polygon", "coordinates": [ [ [ 138.339552475255914, 383.972242136485875 ], [ 141.06414438696811, 377.178473603911698 ], [ 140.966953448136337, 371.750993134453893 ], [ 138.282698705093935, 370.671246429905295 ], [ 133.702984444738831, 382.119304094463587 ], [ 138.339552475255914, 383.972242136485875 ] ] ] } },
{ "type": "Feature", "properties": { "height": 5.0 }, "geometry": { "type": "Polygon", "coordinates": [ [ [ 153.630377390771173, 393.2220005299896 ], [ 155.589864313427825, 388.347295762971044 ], [ 148.767207490571309, 385.61909450031817 ], [ 143.13417869299883, 383.368281224742532 ], [ 141.184896783553995, 388.243089790455997 ], [ 148.322654334420804, 391.107436370104551 ], [ 153.630377390771173, 393.2220005299896 ] ] ] } },
{ "type": "Feature", "properties": { "height": 5.0 }, "geometry": { "type": "Polygon", "coordinates": [ [ [ 155.589864313427825, 388.347295762971044 ], [ 157.70704684528755, 383.031238614581525 ], [ 150.894600964442361, 380.303143450990319 ], [ 148.767207490571309, 385.61909450031817 ], [ 155.589864313427825, 388.347295762971044 ] ] ] } },
{ "type": "Feature", "properties": { "height": 5.0 }, "geometry": { "type": "Polygon", "coordinates": [ [ [ 147.111824579071254, 409.522830419242382 ], [ 147.457503025245387, 408.673661813139915 ], [ 148.956393827393185, 404.901653877459466 ], [ 153.630377390771173, 393.2220005299896 ], [ 148.322654334420804, 391.107436370104551 ], [ 141.783792909176555, 407.396980441175401 ], [ 147.111824579071254, 409.522830419242382 ] ] ] } },
{ "type": "Feature", "properties": { "height": 5.0 }, "geometry": { "type": "Polygon", "coordinates": [ [ [ 141.783792909176555, 407.396980441175401 ], [ 140.767174000793602, 409.944696383550763 ], [ 145.644700708740856, 413.184421250596642 ], [ 147.111824579071254, 409.522830419242382 ], [ 141.783792909176555, 407.396980441175401 ] ] ] } },
{ "type": "Feature", "properties": { "height": 5.0 }, "geometry": { "type": "Polygon", "coordinates": [ [ [ 147.457503025245387, 408.673661813139915 ], [ 153.313422422274016, 411.092887084931135 ], [ 154.863013115013018, 407.354624625295401 ], [ 148.956393827393185, 404.901653877459466 ], [ 147.457503025245387, 408.673661813139915 ] ] ] } },
{ "type": "Feature", "properties": { "height": 5.0 }, "geometry": { "type": "Polygon", "coordinates": [ [ [ 158.596646534220781, 418.556152977049351 ], [ 160.470583606569562, 414.057096819393337 ], [ 155.854991649568547, 412.149010657332838 ], [ 153.991262065654155, 416.648171536624432 ], [ 158.596646534220781, 418.556152977049351 ] ] ] } },
{ "type": "Feature", "properties": { "height": 5.0 }, "geometry": { "type": "Polygon", "coordinates": [ [ [ 163.323966370837297, 420.520762023515999 ], [ 165.344819552265108, 415.635614207945764 ], [ 162.935392057988793, 414.63622672110796 ], [ 162.778380007075612, 415.011139328591526 ], [ 160.470583606569562, 414.057096819393337 ], [ 158.596646534220781, 418.556152977049351 ], [ 163.323966370837297, 420.520762023515999 ] ] ] } },
{ "type": "Feature", "properties": { "height": 5.0 }, "geometry": { "type": "Polygon", "coordinates": [ [ [ 163.323966370837297, 420.520762023515999 ], [ 168.122520352888387, 422.50825260579586 ], [ 170.072253319260199, 417.589147816412151 ], [ 165.344819552265108, 415.635614207945764 ], [ 163.323966370837297, 420.520762023515999 ] ] ] } },
{ "type": "Feature", "properties": { "height": 5.0 }, "geometry": { "type": "Polygon", "coordinates": [ [ [ 177.907087071158458, 391.456695958971977 ], [ 176.575311145163141, 394.864972197450697 ], [ 178.741210304608103, 395.71787977963686 ], [ 179.328535327513237, 394.206734599545598 ], [ 180.072985776409041, 392.309603370726109 ], [ 177.907087071158458, 391.456695958971977 ] ] ] } },
{ "type": "Feature", "properties": { "height": 5.0 }, "geometry": { "type": "Polygon", "coordinates": [ [ [ 179.721003669255879, 370.987671099603176 ], [ 184.215221618011128, 372.783755058422685 ], [ 183.894973299349658, 375.128236382268369 ], [ 185.443958786258008, 375.409988090395927 ], [ 185.970635815232527, 367.895869151689112 ], [ 181.649282474711072, 366.168014023452997 ], [ 181.418641862284858, 366.752582331188023 ], [ 179.721003669255879, 370.987671099603176 ] ] ] } },
{ "type": "Feature", "properties": { "height": 6.68 }, "geometry": { "type": "Polygon", "coordinates": [ [ [ 58.68711826245999, 1102.236674696207047 ], [ 63.227758572145831, 1103.51276065222919 ], [ 64.054908307676669, 1100.531191304326057 ], [ 68.137503465462942, 1101.669659191742539 ], [ 70.893636837310623, 1091.830753166228533 ], [ 71.504477254638914, 1092.003168352879584 ], [ 73.725779012369458, 1083.531977600418031 ], [ 66.626825153420214, 1073.901535224169493 ], [ 61.761296069656964, 1091.260382380336523 ], [ 58.68711826245999, 1102.236674696207047 ] ] ] } },
{ "type": "Feature", "properties": { "height": 5.656 }, "geometry": { "type": "Polygon", "coordinates": [ [ [ 344.834699751751032, 979.855388740077615 ], [ 345.934436353913043, 980.143569165840745 ], [ 346.09384209458949, 979.536116418428719 ], [ 348.22862416395219, 971.518055270425975 ], [ 347.750049074238632, 971.391310596838593 ], [ 342.862435309856664, 970.100665604695678 ], [ 340.568244444613811, 978.726178835146129 ], [ 344.834699751751032, 979.855388740077615 ] ] ] } },
{ "type": "Feature", "properties": { "height": 5.0 }, "geometry": { "type": "Polygon", "coordinates": [ [ [ 348.715097566484474, 981.789056926965714 ], [ 348.927828371000942, 980.960664475336671 ], [ 356.870093817182351, 983.069031303748488 ], [ 358.474241477146279, 977.005681157112122 ], [ 362.160258559917565, 977.984944391064346 ], [ 363.269645320309792, 973.367251695133746 ], [ 361.548861868039239, 972.906564315780997 ], [ 359.05412252061069, 972.249645752832294 ], [ 358.724875173124019, 973.486592904664576 ], [ 357.258636118494906, 973.094971409067512 ], [ 357.587883586238604, 971.858024284243584 ], [ 354.105480915808585, 970.936227628029883 ], [ 348.281249046092853, 969.381232384592295 ], [ 347.750049074238632, 971.391310596838593 ], [ 348.22862416395219, 971.518055270425975 ], [ 350.570568074646872, 972.140179739333689 ], [ 350.060470454103779, 974.084028650075197 ], [ 347.912043720774818, 973.508193701505661 ], [ 346.287245672836434, 979.59347927570343 ], [ 346.09384209458949, 979.536116418428719 ], [ 345.934436353913043, 980.143569165840745 ], [ 344.834699751751032, 979.855388740077615 ], [ 344.611873571062461, 980.67260280624032 ], [ 348.715097566484474, 981.789056926965714 ] ] ] } },
{ "type": "Feature", "properties": { "height": 5.517 }, "geometry": { "type": "Polygon", "coordinates": [ [ [ 361.548861868039239, 972.906564315780997 ], [ 363.343494894506875, 966.191783053800464 ], [ 355.890022093488369, 964.210268758237362 ], [ 354.105480915808585, 970.936227628029883 ], [ 357.587883586238604, 971.858024284243584 ], [ 359.05412252061069, 972.249645752832294 ], [ 361.548861868039239, 972.906564315780997 ] ] ] } },
{ "type": "Feature", "properties": { "height": 5.0 }, "geometry": { "type": "Polygon", "coordinates": [ [ [ 454.284972457622644, 1087.373538770712912 ], [ 456.969033764500637, 1077.567058904096484 ], [ 453.048972124874126, 1076.507893487811089 ], [ 452.478737896657549, 1076.358060940168798 ], [ 450.154884313174989, 1084.894686661660671 ], [ 448.536063520179596, 1084.446133741177619 ], [ 448.196498954610433, 1085.694050712510943 ], [ 454.284972457622644, 1087.373538770712912 ] ] ] } },
{ "type": "Feature", "properties": { "height": 6.783 }, "geometry": { "type": "Polygon", "coordinates": [ [ [ 463.855541916913353, 1090.008013337850571 ], [ 464.630195488512982, 1087.158779803663492 ], [ 462.482090075325686, 1086.549743134528399 ], [ 465.242620892764535, 1076.256774067878723 ], [ 457.860430995293427, 1074.287123940885067 ], [ 456.969033764500637, 1077.567058904096484 ], [ 454.284972457622644, 1087.373538770712912 ], [ 463.855541916913353, 1090.008013337850571 ] ] ] } },
{ "type": "Feature", "properties": { "height": 5.0 }, "geometry": { "type": "Polygon", "coordinates": [ [ [ 461.796206996950787, 1059.919781416654587 ], [ 463.058703794318717, 1055.303657964803278 ], [ 459.189132897125091, 1051.32136589102447 ], [ 457.886823398119304, 1055.837409820407629 ], [ 457.092434668855276, 1058.619993576779962 ], [ 457.865826840337832, 1058.87158527970314 ], [ 461.796206996950787, 1059.919781416654587 ] ] ] } },
{ "type": "Feature", "properties": { "height": 7.172 }, "geometry": { "type": "Polygon", "coordinates": [ [ [ 456.969033764500637, 1077.567058904096484 ], [ 457.860430995293427, 1074.287123940885067 ], [ 458.878779788676184, 1070.576592212542892 ], [ 461.796206996950787, 1059.919781416654587 ], [ 457.865826840337832, 1058.87158527970314 ], [ 453.048972124874126, 1076.507893487811089 ], [ 456.969033764500637, 1077.567058904096484 ] ] ] } },
{ "type": "Feature", "properties": { "height": 5.0 }, "geometry": { "type": "Polygon", "coordinates": [ [ [ 330.253719925589394, 963.0715052485466 ], [ 329.41437003883766, 966.252300229854882 ], [ 333.792779367649928, 967.415889428928494 ], [ 334.250009614799637, 965.648687585256994 ], [ 334.61182408296736, 964.223810808733106 ], [ 330.253719925589394, 963.0715052485466 ] ] ] } },
{ "type": "Feature", "properties": { "height": 5.0 }, "geometry": { "type": "Polygon", "coordinates": [ [ [ 464.630195488512982, 1087.158779803663492 ], [ 468.449566438968759, 1073.188917880877852 ], [ 458.878779788676184, 1070.576592212542892 ], [ 457.860430995293427, 1074.287123940885067 ], [ 465.242620892764535, 1076.256774067878723 ], [ 462.482090075325686, 1086.549743134528399 ], [ 464.630195488512982, 1087.158779803663492 ] ] ] } },
{ "type": "Feature", "properties": { "height": 5.0 }, "geometry": { "type": "Polygon", "coordinates": [ [ [ 250.179788307810668, 936.842237224802375 ], [ 251.147366310062353, 933.109044736251235 ], [ 240.18022311135428, 930.271770898252726 ], [ 239.255075662280433, 933.850357834249735 ], [ 250.179788307810668, 936.842237224802375 ] ] ] } },
{ "type": "Feature", "properties": { "height": 5.0 }, "geometry": { "type": "Polygon", "coordinates": [ [ [ 163.823316971422173, 1041.735543655231595 ], [ 164.873280360014178, 1037.936757851392031 ], [ 162.531674021971412, 1037.281384097412229 ], [ 161.491805115132593, 1041.091348236426711 ], [ 163.823316971422173, 1041.735543655231595 ] ] ] } },
{ "type": "Feature", "properties": { "height": 5.0 }, "geometry": { "type": "Polygon", "coordinates": [ [ [ 164.112522467621602, 1031.505745260044932 ], [ 165.438650226744357, 1026.668808397836983 ], [ 162.536910774011631, 1025.874768986366689 ], [ 161.200458803330548, 1030.722673688083887 ], [ 164.112522467621602, 1031.505745260044932 ] ] ] } },
{ "type": "Feature", "properties": { "height": 5.0 }, "geometry": { "type": "Polygon", "coordinates": [ [ [ 125.920380995376036, 1060.791607497259974 ], [ 125.464835199003574, 1062.392705259844661 ], [ 126.880032698623836, 1062.783823606558144 ], [ 127.315159955760464, 1061.182515343651175 ], [ 125.920380995376036, 1060.791607497259974 ] ] ] } },
{ "type": "Feature", "properties": { "height": 5.0 }, "geometry": { "type": "Polygon", "coordinates": [ [ [ 127.06849109363975, 1069.264311980456114 ], [ 128.161128628475126, 1065.288777062669396 ], [ 124.964229309058283, 1064.403092723339796 ], [ 123.95303625712404, 1068.40161585342139 ], [ 127.06849109363975, 1069.264311980456114 ] ] ] } },
{ "type": "Feature", "properties": { "height": 5.0 }, "geometry": { "type": "Polygon", "coordinates": [ [ [ 180.666682762617711, 969.748087706044316 ], [ 182.046699103142601, 964.634844089858234 ], [ 178.207785882521421, 963.631810132414103 ], [ 176.808034627872985, 968.678403494879603 ], [ 180.666682762617711, 969.748087706044316 ] ] ] } },
{ "type": "Feature", "properties": { "height": 5.0 }, "geometry": { "type": "Polygon", "coordinates": [ [ [ 174.904569298843853, 1002.79020051471889 ], [ 175.786046572902706, 999.488027528859675 ], [ 172.792543946823571, 998.681969787925482 ], [ 171.992511021962855, 1002.007130783051252 ], [ 174.904569298843853, 1002.79020051471889 ] ] ] } },
{ "type": "Feature", "properties": { "height": 5.0 }, "geometry": { "type": "Polygon", "coordinates": [ [ [ 150.924150919890963, 1079.731892548501492 ], [ 159.018218207813334, 1081.974822420626879 ], [ 160.248131825763267, 1077.557722938247025 ], [ 152.133876716834493, 1075.29243666306138 ], [ 150.924150919890963, 1079.731892548501492 ] ] ] } },
{ "type": "Feature", "properties": { "height": 5.0 }, "geometry": { "type": "Polygon", "coordinates": [ [ [ 114.910821875499096, 372.811270486563444 ], [ 107.953463294601534, 391.067737970501184 ], [ 109.590902534429915, 391.682643221691251 ], [ 113.364249945909251, 392.098084082826972 ], [ 119.944154678552877, 374.801199333742261 ], [ 114.910821875499096, 372.811270486563444 ] ] ] } },
{ "type": "Feature", "properties": { "height": 5.0 }, "geometry": { "type": "Polygon", "coordinates": [ [ [ 82.721697110799141, 440.886181834153831 ], [ 81.653565128275659, 443.477660901844501 ], [ 82.579067162703723, 444.816139784641564 ], [ 83.454439156164881, 446.065506003797054 ], [ 84.816867357410956, 442.657552862539887 ], [ 82.721697110799141, 440.886181834153831 ] ] ] } },
{ "type": "Feature", "properties": { "height": 5.0 }, "geometry": { "type": "Polygon", "coordinates": [ [ [ 68.664627109712455, 483.267079187557101 ], [ 54.034617461788002, 519.816896570846438 ], [ 56.617263830150478, 520.851311277598143 ], [ 58.31495265540434, 516.616234631277621 ], [ 59.463980375032406, 517.071064479649067 ], [ 72.39629314787453, 484.756320618093014 ], [ 68.664627109712455, 483.267079187557101 ] ] ] } },
{ "type": "Feature", "properties": { "height": 5.0 }, "geometry": { "type": "Polygon", "coordinates": [ [ [ 173.751492721261457, 342.941020151600242 ], [ 174.956652231048793, 339.930119114927948 ], [ 173.573698844469618, 338.398665189743042 ], [ 173.492828311107587, 338.320310486480594 ], [ 171.88062663533492, 342.190822402946651 ], [ 173.751492721261457, 342.941020151600242 ] ] ] } },
{ "type": "Feature", "properties": { "height": 5.0 }, "geometry": { "type": "Polygon", "coordinates": [ [ [ 179.721003669255879, 370.987671099603176 ], [ 181.418641862284858, 366.752582331188023 ], [ 173.121664084435906, 363.433324906975031 ], [ 171.42402374203084, 367.668412838131189 ], [ 179.721003669255879, 370.987671099603176 ] ] ] } },
{ "type": "Feature", "properties": { "height": 5.0 }, "geometry": { "type": "Polygon", "coordinates": [ [ [ 179.885800607327837, 356.980197945609689 ], [ 180.110531802696642, 361.921716365031898 ], [ 185.279104044893757, 361.687053184956312 ], [ 185.250874659512192, 361.454198909923434 ], [ 184.421203362115193, 356.76115785446018 ], [ 179.885800607327837, 356.980197945609689 ] ] ] } },
{ "type": "Feature", "properties": { "height": 5.0 }, "geometry": { "type": "Polygon", "coordinates": [ [ [ 172.766536492505111, 345.389394229277968 ], [ 162.642855904472526, 370.711964252404869 ], [ 167.065839305112604, 372.485170418396592 ], [ 172.200967363023665, 359.647449117153883 ], [ 172.861907918180805, 359.908974104560912 ], [ 177.860661786922719, 347.424227753654122 ], [ 172.766536492505111, 345.389394229277968 ] ] ] } },
{ "type": "Feature", "properties": { "height": 5.0 }, "geometry": { "type": "Polygon", "coordinates": [ [ [ 279.083061036712024, 934.039066405035555 ], [ 281.09910358680645, 934.580325472168624 ], [ 281.315312201331835, 932.423037784174085 ], [ 291.10703982290579, 933.39874698407948 ], [ 292.672541296575218, 927.124590137042105 ], [ 289.14970334462123, 923.190115389414132 ], [ 288.649913897446822, 923.140671213157475 ], [ 288.752513998420909, 922.100731171667576 ], [ 288.877470682724379, 920.872756009921432 ], [ 286.102764382900205, 920.633769704028964 ], [ 285.95522278273711, 922.071926488541067 ], [ 285.875777297536843, 922.846318602561951 ], [ 280.265907685854472, 922.29020076803863 ], [ 279.083061036712024, 934.039066405035555 ] ] ] } },
{ "type": "Feature", "properties": { "height": 5.0 }, "geometry": { "type": "Polygon", "coordinates": [ [ [ 270.438341937900987, 931.735155330970883 ], [ 274.093715652474202, 932.71412630751729 ], [ 274.485700638673734, 929.351535758934915 ], [ 277.810445473704021, 929.718007205054164 ], [ 278.562874014081899, 923.081096634268761 ], [ 270.302175427379552, 922.154369238764048 ], [ 270.270293730020057, 922.275859659537673 ], [ 267.862168108753394, 931.055232979357243 ], [ 270.438341937900987, 931.735155330970883 ] ] ] } },
{ "type": "Feature", "properties": { "height": 5.079 }, "geometry": { "type": "Polygon", "coordinates": [ [ [ 265.14668585214531, 940.927809386514127 ], [ 266.472659668826964, 936.101938391104341 ], [ 266.981855308287777, 934.246677836403251 ], [ 265.414101312810089, 933.798629087395966 ], [ 265.106747283076402, 934.89183250349015 ], [ 260.769986713130493, 933.651129672303796 ], [ 259.15992594108684, 939.293582414276898 ], [ 265.14668585214531, 940.927809386514127 ] ] ] } },
{ "type": "Feature", "properties": { "height": 5.0 }, "geometry": { "type": "Polygon", "coordinates": [ [ [ 266.981855308287777, 934.246677836403251 ], [ 267.862168108753394, 931.055232979357243 ], [ 270.270293730020057, 922.275859659537673 ], [ 267.730852531210985, 921.994995024055243 ], [ 267.762620209541637, 921.884577866643667 ], [ 268.567249201296363, 919.102107528597116 ], [ 265.027545778721105, 918.788792138919234 ], [ 264.148601397231687, 921.847357768565416 ], [ 262.517326407192741, 927.56711333617568 ], [ 263.30114599672379, 927.796674537472427 ], [ 261.881693143979646, 932.776624624617398 ], [ 265.414101312810089, 933.798629087395966 ], [ 266.981855308287777, 934.246677836403251 ] ] ] } },
{ "type": "Feature", "properties": { "height": 5.0 }, "geometry": { "type": "Polygon", "coordinates": [ [ [ 259.15992594108684, 939.293582414276898 ], [ 260.769986713130493, 933.651129672303796 ], [ 262.517326407192741, 927.56711333617568 ], [ 264.148601397231687, 921.847357768565416 ], [ 265.027545778721105, 918.788792138919234 ], [ 258.988554067269433, 918.261469816789031 ], [ 258.957926796691027, 918.261154377833009 ], [ 258.142630697169807, 921.08781217224896 ], [ 259.689964944613166, 921.535651499405503 ], [ 259.615764187241439, 921.800673673860729 ], [ 255.80260585603537, 935.150389796122909 ], [ 254.265365282655694, 934.713728543370962 ], [ 253.407406366954092, 937.717137653380632 ], [ 257.907627409615088, 938.948451713658869 ], [ 259.15992594108684, 939.293582414276898 ] ] ] } },
{ "type": "Feature", "properties": { "height": 6.861 }, "geometry": { "type": "Polygon", "coordinates": [ [ [ 251.147366310062353, 933.109044736251235 ], [ 254.466979537450243, 933.973818081431091 ], [ 255.632178735162597, 929.888278926722705 ], [ 251.294165725528728, 928.769379001110792 ], [ 239.013474214647431, 925.586341720074415 ], [ 237.919506117410492, 929.694762448780239 ], [ 240.18022311135428, 930.271770898252726 ], [ 251.147366310062353, 933.109044736251235 ] ] ] } },
{ "type": "Feature", "properties": { "height": 5.0 }, "geometry": { "type": "Polygon", "coordinates": [ [ [ 442.433923770964611, 1084.095433190464973 ], [ 443.144820384506602, 1081.48918198980391 ], [ 444.030628671229351, 1081.73085624538362 ], [ 445.091640557278879, 1077.843573334626853 ], [ 443.3607473387965, 1077.37171816918999 ], [ 444.06120655691484, 1074.787508418783545 ], [ 440.232915212807711, 1073.740357831120491 ], [ 440.402982500905637, 1073.088716292753816 ], [ 437.735236358072143, 1072.374660836532712 ], [ 427.726484476705082, 1069.65813952498138 ], [ 427.319142099760938, 1069.554279341362417 ], [ 424.820080242294353, 1079.240839551202953 ], [ 429.941295124881435, 1080.655675899237394 ], [ 442.433923770964611, 1084.095433190464973 ] ] ] } },
{ "type": "Feature", "properties": { "height": 5.0 }, "geometry": { "type": "Polygon", "coordinates": [ [ [ 445.086681749089621, 1074.355079527944326 ], [ 444.449869767588098, 1076.707381133921444 ], [ 450.833836309902836, 1078.445282436907291 ], [ 451.470761195698287, 1076.081907361745834 ], [ 447.25543095608009, 1074.942182411439717 ], [ 445.086681749089621, 1074.355079527944326 ] ] ] } },
{ "type": "Feature", "properties": { "height": 7.916 }, "geometry": { "type": "Polygon", "coordinates": [ [ [ 443.564807458838914, 1050.584790742024779 ], [ 443.872719207254704, 1049.436218066141009 ], [ 446.792774146830197, 1038.524724876508117 ], [ 444.053653872164432, 1035.816540012136102 ], [ 440.248453243286349, 1033.518216506578028 ], [ 436.730834533751477, 1036.018075158819556 ], [ 433.287669793411624, 1048.153446598909795 ], [ 433.776571082533337, 1048.269220058806241 ], [ 436.129422869649716, 1048.824995441362262 ], [ 443.564807458838914, 1050.584790742024779 ] ] ] } },
{ "type": "Feature", "properties": { "height": 5.0 }, "geometry": { "type": "Polygon", "coordinates": [ [ [ 186.356943966122344, 986.285481549799442 ], [ 187.576405999425333, 981.890421497635543 ], [ 178.077638791350182, 979.234349396079779 ], [ 176.878249979636166, 983.662838997319341 ], [ 186.356943966122344, 986.285481549799442 ] ] ] } },
{ "type": "Feature", "properties": { "height": 5.593 }, "geometry": { "type": "Polygon", "coordinates": [ [ [ 178.149849947716575, 995.016164554283023 ], [ 177.015138272021431, 999.113087555393577 ], [ 181.148757057788316, 1000.25205113645643 ], [ 182.28346762136789, 996.155127877369523 ], [ 178.149849947716575, 995.016164554283023 ] ] ] } },
{ "type": "Feature", "properties": { "height": 5.0 }, "geometry": { "type": "Polygon", "coordinates": [ [ [ 159.572168898477685, 330.856605285778642 ], [ 160.934767567028757, 331.391150772571564 ], [ 159.310185550886672, 335.471948342397809 ], [ 163.682570795353968, 337.200336938723922 ], [ 164.982349744939711, 333.924625288695097 ], [ 167.839576155762188, 335.061522694304585 ], [ 168.374258923286106, 333.704877516254783 ], [ 163.415656743978616, 330.408950531855226 ], [ 160.431882793491241, 328.672727586701512 ], [ 159.572168898477685, 330.856605285778642 ] ] ] } },
{ "type": "Feature", "properties": { "height": 5.0 }, "geometry": { "type": "Polygon", "coordinates": [ [ [ 154.809230484126601, 329.378901330754161 ], [ 159.425252029206604, 331.242696357890964 ], [ 159.572168898477685, 330.856605285778642 ], [ 160.431882793491241, 328.672727586701512 ], [ 159.619982505100779, 328.199231259524822 ], [ 156.165811000042595, 326.535679301247001 ], [ 155.972530973202083, 326.467240113765001 ], [ 154.809230484126601, 329.378901330754161 ] ] ] } },
{ "type": "Feature", "properties": { "height": 5.0 }, "geometry": { "type": "Polygon", "coordinates": [ [ [ 154.809230484126601, 329.378901330754161 ], [ 155.972530973202083, 326.467240113765001 ], [ 154.182766491372604, 325.773248197510839 ], [ 153.030016832926776, 328.651794727891684 ], [ 154.809230484126601, 329.378901330754161 ] ] ] } },
{ "type": "Feature", "properties": { "height": 5.0 }, "geometry": { "type": "Polygon", "coordinates": [ [ [ 116.701561143447179, 330.835431466810405 ], [ 114.841228635341395, 332.034437546506524 ], [ 107.581848049245309, 339.977479197084904 ], [ 111.071417904633563, 343.158607099205256 ], [ 119.786665134772193, 333.635855428874493 ], [ 116.701561143447179, 330.835431466810405 ] ] ] } },
{ "type": "Feature", "properties": { "height": 5.0 }, "geometry": { "type": "Polygon", "coordinates": [ [ [ 61.278639543044847, 186.75001210719347 ], [ 61.22977850533789, 189.507046656683087 ], [ 65.649869304208551, 189.57479272224009 ], [ 65.698615279630758, 186.828831477090716 ], [ 61.278639543044847, 186.75001210719347 ] ] ] } },
{ "type": "Feature", "properties": { "height": 5.0 }, "geometry": { "type": "Polygon", "coordinates": [ [ [ 75.119071185879875, 184.157394576817751 ], [ 75.124196889635641, 188.609376978129148 ], [ 79.667475579830352, 188.611942812800407 ], [ 79.672557079058606, 184.160065789707005 ], [ 75.119071185879875, 184.157394576817751 ] ] ] } },
{ "type": "Feature", "properties": { "height": 5.0 }, "geometry": { "type": "Polygon", "coordinates": [ [ [ 79.83827570307767, 173.043025902472436 ], [ 75.141644738439936, 173.06102685816586 ], [ 75.177024635951966, 179.52887159679085 ], [ 79.873771891638171, 179.499797243624926 ], [ 79.83827570307767, 173.043025902472436 ] ] ] } },
{ "type": "Feature", "properties": { "height": 5.0 }, "geometry": { "type": "Polygon", "coordinates": [ [ [ 85.126373463193886, 169.132917277514935 ], [ 84.964786603988614, 182.819272296503186 ], [ 89.201348939386662, 182.862969482317567 ], [ 89.352723259071354, 169.176509339362383 ], [ 85.126373463193886, 169.132917277514935 ] ] ] } },
{ "type": "Feature", "properties": { "height": 5.0 }, "geometry": { "type": "Polygon", "coordinates": [ [ [ 73.903832243231591, 134.697431100532413 ], [ 73.784803933347575, 169.990482059307396 ], [ 78.481091281923, 170.005701413378119 ], [ 78.524108597368468, 156.927217674441636 ], [ 82.852883285260759, 156.9386449996382 ], [ 82.883691432652995, 148.012954758480191 ], [ 78.667213544191327, 148.002685617655516 ], [ 78.712402325065341, 134.713809356093407 ], [ 73.903832243231591, 134.697431100532413 ] ] ] } },
{ "type": "Feature", "properties": { "height": 5.0 }, "geometry": { "type": "Polygon", "coordinates": [ [ [ 89.763884805550333, 142.181237978860736 ], [ 84.372967953677289, 142.203154616057873 ], [ 84.407980498333927, 150.686545715667307 ], [ 89.798786259023473, 150.675702169537544 ], [ 89.763884805550333, 142.181237978860736 ] ] ] } },
{ "type": "Feature", "properties": { "height": 5.0 }, "geometry": { "type": "Polygon", "coordinates": [ [ [ 65.592922318552155, 142.640676425769925 ], [ 61.590711126453243, 142.64368708524853 ], [ 61.592508047935553, 144.448841428384185 ], [ 65.584396945021581, 144.456798706203699 ], [ 65.592922318552155, 142.640676425769925 ] ] ] } },
{ "type": "Feature", "properties": { "height": 5.0 }, "geometry": { "type": "Polygon", "coordinates": [ [ [ 65.732667142932769, 148.888109272345901 ], [ 61.577325827616733, 148.889540359377861 ], [ 61.578501233307179, 157.682667903602123 ], [ 65.733845044567715, 157.681236679665744 ], [ 65.732667142932769, 148.888109272345901 ] ] ] } },
{ "type": "Feature", "properties": { "height": 8.32 }, "geometry": { "type": "Polygon", "coordinates": [ [ [ 49.104122554941569, 963.197906608693302 ], [ 48.009984053962398, 967.317389288917184 ], [ 42.379180712101515, 965.819637404754758 ], [ 38.098152286722325, 981.944169328548014 ], [ 39.279329236887861, 982.255362015217543 ], [ 37.101710034010466, 990.450138358399272 ], [ 42.905621350277215, 991.99397480674088 ], [ 42.576118112599943, 993.253062829375267 ], [ 44.164634259475861, 993.668126220814884 ], [ 44.228287484205794, 993.436219427734613 ], [ 51.325336860085372, 995.325622556731105 ], [ 52.748978255491238, 989.94705150090158 ], [ 52.49443474545842, 989.877979722805321 ], [ 57.805817921587732, 969.876941381022334 ], [ 52.032427555823233, 968.344499537721276 ], [ 53.11601323063951, 964.258131122216582 ], [ 49.104122554941569, 963.197906608693302 ] ] ] } },
{ "type": "Feature", "properties": { "height": 5.0 }, "geometry": { "type": "Polygon", "coordinates": [ [ [ 53.376306371646933, 1088.516048202291131 ], [ 53.80031959147891, 1087.003222511149943 ], [ 54.451882319699507, 1087.187132828868926 ], [ 54.398666567460168, 1087.396998411044478 ], [ 60.924618147953879, 1089.225131976418197 ], [ 64.412594930559862, 1076.735908048227429 ], [ 57.611799438891467, 1074.827420307323337 ], [ 56.265328051289544, 1079.653065485879779 ], [ 54.534558352839667, 1079.17009043507278 ], [ 54.163646921340842, 1080.484123826026917 ], [ 52.594672661507502, 1086.0937594557181 ], [ 52.022248941473663, 1088.136627761647105 ], [ 53.376306371646933, 1088.516048202291131 ] ] ] } },
{ "type": "Feature", "properties": { "height": 5.0 }, "geometry": { "type": "Polygon", "coordinates": [ [ [ 52.594672661507502, 1086.0937594557181 ], [ 54.163646921340842, 1080.484123826026917 ], [ 53.695393527450506, 1080.346401634626091 ], [ 56.538917104247957, 1069.95467687677592 ], [ 49.218369853275362, 1067.952229494228959 ], [ 46.141559451818466, 1079.183204775676131 ], [ 46.681163029337768, 1079.332737496122718 ], [ 46.245798013114836, 1080.95619036629796 ], [ 48.149781730782706, 1081.474176075309515 ], [ 48.043578466807958, 1081.871760677546263 ], [ 50.171479856944643, 1082.458502011373639 ], [ 49.407867221569177, 1085.219237191602588 ], [ 50.588938649045303, 1085.54150172509253 ], [ 52.594672661507502, 1086.0937594557181 ] ] ] } },
{ "type": "Feature", "properties": { "height": 5.572 }, "geometry": { "type": "Polygon", "coordinates": [ [ [ 453.725691344239749, 889.611826803535223 ], [ 454.075545221101493, 886.370619310066104 ], [ 447.782819467654917, 885.696796891279519 ], [ 446.938927136012353, 884.359185236506164 ], [ 445.572237428103108, 885.20893163792789 ], [ 447.75942639290588, 888.963511331006885 ], [ 453.725691344239749, 889.611826803535223 ] ] ] } },
{ "type": "Feature", "properties": { "height": 5.406 }, "geometry": { "type": "Polygon", "coordinates": [ [ [ 453.725691344239749, 889.611826803535223 ], [ 462.170253357209731, 890.529267987236381 ], [ 462.57627591030905, 886.790289094671607 ], [ 454.131716060393956, 885.872848024591804 ], [ 454.075545221101493, 886.370619310066104 ], [ 453.725691344239749, 889.611826803535223 ] ] ] } },
{ "type": "Feature", "properties": { "height": 5.0 }, "geometry": { "type": "Polygon", "coordinates": [ [ [ 514.081213659257628, 914.108977883122861 ], [ 511.766447573842015, 914.816089253872633 ], [ 512.605755471799057, 917.593324147164822 ], [ 514.920521936786827, 916.88621262460947 ], [ 514.081213659257628, 914.108977883122861 ] ] ] } },
{ "type": "Feature", "properties": { "height": 5.0 }, "geometry": { "type": "Polygon", "coordinates": [ [ [ 516.414689868397545, 913.56817483715713 ], [ 514.960105179692619, 914.029419170692563 ], [ 515.781044803850818, 916.607125424779952 ], [ 517.23562971065985, 916.145880999043584 ], [ 516.414689868397545, 913.56817483715713 ] ] ] } },
{ "type": "Feature", "properties": { "height": 5.0 }, "geometry": { "type": "Polygon", "coordinates": [ [ [ 508.744522198860068, 915.781715190038085 ], [ 504.585517229570542, 917.112178813666105 ], [ 504.318297800433356, 916.289923976175487 ], [ 501.77790627052309, 917.094383601099253 ], [ 503.291162653884385, 921.849796045571566 ], [ 510.000883749744389, 919.7039038175717 ], [ 508.744522198860068, 915.781715190038085 ] ] ] } },
{ "type": "Feature", "properties": { "height": 5.0 }, "geometry": { "type": "Polygon", "coordinates": [ [ [ 72.520191612828057, 371.776075316593051 ], [ 67.307464222016279, 372.331402642652392 ], [ 68.518895103654359, 383.562315445393324 ], [ 73.189992940111551, 383.056773128919303 ], [ 72.928818889253307, 380.661998285911977 ], [ 73.330798640556168, 379.303987222723663 ], [ 72.520191612828057, 371.776075316593051 ] ] ] } },
{ "type": "Feature", "properties": { "height": 5.0 }, "geometry": { "type": "Polygon", "coordinates": [ [ [ 512.962009785522241, 906.777278356254101 ], [ 509.633700059144758, 907.750828543677926 ], [ 510.560903742851224, 910.916572115384042 ], [ 513.889214096881915, 909.943021684885025 ], [ 512.962009785522241, 906.777278356254101 ] ] ] } },
{ "type": "Feature", "properties": { "height": 5.0 }, "geometry": { "type": "Polygon", "coordinates": [ [ [ 59.992996974848211, 372.743229245766997 ], [ 55.066226810973603, 373.290427554398775 ], [ 57.122187173052225, 391.728446025401354 ], [ 62.048963366367389, 391.181246702559292 ], [ 59.992996974848211, 372.743229245766997 ] ] ] } },
{ "type": "Feature", "properties": { "height": 5.0 }, "geometry": { "type": "Polygon", "coordinates": [ [ [ 131.592954452848062, 627.385421285405755 ], [ 131.87069860153133, 621.241968799382448 ], [ 128.61520488554379, 621.097662145271897 ], [ 128.599972954427358, 621.584780609235168 ], [ 120.405089583655354, 621.223431900143623 ], [ 120.152781709621195, 626.879871217533946 ], [ 131.592954452848062, 627.385421285405755 ] ] ] } },
{ "type": "Feature", "properties": { "height": 5.0 }, "geometry": { "type": "Polygon", "coordinates": [ [ [ 131.592954452848062, 627.385421285405755 ], [ 145.012967624526937, 627.977818091399968 ], [ 147.362197207461577, 621.944314770400524 ], [ 131.87069860153133, 621.241968799382448 ], [ 131.592954452848062, 627.385421285405755 ] ] ] } },
{ "type": "Feature", "properties": { "height": 5.0 }, "geometry": { "type": "Polygon", "coordinates": [ [ [ 132.683169986063149, 609.777221825905144 ], [ 132.679532981535885, 615.081842553801835 ], [ 150.05744971166132, 615.028422616422176 ], [ 152.113065168319736, 609.744954163208604 ], [ 135.041649582854006, 609.779387012124062 ], [ 132.683169986063149, 609.777221825905144 ] ] ] } },
{ "type": "Feature", "properties": { "height": 5.0 }, "geometry": { "type": "Polygon", "coordinates": [ [ [ 124.73239310545614, 609.506987221539021 ], [ 124.718416826159228, 609.872299763374031 ], [ 116.247557702241465, 609.541326355189085 ], [ 116.233809551456943, 609.884492366574705 ], [ 110.77331421506824, 609.70637247338891 ], [ 108.729604989348445, 614.823842192068696 ], [ 130.253634610387962, 615.677001922391355 ], [ 130.365525885659736, 609.775477251037955 ], [ 124.73239310545614, 609.506987221539021 ] ] ] } },
{ "type": "Feature", "properties": { "height": 5.0 }, "geometry": { "type": "Polygon", "coordinates": [ [ [ 147.814068453561049, 251.287309942767024 ], [ 162.625191221770365, 251.595045161433518 ], [ 162.643097124644555, 251.838867571204901 ], [ 180.941233572724741, 252.603359773755074 ], [ 180.933307716040872, 252.381789167411625 ], [ 180.763961122429464, 247.020011968910694 ], [ 175.804623830714263, 246.769552143290639 ], [ 170.834963829838671, 246.530058664269745 ], [ 147.242211365781259, 245.35658491589129 ], [ 147.814068453561049, 251.287309942767024 ] ] ] } },
{ "type": "Feature", "properties": { "height": 5.0 }, "geometry": { "type": "Polygon", "coordinates": [ [ [ 170.834963829838671, 246.530058664269745 ], [ 170.81852218270069, 241.192006153985858 ], [ 135.255974538566079, 239.418917777016759 ], [ 135.231226150586735, 244.789769820868969 ], [ 147.242211365781259, 245.35658491589129 ], [ 170.834963829838671, 246.530058664269745 ] ] ] } },
{ "type": "Feature", "properties": { "height": 5.0 }, "geometry": { "type": "Polygon", "coordinates": [ [ [ 90.865067133505363, 668.007380759343505 ], [ 101.125490571837872, 668.068883772939444 ], [ 101.129258465080056, 667.703465977683663 ], [ 105.580462458718102, 667.738288081251085 ], [ 105.623573418648448, 662.566967396065593 ], [ 90.912179816397838, 662.448495494201779 ], [ 90.865067133505363, 668.007380759343505 ] ] ] } },
{ "type": "Feature", "properties": { "height": 5.0 }, "geometry": { "type": "Polygon", "coordinates": [ [ [ 105.580462458718102, 667.738288081251085 ], [ 105.576808851852547, 668.092632604762912 ], [ 118.07275719527388, 668.199322704225779 ], [ 120.028584612475242, 662.693340180441737 ], [ 105.623573418648448, 662.566967396065593 ], [ 105.580462458718102, 667.738288081251085 ] ] ] } },
{ "type": "Feature", "properties": { "height": 5.0 }, "geometry": { "type": "Polygon", "coordinates": [ [ [ 109.366423328523524, 692.683747176080942 ], [ 116.085274168697651, 673.804648639634252 ], [ 109.526139390829485, 672.241971684619784 ], [ 108.224953322322108, 675.650558637455106 ], [ 106.03263010707451, 684.288168929517269 ], [ 106.726152512652334, 684.361766333691776 ], [ 103.827194010664243, 692.216879386454821 ], [ 109.366423328523524, 692.683747176080942 ] ] ] } },
{ "type": "Feature", "properties": { "height": 5.0 }, "geometry": { "type": "Polygon", "coordinates": [ [ [ 103.021372910530772, 692.142123963683844 ], [ 101.143305571342353, 700.007762933149934 ], [ 107.55543584615225, 699.985281772911549 ], [ 109.324331690266263, 692.805132063105702 ], [ 109.366423328523524, 692.683747176080942 ], [ 103.827194010664243, 692.216879386454821 ], [ 103.021372910530772, 692.142123963683844 ] ] ] } },
{ "type": "Feature", "properties": { "height": 5.0 }, "geometry": { "type": "Polygon", "coordinates": [ [ [ 89.884128127479926, 680.954365244135261 ], [ 89.700242131599225, 697.796698554418981 ], [ 96.458448211720679, 697.877460978925228 ], [ 96.644381689780857, 680.835809212177992 ], [ 89.884128127479926, 680.954365244135261 ] ] ] } },
{ "type": "Feature", "properties": { "height": 5.0 }, "geometry": { "type": "Polygon", "coordinates": [ [ [ 157.333361787546892, 580.72835343144834 ], [ 154.236369853198994, 588.980113006196916 ], [ 151.861314869311173, 594.548224356025457 ], [ 157.388750988407992, 596.155622306279838 ], [ 162.813172827998642, 582.003025494515896 ], [ 157.333361787546892, 580.72835343144834 ] ] ] } },
{ "type": "Feature", "properties": { "height": 5.0 }, "geometry": { "type": "Polygon", "coordinates": [ [ [ 99.407408993167337, 675.271705621853471 ], [ 79.024680297006853, 675.615241702646017 ], [ 79.131039997271728, 681.142486507073045 ], [ 89.884128127479926, 680.954365244135261 ], [ 96.644381689780857, 680.835809212177992 ], [ 99.503681610920466, 680.787771329283714 ], [ 99.407408993167337, 675.271705621853471 ] ] ] } },
{ "type": "Feature", "properties": { "height": 5.0 }, "geometry": { "type": "Polygon", "coordinates": [ [ [ 112.110914482560474, 626.531170099973679 ], [ 112.362083751650061, 620.985463416203856 ], [ 100.840244602703024, 620.47905586566776 ], [ 98.619553949509282, 625.926932839676738 ], [ 112.110914482560474, 626.531170099973679 ] ] ] } },
{ "type": "Feature", "properties": { "height": 5.0 }, "geometry": { "type": "Polygon", "coordinates": [ [ [ 120.152781709621195, 626.879871217533946 ], [ 120.405089583655354, 621.223431900143623 ], [ 120.419522624870297, 620.813826293684542 ], [ 117.470181431330275, 620.683748048730195 ], [ 117.454606621293351, 621.204086320474744 ], [ 112.362083751650061, 620.985463416203856 ], [ 112.110914482560474, 626.531170099973679 ], [ 120.152781709621195, 626.879871217533946 ] ] ] } },
{ "type": "Feature", "properties": { "height": 5.0 }, "geometry": { "type": "Polygon", "coordinates": [ [ [ 185.716556373459753, 523.311979080550373 ], [ 187.687852979521267, 518.282349878922105 ], [ 183.441556888923515, 518.183214963413775 ], [ 171.333104060206097, 518.13593849632889 ], [ 171.086407192749903, 523.249788163229823 ], [ 175.231415629328694, 523.270361525006592 ], [ 185.716556373459753, 523.311979080550373 ] ] ] } },
{ "type": "Feature", "properties": { "height": 5.0 }, "geometry": { "type": "Polygon", "coordinates": [ [ [ 150.413590018579271, 510.157119927927852 ], [ 150.056787791312672, 511.094769520685077 ], [ 149.500767225923482, 512.539789855480194 ], [ 152.879427255073097, 512.618916416540742 ], [ 152.924843093554955, 510.194081472232938 ], [ 150.413590018579271, 510.157119927927852 ] ] ] } },
{ "type": "Feature", "properties": { "height": 5.0 }, "geometry": { "type": "Polygon", "coordinates": [ [ [ 203.121914710558485, 478.972096143290401 ], [ 197.730762673716526, 479.005134517326951 ], [ 192.960805580310989, 491.082491047680378 ], [ 192.462628754437901, 490.878017023205757 ], [ 187.534510686702561, 503.441017627716064 ], [ 192.72057357855374, 505.476789416745305 ], [ 200.196523175633047, 486.428271946497262 ], [ 203.121914710558485, 478.972096143290401 ] ] ] } },
{ "type": "Feature", "properties": { "height": 5.0 }, "geometry": { "type": "Polygon", "coordinates": [ [ [ 190.828595945320558, 479.03367305546999 ], [ 185.080021898902487, 479.074097657576203 ], [ 185.102192396356259, 481.876160042360425 ], [ 190.840444632049184, 481.846703426912427 ], [ 190.828595945320558, 479.03367305546999 ] ] ] } },
{ "type": "Feature", "properties": { "height": 5.0 }, "geometry": { "type": "Polygon", "coordinates": [ [ [ 167.824739082076121, 467.245935190469027 ], [ 167.772439667664003, 467.367214989848435 ], [ 162.984553829242941, 479.200740730389953 ], [ 168.712710973864887, 479.160114344209433 ], [ 172.182175789901521, 467.456965584307909 ], [ 167.824739082076121, 467.245935190469027 ] ] ] } },
{ "type": "Feature", "properties": { "height": 5.0 }, "geometry": { "type": "Polygon", "coordinates": [ [ [ 78.038294602418318, 695.029645505361259 ], [ 78.034914376912639, 696.347469555214047 ], [ 78.023951692332048, 697.410503183491528 ], [ 81.811698008619715, 697.427415465936065 ], [ 81.815831360581797, 695.046452539041638 ], [ 78.038294602418318, 695.029645505361259 ] ] ] } },
{ "type": "Feature", "properties": { "height": 5.0 }, "geometry": { "type": "Polygon", "coordinates": [ [ [ 160.080839521076996, 574.687879148870707 ], [ 157.97258872888051, 580.125848079100251 ], [ 160.621413287997711, 580.684724348597229 ], [ 160.874529672961216, 579.901047958061099 ], [ 163.431931083323434, 580.414683602750301 ], [ 165.624704026500694, 574.70072415471077 ], [ 160.080839521076996, 574.687879148870707 ] ] ] } },
{ "type": "Feature", "properties": { "height": 5.0 }, "geometry": { "type": "Polygon", "coordinates": [ [ [ 126.137964221823495, 571.214977713301778 ], [ 124.765098995354492, 574.644975601695478 ], [ 128.287382571143098, 574.659141004085541 ], [ 129.618498245195951, 571.317307964898646 ], [ 126.137964221823495, 571.214977713301778 ] ] ] } },
{ "type": "Feature", "properties": { "height": 5.0 }, "geometry": { "type": "Polygon", "coordinates": [ [ [ 133.662219946912955, 552.443847054615617 ], [ 131.618982052139472, 557.517026368528605 ], [ 134.028660304378718, 558.494271146133542 ], [ 136.029039504996035, 556.587940590456128 ], [ 136.39721046219347, 553.557338614016771 ], [ 133.662219946912955, 552.443847054615617 ] ] ] } },
{ "type": "Feature", "properties": { "height": 5.0 }, "geometry": { "type": "Polygon", "coordinates": [ [ [ 80.160180649720132, 779.361269488930702 ], [ 74.156603223294951, 779.365805249661207 ], [ 74.190664162102621, 818.636132899671793 ], [ 80.194164922577329, 816.660344459116459 ], [ 80.160180649720132, 779.361269488930702 ] ] ] } },
{ "type": "Feature", "properties": { "height": 5.626 }, "geometry": { "type": "Polygon", "coordinates": [ [ [ 41.026281909202226, 829.711844657547772 ], [ 46.856809910794254, 827.678912952542305 ], [ 44.942773282004055, 822.19946994446218 ], [ 39.378709910612088, 824.135479283519089 ], [ 39.547123688214924, 824.635566437616944 ], [ 41.026281909202226, 829.711844657547772 ] ] ] } },
{ "type": "Feature", "properties": { "height": 5.0 }, "geometry": { "type": "Polygon", "coordinates": [ [ [ 200.882630033942405, 384.185018681921065 ], [ 220.472981872968376, 387.376995904371142 ], [ 220.481667348998599, 382.570777663961053 ], [ 205.956952139327768, 380.217289282009006 ], [ 201.635188936663326, 379.519359417259693 ], [ 200.882630033942405, 384.185018681921065 ] ] ] } },
{ "type": "Feature", "properties": { "height": 5.0 }, "geometry": { "type": "Polygon", "coordinates": [ [ [ 200.882630033942405, 384.185018681921065 ], [ 201.635188936663326, 379.519359417259693 ], [ 200.931928650068585, 379.401367448270321 ], [ 196.671418132958934, 378.704067338258028 ], [ 195.490662032156251, 383.309941237792373 ], [ 200.882630033942405, 384.185018681921065 ] ] ] } },
{ "type": "Feature", "properties": { "height": 5.0 }, "geometry": { "type": "Polygon", "coordinates": [ [ [ 204.09344278118806, 390.641284488141537 ], [ 198.069496459385846, 390.656725236214697 ], [ 198.097243954602163, 407.778099609538913 ], [ 204.121197317144834, 407.762658467516303 ], [ 204.09344278118806, 390.641284488141537 ] ] ] } },
{ "type": "Feature", "properties": { "height": 5.0 }, "geometry": { "type": "Polygon", "coordinates": [ [ [ 63.274950434279162, 779.142839280888438 ], [ 62.968801069248002, 806.847940905019641 ], [ 69.063586063974071, 806.910796264186502 ], [ 69.369609687419143, 779.216768408194184 ], [ 63.274950434279162, 779.142839280888438 ] ] ] } },
{ "type": "Feature", "properties": { "height": 5.0 }, "geometry": { "type": "Polygon", "coordinates": [ [ [ 321.568993095133919, 995.396953467279673 ], [ 319.689358936913777, 1002.432014211080968 ], [ 323.802910846483428, 1003.537506900727749 ], [ 324.300865709723439, 1001.781798961572349 ], [ 325.773627430957276, 996.580904396250844 ], [ 321.568993095133919, 995.396953467279673 ] ] ] } },
{ "type": "Feature", "properties": { "height": 5.0 }, "geometry": { "type": "Polygon", "coordinates": [ [ [ 297.770818173827138, 999.183031795546412 ], [ 297.876786085020285, 998.807592259719968 ], [ 306.552062260045204, 1001.122873157262802 ], [ 307.465162758307997, 997.721349890343845 ], [ 309.084198467957322, 998.147772694006562 ], [ 309.455769113556016, 996.767294546589255 ], [ 310.260239355789963, 996.974916681647301 ], [ 311.077922407828737, 993.915718184784055 ], [ 312.747775469732005, 994.364812649786472 ], [ 312.971059619623702, 993.50330595113337 ], [ 308.694506978092249, 992.362908497452736 ], [ 308.84290720539866, 991.832863753661513 ], [ 296.758292319020256, 988.44148388877511 ], [ 296.320553552999627, 988.315158011391759 ], [ 293.647629942046478, 998.022060215473175 ], [ 294.054855567810591, 998.136997542344034 ], [ 297.770818173827138, 999.183031795546412 ] ] ] } },
{ "type": "Feature", "properties": { "height": 6.926 }, "geometry": { "type": "Polygon", "coordinates": [ [ [ 304.00383906980278, 1003.676979290321469 ], [ 304.278688015241642, 1003.757330097258091 ], [ 304.98892277298728, 1001.217523771338165 ], [ 297.770818173827138, 999.183031795546412 ], [ 294.054855567810591, 998.136997542344034 ], [ 293.344618988397997, 1000.676803442649543 ], [ 296.938414488977287, 1001.688356671482325 ], [ 304.00383906980278, 1003.676979290321469 ] ] ] } },
{ "type": "Feature", "properties": { "height": 5.0 }, "geometry": { "type": "Polygon", "coordinates": [ [ [ 296.938414488977287, 1001.688356671482325 ], [ 295.358989857253619, 1007.331127948127687 ], [ 302.60772575577721, 1009.365936230868101 ], [ 303.243874746665824, 1007.0800790656358 ], [ 304.445248294738121, 1007.413606675341725 ], [ 304.890335744072217, 1005.83454580232501 ], [ 305.292876401392277, 1004.421163307502866 ], [ 304.834718792757485, 1004.29462749697268 ], [ 303.908194448973518, 1004.041450718417764 ], [ 304.00383906980278, 1003.676979290321469 ], [ 296.938414488977287, 1001.688356671482325 ] ] ] } },
{ "type": "Feature", "properties": { "height": 6.179 }, "geometry": { "type": "Polygon", "coordinates": [ [ [ 320.39901112037478, 1015.817229628562927 ], [ 321.737118394405115, 1010.803214432671666 ], [ 322.023025031608995, 1009.80945916287601 ], [ 321.116918409010395, 1009.556493708863854 ], [ 321.939843423839193, 1005.987925004214048 ], [ 314.131200034113135, 1003.792320011183619 ], [ 312.86740467272466, 1008.530239015817642 ], [ 317.622424541681539, 1009.808453825302422 ], [ 316.875990932167042, 1014.872857697308064 ], [ 320.39901112037478, 1015.817229628562927 ] ] ] } },
{ "type": "Feature", "properties": { "height": 5.0 }, "geometry": { "type": "Polygon", "coordinates": [ [ [ 304.890335744072217, 1005.83454580232501 ], [ 305.633437539043371, 1006.052610753104091 ], [ 305.835049863497261, 1005.312699733301997 ], [ 312.310056460904889, 1007.12912292778492 ], [ 313.316748223791365, 1003.562446497380733 ], [ 305.650693179632071, 1001.4015280790627 ], [ 304.834718792757485, 1004.29462749697268 ], [ 305.292876401392277, 1004.421163307502866 ], [ 304.890335744072217, 1005.83454580232501 ] ] ] } },
{ "type": "Feature", "properties": { "height": 5.0 }, "geometry": { "type": "Polygon", "coordinates": [ [ [ 317.839768861536868, 1025.392412382178009 ], [ 320.39901112037478, 1015.817229628562927 ], [ 316.875990932167042, 1014.872857697308064 ], [ 314.004647065594327, 1014.101310424506664 ], [ 303.822739692288451, 1011.349694294854999 ], [ 302.996327359112911, 1014.264835026115179 ], [ 306.631533432751894, 1015.221439816057682 ], [ 306.749192431743722, 1014.702153017744422 ], [ 311.66687643196201, 1016.048490952700377 ], [ 310.702616306894924, 1019.460562139749527 ], [ 306.732102809590288, 1018.345464257523417 ], [ 305.661759569018614, 1022.144048020243645 ], [ 306.130240919475909, 1022.259615626186132 ], [ 313.003184519184288, 1024.10228384938091 ], [ 313.491970300965477, 1024.229134678840637 ], [ 317.839768861536868, 1025.392412382178009 ] ] ] } },
{ "type": "Feature", "properties": { "height": 5.0 }, "geometry": { "type": "Polygon", "coordinates": [ [ [ 204.121197317144834, 407.762658467516303 ], [ 209.328223392658401, 407.760945355519652 ], [ 209.302630866935942, 390.429179655387998 ], [ 204.095610953343567, 390.430892422795296 ], [ 204.09344278118806, 390.641284488141537 ], [ 204.121197317144834, 407.762658467516303 ] ] ] } },
{ "type": "Feature", "properties": { "height": 5.0 }, "geometry": { "type": "Polygon", "coordinates": [ [ [ 53.866426084481645, 631.146581454202533 ], [ 50.338275313901249, 633.679461287334561 ], [ 51.203790939063765, 634.895503588952124 ], [ 54.927288900769781, 640.149974374100566 ], [ 55.10552307771286, 639.69776045717299 ], [ 56.856209672580007, 635.27496472094208 ], [ 53.866426084481645, 631.146581454202533 ] ] ] } },
{ "type": "Feature", "properties": { "height": 5.0 }, "geometry": { "type": "Polygon", "coordinates": [ [ [ 55.10552307771286, 639.69776045717299 ], [ 59.823609604558442, 641.573707845062017 ], [ 77.328706090454943, 597.511836767196655 ], [ 78.152427267865278, 597.830416372045875 ], [ 79.326426359184552, 594.874572366476059 ], [ 73.784746606426779, 592.668977385386825 ], [ 56.856209672580007, 635.27496472094208 ], [ 55.10552307771286, 639.69776045717299 ] ] ] } },
{ "type": "Feature", "properties": { "height": 5.0 }, "geometry": { "type": "Polygon", "coordinates": [ [ [ 79.282810131902806, 584.253728861920536 ], [ 77.28358238650253, 589.017271300777793 ], [ 82.23440291598672, 591.094952704384923 ], [ 82.380981370515656, 590.742082076147199 ], [ 90.096968289639335, 593.977870527654886 ], [ 91.949499918322545, 589.578270537778735 ], [ 81.244784500449896, 585.082397234626114 ], [ 79.282810131902806, 584.253728861920536 ] ] ] } },
{ "type": "Feature", "properties": { "height": 5.0 }, "geometry": { "type": "Polygon", "coordinates": [ [ [ 99.807841247471515, 592.87089398689568 ], [ 101.883547967649065, 587.620861976407468 ], [ 83.432337838457897, 579.877818679437041 ], [ 81.244784500449896, 585.082397234626114 ], [ 91.949499918322545, 589.578270537778735 ], [ 94.684152354311664, 590.72498944029212 ], [ 99.807841247471515, 592.87089398689568 ] ] ] } },
{ "type": "Feature", "properties": { "height": 5.0 }, "geometry": { "type": "Polygon", "coordinates": [ [ [ 88.296368916227948, 570.570072970353067 ], [ 86.336268230748829, 575.500136595219374 ], [ 103.917161887104157, 582.492214593105018 ], [ 105.206534964090679, 579.238548530265689 ], [ 105.866934221412521, 577.573116926476359 ], [ 103.945110059168655, 576.811312544159591 ], [ 88.296368916227948, 570.570072970353067 ] ] ] } },
{ "type": "Feature", "properties": { "height": 5.0 }, "geometry": { "type": "Polygon", "coordinates": [ [ [ 94.684152354311664, 590.72498944029212 ], [ 88.958761069516186, 604.353962738066912 ], [ 94.356952045287471, 606.613444095477462 ], [ 99.807841247471515, 592.87089398689568 ], [ 94.684152354311664, 590.72498944029212 ] ] ] } },
{ "type": "Feature", "properties": { "height": 5.0 }, "geometry": { "type": "Polygon", "coordinates": [ [ [ 83.015432309359312, 628.224548697471619 ], [ 81.789473771117628, 631.268452726304531 ], [ 84.117833135242108, 632.211643105372787 ], [ 84.599889446573798, 631.009499787352979 ], [ 85.354114328627475, 629.156770917586982 ], [ 83.015432309359312, 628.224548697471619 ] ] ] } },
{ "type": "Feature", "properties": { "height": 5.0 }, "geometry": { "type": "Polygon", "coordinates": [ [ [ 302.637274192355108, 966.829355889 ], [ 301.925558083166834, 969.513114461675286 ], [ 304.501968023541849, 970.170883826911449 ], [ 304.618486759078223, 969.762329593300819 ], [ 305.595940514293034, 970.027105269953609 ], [ 305.98918332537869, 968.525031595490873 ], [ 306.190909265249502, 967.774047310464084 ], [ 302.637274192355108, 966.829355889 ] ] ] } },
{ "type": "Feature", "properties": { "height": 5.0 }, "geometry": { "type": "Polygon", "coordinates": [ [ [ 258.588793017144781, 969.963877732865512 ], [ 258.833068615000229, 969.047215685248375 ], [ 270.236385706288274, 972.16582596115768 ], [ 271.223124029871542, 968.55464855208993 ], [ 270.907553435477894, 968.462803272530437 ], [ 258.598136192711536, 965.091223811730742 ], [ 257.367005152802449, 969.630135831423104 ], [ 258.588793017144781, 969.963877732865512 ] ] ] } },
{ "type": "Feature", "properties": { "height": 5.0 }, "geometry": { "type": "Polygon", "coordinates": [ [ [ 321.971578496100847, 939.43093350995332 ], [ 319.143325155600905, 950.343352967873216 ], [ 318.949808054661844, 950.297062980011106 ], [ 317.74841227941215, 954.924880424514413 ], [ 318.206568397057708, 955.051415917463601 ], [ 317.696010830870364, 957.03955696336925 ], [ 325.801719507377129, 959.138550057075918 ], [ 328.486015552422032, 948.324317544698715 ], [ 327.009456577128731, 947.943660986609757 ], [ 327.55177989177173, 945.84510241728276 ], [ 329.007920447853394, 946.225548738613725 ], [ 330.083839061146136, 941.884374048560858 ], [ 328.749866193335038, 941.538408741354942 ], [ 328.834958811698016, 941.207051848992705 ], [ 321.971578496100847, 939.43093350995332 ] ] ] } },
{ "type": "Feature", "properties": { "height": 5.0 }, "geometry": { "type": "Polygon", "coordinates": [ [ [ 321.109834290284198, 936.852794265374541 ], [ 322.311569928191602, 932.191756819374859 ], [ 322.449760110350326, 931.661606858484447 ], [ 315.19665495044319, 927.079642029479146 ], [ 313.041572570626158, 928.142748523503542 ], [ 311.365489887073636, 934.249652026221156 ], [ 311.344387649034616, 934.315881344489753 ], [ 321.109834290284198, 936.852794265374541 ] ] ] } },
{ "type": "Feature", "properties": { "height": 5.0 }, "geometry": { "type": "Polygon", "coordinates": [ [ [ 315.114311704819556, 948.961867521516979 ], [ 315.390578813327011, 947.91264096647501 ], [ 318.068734422966372, 948.604678960517049 ], [ 321.109834290284198, 936.852794265374541 ], [ 311.344387649034616, 934.315881344489753 ], [ 309.273807758756448, 942.046664264053106 ], [ 314.080192912078928, 943.292187295854092 ], [ 312.761935593851376, 948.361778486520052 ], [ 315.114311704819556, 948.961867521516979 ] ] ] } },
{ "type": "Feature", "properties": { "height": 5.0 }, "geometry": { "type": "Polygon", "coordinates": [ [ [ 309.666346817451995, 947.554697439074516 ], [ 309.496160643640906, 948.217411044985056 ], [ 308.661179819202516, 947.998400121927261 ], [ 307.831806875939947, 951.201445752754807 ], [ 308.738137651176658, 951.432265743613243 ], [ 307.568733973545022, 955.927518784999847 ], [ 305.684836124826688, 955.442996332421899 ], [ 304.99479332374176, 958.00515943672508 ], [ 306.980554641515482, 958.512879587709904 ], [ 306.821033406245988, 959.131405255757272 ], [ 311.1284314043005, 960.249972648918629 ], [ 312.180973766022362, 956.196493436582386 ], [ 315.857116059109103, 957.142443926073611 ], [ 317.792353500088211, 949.664978811517358 ], [ 315.114311704819556, 948.961867521516979 ], [ 312.761935593851376, 948.361778486520052 ], [ 309.666346817451995, 947.554697439074516 ] ] ] } },
{ "type": "Feature", "properties": { "height": 5.0 }, "geometry": { "type": "Polygon", "coordinates": [ [ [ 305.98918332537869, 968.525031595490873 ], [ 315.39767514920095, 971.025048354640603 ], [ 317.500934060488362, 963.095261489972472 ], [ 314.517414217407349, 962.311484318226576 ], [ 308.092333153006621, 960.60631905682385 ], [ 306.190909265249502, 967.774047310464084 ], [ 305.98918332537869, 968.525031595490873 ] ] ] } },
{ "type": "Feature", "properties": { "height": 5.0 }, "geometry": { "type": "Polygon", "coordinates": [ [ [ 305.340888709935825, 970.999029107391834 ], [ 304.289141736866441, 974.974995126947761 ], [ 300.715200730774086, 974.019019853323698 ], [ 299.398190890147816, 978.966804246418178 ], [ 305.069513755035587, 980.498095796443522 ], [ 306.16380743769696, 976.356451342813671 ], [ 311.662372627935838, 977.808440677821636 ], [ 311.280023388157133, 979.244180044159293 ], [ 313.754344072483946, 979.900896579958498 ], [ 314.168460489599966, 978.354739923030138 ], [ 316.76506268576486, 979.034863730892539 ], [ 318.007752687612083, 974.363173760473728 ], [ 305.340888709935825, 970.999029107391834 ] ] ] } },
{ "type": "Feature", "properties": { "height": 5.0 }, "geometry": { "type": "Polygon", "coordinates": [ [ [ 328.538867366558407, 986.830650323070586 ], [ 329.79957849503262, 982.391708110459149 ], [ 330.64731425413629, 979.388190294615924 ], [ 326.167038152052555, 978.201402868144214 ], [ 325.859004097466823, 979.361046838574111 ], [ 323.232002124248538, 978.658462861552835 ], [ 323.189455674553756, 978.824141293764114 ], [ 319.096101143339183, 977.7410047352314 ], [ 318.586113134515472, 979.673779519274831 ], [ 316.977288429974578, 979.247462766245008 ], [ 315.872560567513574, 983.411149267107248 ], [ 319.833311785769183, 984.481847070157528 ], [ 323.223833898140583, 985.402705910615623 ], [ 328.538867366558407, 986.830650323070586 ] ] ] } },
{ "type": "Feature", "properties": { "height": 5.0 }, "geometry": { "type": "Polygon", "coordinates": [ [ [ 320.604963207733817, 989.860889084637165 ], [ 323.130217733967584, 990.529202667064965 ], [ 323.459354419959709, 989.303329411894083 ], [ 322.267963203310501, 988.992054906673729 ], [ 323.223833898140583, 985.402705910615623 ], [ 319.833311785769183, 984.481847070157528 ], [ 319.642365514242556, 985.177570326253772 ], [ 321.709348061995115, 985.730422071181238 ], [ 320.604963207733817, 989.860889084637165 ] ] ] } },
{ "type": "Feature", "properties": { "height": 6.506 }, "geometry": { "type": "Polygon", "coordinates": [ [ [ 288.301809690834489, 1038.255791986361146 ], [ 292.578602829365991, 1039.374048181809485 ], [ 292.823219140351284, 1038.424165925011039 ], [ 300.623493899998721, 1040.442504164762795 ], [ 300.931872935092542, 1039.249640863388777 ], [ 303.43694513553055, 1039.895600652322173 ], [ 304.936405904649291, 1034.085888985544443 ], [ 302.624852848006412, 1033.486219541169703 ], [ 302.763272451120429, 1032.933923227712512 ], [ 290.404572763480246, 1029.384676445275545 ], [ 290.277160001627635, 1029.859564997255802 ], [ 285.348465451737866, 1028.59062771499157 ], [ 283.190031424106564, 1036.918522409163415 ], [ 288.301809690834489, 1038.255791986361146 ] ] ] } },
{ "type": "Feature", "properties": { "height": 5.127 }, "geometry": { "type": "Polygon", "coordinates": [ [ [ 299.570468084479216, 1051.483942503109574 ], [ 300.814422168419696, 1046.690447943285108 ], [ 301.77166901138844, 1042.968221032992005 ], [ 299.19536012300523, 1042.299378678202629 ], [ 299.227355772280134, 1042.166814954951406 ], [ 288.036090622656047, 1039.271903475746512 ], [ 288.301809690834489, 1038.255791986361146 ], [ 283.190031424106564, 1036.918522409163415 ], [ 280.723784625704866, 1046.383913530036807 ], [ 281.059775341127533, 1046.475968746468425 ], [ 290.121658952266444, 1048.928131714463234 ], [ 290.4882773134741, 1049.020502066239715 ], [ 290.754224367497955, 1047.982244035229087 ], [ 294.094284254999366, 1048.847216978669167 ], [ 293.817786207888275, 1049.91858970746398 ], [ 299.570468084479216, 1051.483942503109574 ] ] ] } },
{ "type": "Feature", "properties": { "height": 5.0 }, "geometry": { "type": "Polygon", "coordinates": [ [ [ 46.78701135260053, 521.658014832995832 ], [ 38.717173086828552, 541.841008953750134 ], [ 43.889639587549027, 545.194552876055241 ], [ 46.68816139473347, 538.168997656553984 ], [ 48.773747527156956, 532.9522973485291 ], [ 52.284626499691512, 524.173252233304083 ], [ 46.78701135260053, 521.658014832995832 ] ] ] } },
{ "type": "Feature", "properties": { "height": 5.0 }, "geometry": { "type": "Polygon", "coordinates": [ [ [ 105.866934221412521, 577.573116926476359 ], [ 106.631933852506336, 575.665126072242856 ], [ 104.700015238078777, 574.892143241129816 ], [ 103.945110059168655, 576.811312544159591 ], [ 105.866934221412521, 577.573116926476359 ] ] ] } },
{ "type": "Feature", "properties": { "height": 5.0 }, "geometry": { "type": "Polygon", "coordinates": [ [ [ 72.815750819223467, 548.028964128345251 ], [ 70.792909482435789, 553.102346675470471 ], [ 75.724441054044291, 555.069087808951735 ], [ 75.965639846224803, 554.451406382955611 ], [ 78.131444213737268, 555.315400993451476 ], [ 77.733115772542078, 556.31906755361706 ], [ 86.772578965930734, 559.922890711575747 ], [ 88.638514347549062, 555.213344916701317 ], [ 72.815750819223467, 548.028964128345251 ] ] ] } },
{ "type": "Feature", "properties": { "height": 9.906 }, "geometry": { "type": "Polygon", "coordinates": [ [ [ 320.604963207733817, 989.860889084637165 ], [ 321.709348061995115, 985.730422071181238 ], [ 319.642365514242556, 985.177570326253772 ], [ 303.646112010756042, 980.904268885031343 ], [ 302.541836246673483, 985.023661560378969 ], [ 320.604963207733817, 989.860889084637165 ] ] ] } },
{ "type": "Feature", "properties": { "height": 5.0 }, "geometry": { "type": "Polygon", "coordinates": [ [ [ 90.865067133505363, 668.007380759343505 ], [ 90.912179816397838, 662.448495494201779 ], [ 84.562118323228788, 662.394087271764874 ], [ 82.207444161351305, 667.962399496696889 ], [ 90.865067133505363, 668.007380759343505 ] ] ] } },
{ "type": "Feature", "properties": { "height": 5.0 }, "geometry": { "type": "Polygon", "coordinates": [ [ [ 109.335903223429341, 554.042467412538826 ], [ 109.157557427941356, 554.50575515255332 ], [ 114.241655583202373, 556.52942831069231 ], [ 114.870398866303731, 554.963339992798865 ], [ 115.509693387022708, 553.364137110300362 ], [ 110.415501555078663, 551.329285802319646 ], [ 110.247707194241229, 551.759459014981985 ], [ 109.335903223429341, 554.042467412538826 ] ] ] } },
{ "type": "Feature", "properties": { "height": 5.24 }, "geometry": { "type": "Polygon", "coordinates": [ [ [ 300.071751454437617, 1020.646818330511451 ], [ 300.410529697255697, 1019.476416884921491 ], [ 300.970437326119281, 1019.637223709374666 ], [ 303.344163565488998, 1011.2229482261464 ], [ 291.309096848533954, 1007.976042630150914 ], [ 288.932460889511276, 1017.663846099749207 ], [ 296.090573037334252, 1019.575905446894467 ], [ 296.440358838881366, 1018.328096401877701 ], [ 298.568144402292091, 1018.925874906592071 ], [ 298.228795958275441, 1020.151642594486475 ], [ 300.071751454437617, 1020.646818330511451 ] ] ] } },
{ "type": "Feature", "properties": { "height": 6.0 }, "geometry": { "type": "Polygon", "coordinates": [ [ [ 305.058757243503351, 1026.168931904248893 ], [ 306.130240919475909, 1022.259615626186132 ], [ 305.661759569018614, 1022.144048020243645 ], [ 300.071751454437617, 1020.646818330511451 ], [ 298.228795958275441, 1020.151642594486475 ], [ 296.090573037334252, 1019.575905446894467 ], [ 288.932460889511276, 1017.663846099749207 ], [ 287.96260832058033, 1021.618505620397627 ], [ 305.058757243503351, 1026.168931904248893 ] ] ] } },
{ "type": "Feature", "properties": { "height": 5.91 }, "geometry": { "type": "Polygon", "coordinates": [ [ [ 305.058757243503351, 1026.168931904248893 ], [ 304.984670941194054, 1026.422881004400551 ], [ 311.888243920111563, 1028.265864974819124 ], [ 313.003184519184288, 1024.10228384938091 ], [ 306.130240919475909, 1022.259615626186132 ], [ 305.058757243503351, 1026.168931904248893 ] ] ] } },
{ "type": "Feature", "properties": { "height": 5.0 }, "geometry": { "type": "Polygon", "coordinates": [ [ [ 310.108812720922288, 1054.327824728563428 ], [ 312.659222575661261, 1044.619658933952451 ], [ 310.856872381526046, 1044.147051914595068 ], [ 309.612693788134493, 1048.962693660520017 ], [ 300.814422168419696, 1046.690447943285108 ], [ 299.570468084479216, 1051.483942503109574 ], [ 299.906573019630741, 1051.564924018457532 ], [ 310.108812720922288, 1054.327824728563428 ] ] ] } },
{ "type": "Feature", "properties": { "height": 5.0 }, "geometry": { "type": "Polygon", "coordinates": [ [ [ 309.050387663010042, 1057.96041495911777 ], [ 310.108812720922288, 1054.327824728563428 ], [ 299.906573019630741, 1051.564924018457532 ], [ 299.364128894347232, 1053.674554991535842 ], [ 300.911934464646038, 1054.078096044249833 ], [ 300.47625662869541, 1055.734774710610509 ], [ 309.050387663010042, 1057.96041495911777 ] ] ] } },
{ "type": "Feature", "properties": { "height": 5.0 }, "geometry": { "type": "Polygon", "coordinates": [ [ [ 307.282637801719829, 1064.044225515797734 ], [ 308.552771542861592, 1059.682902704924345 ], [ 295.487789735256229, 1056.303581331856549 ], [ 294.403127834724728, 1060.500696487724781 ], [ 295.920192460238468, 1060.914995939470828 ], [ 307.282637801719829, 1064.044225515797734 ] ] ] } },
{ "type": "Feature", "properties": { "height": 5.0 }, "geometry": { "type": "Polygon", "coordinates": [ [ [ 281.059775341127533, 1046.475968746468425 ], [ 280.135545041935984, 1049.965971594676375 ], [ 283.791686236683745, 1049.881800703704357 ], [ 282.302995093923528, 1055.636249490082264 ], [ 292.67958944250131, 1058.323436690494418 ], [ 293.785468195041176, 1054.049019079655409 ], [ 294.477868481830228, 1054.233339110389352 ], [ 294.924554250494111, 1052.49925291351974 ], [ 292.79619374795584, 1051.95684043969959 ], [ 292.93449983507162, 1051.415617455728352 ], [ 289.350103148201015, 1050.481681860983372 ], [ 289.56261003651889, 1049.675436610355973 ], [ 289.898600870568771, 1049.767491616308689 ], [ 290.121658952266444, 1048.928131714463234 ], [ 281.059775341127533, 1046.475968746468425 ] ] ] } },
{ "type": "Feature", "properties": { "height": 5.0 }, "geometry": { "type": "Polygon", "coordinates": [ [ [ 293.524047363142017, 1070.514003593474627 ], [ 294.278885581472423, 1067.609200751408935 ], [ 291.51926311821444, 1066.894172168336809 ], [ 292.720673838513903, 1062.266356522217393 ], [ 293.167245977965649, 1060.543343627825379 ], [ 284.369083198369481, 1058.260015044361353 ], [ 284.496496332751121, 1057.785126534290612 ], [ 278.509800058498513, 1056.139837151393294 ], [ 277.341065164946485, 1060.568648660555482 ], [ 280.528445636562537, 1061.387754624709487 ], [ 279.177831017994322, 1066.623126769438386 ], [ 280.389532347384375, 1066.945687964558601 ], [ 280.772114355117083, 1065.487802749499679 ], [ 287.116250503284391, 1067.125696960836649 ], [ 286.712452589941677, 1068.660884851589799 ], [ 293.524047363142017, 1070.514003593474627 ] ] ] } },
{ "type": "Feature", "properties": { "height": 5.0 }, "geometry": { "type": "Polygon", "coordinates": [ [ [ 295.388640770746861, 1062.958292378112674 ], [ 295.920192460238468, 1060.914995939470828 ], [ 294.403127834724728, 1060.500696487724781 ], [ 293.252567931136582, 1060.189840396866202 ], [ 293.167245977965649, 1060.543343627825379 ], [ 292.720673838513903, 1062.266356522217393 ], [ 295.388640770746861, 1062.958292378112674 ] ] ] } },
{ "type": "Feature", "properties": { "height": 5.0 }, "geometry": { "type": "Polygon", "coordinates": [ [ [ 293.524047363142017, 1070.514003593474627 ], [ 299.714706830040086, 1072.183535156771541 ], [ 300.597526572586503, 1068.748477168381214 ], [ 300.746383695455734, 1068.17413947544992 ], [ 299.066199126129504, 1067.736012260429561 ], [ 294.544832600571681, 1066.570942670106888 ], [ 294.278885581472423, 1067.609200751408935 ], [ 293.524047363142017, 1070.514003593474627 ] ] ] } },
{ "type": "Feature", "properties": { "height": 6.254 }, "geometry": { "type": "Polygon", "coordinates": [ [ [ 303.107101495086681, 1067.965881731361151 ], [ 306.11106121056946, 1068.749870210886002 ], [ 306.217713295482099, 1068.307991098612547 ], [ 307.282637801719829, 1064.044225515797734 ], [ 295.920192460238468, 1060.914995939470828 ], [ 295.388640770746861, 1062.958292378112674 ], [ 294.580248708312865, 1066.106181301176548 ], [ 299.183060614392161, 1067.294238300994039 ], [ 299.268040419963654, 1066.973954807966948 ], [ 303.107101495086681, 1067.965881731361151 ] ] ] } },
{ "type": "Feature", "properties": { "height": 5.0 }, "geometry": { "type": "Polygon", "coordinates": [ [ [ 300.597526572586503, 1068.748477168381214 ], [ 302.756289346900303, 1069.31335019133985 ], [ 303.107101495086681, 1067.965881731361151 ], [ 299.268040419963654, 1066.973954807966948 ], [ 299.183060614392161, 1067.294238300994039 ], [ 299.066199126129504, 1067.736012260429561 ], [ 300.746383695455734, 1068.17413947544992 ], [ 300.597526572586503, 1068.748477168381214 ] ] ] } },
{ "type": "Feature", "properties": { "height": 6.104 }, "geometry": { "type": "Polygon", "coordinates": [ [ [ 451.470761195698287, 1076.081907361745834 ], [ 452.020577019022312, 1076.23152993619442 ], [ 453.037332922162022, 1072.676024030894041 ], [ 451.561214320070576, 1072.251087944023311 ], [ 452.990706734242849, 1067.282301299273968 ], [ 453.632063238706905, 1067.46608863119036 ], [ 454.161200869188178, 1065.655325899831951 ], [ 454.995962388056796, 1065.89647451415658 ], [ 456.902063782152254, 1059.260352013632655 ], [ 455.599046987190377, 1058.88149430975318 ], [ 456.583693003922235, 1055.469625437632203 ], [ 452.990103329706471, 1054.435966263525188 ], [ 449.53457592689665, 1066.781627514399588 ], [ 447.25543095608009, 1074.942182411439717 ], [ 451.470761195698287, 1076.081907361745834 ] ] ] } },
{ "type": "Feature", "properties": { "height": 5.0 }, "geometry": { "type": "Polygon", "coordinates": [ [ [ 457.886823398119304, 1055.837409820407629 ], [ 459.189132897125091, 1051.32136589102447 ], [ 455.046763752878178, 1047.059406282380223 ], [ 454.983116978837643, 1047.291314505040646 ], [ 452.990103329706471, 1054.435966263525188 ], [ 456.583693003922235, 1055.469625437632203 ], [ 457.886823398119304, 1055.837409820407629 ] ] ] } },
{ "type": "Feature", "properties": { "height": 5.0 }, "geometry": { "type": "Polygon", "coordinates": [ [ [ 448.780785036564339, 1050.727037323638797 ], [ 450.829515977471601, 1043.128907801583409 ], [ 450.925270957988687, 1042.753362364135683 ], [ 446.792774146830197, 1038.524724876508117 ], [ 443.872719207254704, 1049.436218066141009 ], [ 445.87868730421178, 1049.96627491991967 ], [ 448.780785036564339, 1050.727037323638797 ] ] ] } },
{ "type": "Feature", "properties": { "height": 5.268 }, "geometry": { "type": "Polygon", "coordinates": [ [ [ 244.643731484247837, 997.517405472695827 ], [ 243.456738253531512, 1001.735612677410245 ], [ 248.282416971458588, 1003.092099340632558 ], [ 248.600666780315805, 1001.932561823166907 ], [ 249.439009526104201, 998.851429855450988 ], [ 244.643731484247837, 997.517405472695827 ] ] ] } },
{ "type": "Feature", "properties": { "height": 7.418 }, "geometry": { "type": "Polygon", "coordinates": [ [ [ 238.886294880241621, 1006.328723697923124 ], [ 241.069675939506851, 998.554812472313643 ], [ 240.010776068025734, 998.267044767737389 ], [ 240.148969723202754, 997.736895428970456 ], [ 233.439734207990114, 995.862654596567154 ], [ 233.704886255378369, 994.901910176500678 ], [ 224.949432302033529, 992.441791583783925 ], [ 225.066067497304175, 992.022164605557919 ], [ 224.770800828526262, 991.941601939499378 ], [ 222.011879870027769, 991.160119685344398 ], [ 221.126079963927623, 990.918431479483843 ], [ 218.451736406306736, 1000.758201768621802 ], [ 222.554958818946034, 1001.87469142768532 ], [ 222.756575372593943, 1001.134781321510673 ], [ 231.329524329223204, 1003.471202174201608 ], [ 231.531140446953941, 1002.731291972100735 ], [ 235.267747230478562, 1003.755406067706645 ], [ 234.864629401126876, 1005.22415329515934 ], [ 237.583059160213452, 1005.971992528066039 ], [ 238.886294880241621, 1006.328723697923124 ] ] ] } },
{ "type": "Feature", "properties": { "height": 5.0 }, "geometry": { "type": "Polygon", "coordinates": [ [ [ 445.87868730421178, 1049.96627491991967 ], [ 443.379184689430986, 1059.697130668908358 ], [ 447.462702027056366, 1060.746905881911516 ], [ 446.940811532957014, 1062.845677930861712 ], [ 449.049101221840829, 1063.354637835174799 ], [ 451.534746646007989, 1053.9780203262344 ], [ 449.90537844382925, 1053.562582100741565 ], [ 450.522112141770776, 1051.176850531250238 ], [ 448.780785036564339, 1050.727037323638797 ], [ 445.87868730421178, 1049.96627491991967 ] ] ] } },
{ "type": "Feature", "properties": { "height": 5.0 }, "geometry": { "type": "Polygon", "coordinates": [ [ [ 447.25543095608009, 1074.942182411439717 ], [ 449.53457592689665, 1066.781627514399588 ], [ 446.083001225546468, 1065.838022895157337 ], [ 444.406166268337984, 1072.022451248019934 ], [ 442.441145793476608, 1071.481741167604923 ], [ 441.889537932234816, 1073.491612031124532 ], [ 445.086681749089621, 1074.355079527944326 ], [ 447.25543095608009, 1074.942182411439717 ] ] ] } },
{ "type": "Feature", "properties": { "height": 6.721 }, "geometry": { "type": "Polygon", "coordinates": [ [ [ 441.889537932234816, 1073.491612031124532 ], [ 442.441145793476608, 1071.481741167604923 ], [ 444.648145412851591, 1063.386891291476786 ], [ 440.443142390751746, 1062.236195898614824 ], [ 439.232481165963691, 1066.775330107659101 ], [ 437.735236358072143, 1072.374660836532712 ], [ 440.402982500905637, 1073.088716292753816 ], [ 441.889537932234816, 1073.491612031124532 ] ] ] } },
{ "type": "Feature", "properties": { "height": 5.0 }, "geometry": { "type": "Polygon", "coordinates": [ [ [ 437.735236358072143, 1072.374660836532712 ], [ 439.232481165963691, 1066.775330107659101 ], [ 430.811695639393292, 1064.529196268878877 ], [ 429.793510895455256, 1064.252936105243862 ], [ 429.029644538124558, 1064.067887436598539 ], [ 427.726484476705082, 1069.65813952498138 ], [ 437.735236358072143, 1072.374660836532712 ] ] ] } },
{ "type": "Feature", "properties": { "height": 5.0 }, "geometry": { "type": "Polygon", "coordinates": [ [ [ 439.232481165963691, 1066.775330107659101 ], [ 440.443142390751746, 1062.236195898614824 ], [ 440.75105456559686, 1061.087623277679086 ], [ 432.208217650128063, 1058.79593688622117 ], [ 430.811695639393292, 1064.529196268878877 ], [ 439.232481165963691, 1066.775330107659101 ] ] ] } },
{ "type": "Feature", "properties": { "height": 5.0 }, "geometry": { "type": "Polygon", "coordinates": [ [ [ 440.75105456559686, 1061.087623277679086 ], [ 441.876624483906198, 1056.87984636798501 ], [ 438.41472945624264, 1055.947208013385534 ], [ 434.351974048942793, 1054.864420449361205 ], [ 434.256332488323096, 1055.228892549872398 ], [ 432.179127539682668, 1054.675952478311956 ], [ 431.540149787266273, 1057.238645405508578 ], [ 432.548238785471767, 1057.50372720323503 ], [ 432.208217650128063, 1058.79593688622117 ], [ 440.75105456559686, 1061.087623277679086 ] ] ] } },
{ "type": "Feature", "properties": { "height": 5.0 }, "geometry": { "type": "Polygon", "coordinates": [ [ [ 441.876624483906198, 1056.87984636798501 ], [ 443.564807458838914, 1050.584790742024779 ], [ 436.129422869649716, 1048.824995441362262 ], [ 435.053986348735634, 1053.121883103623986 ], [ 438.842232526163571, 1054.091102567501366 ], [ 438.41472945624264, 1055.947208013385534 ], [ 441.876624483906198, 1056.87984636798501 ] ] ] } },
{ "type": "Feature", "properties": { "height": 5.0 }, "geometry": { "type": "Polygon", "coordinates": [ [ [ 313.796178184449673, 1040.301262411288917 ], [ 316.127809034951497, 1040.934359971433878 ], [ 317.549302757775877, 1035.755087094381452 ], [ 315.156645680079237, 1035.099212587811053 ], [ 313.796178184449673, 1040.301262411288917 ] ] ] } },
{ "type": "Feature", "properties": { "height": 5.0 }, "geometry": { "type": "Polygon", "coordinates": [ [ [ 322.944346535892691, 1016.51897294446826 ], [ 324.323289582098369, 1011.505377952940762 ], [ 321.737118394405115, 1010.803214432671666 ], [ 320.39901112037478, 1015.817229628562927 ], [ 322.944346535892691, 1016.51897294446826 ] ] ] } },
{ "type": "Feature", "properties": { "height": 5.645 }, "geometry": { "type": "Polygon", "coordinates": [ [ [ 344.891263865574729, 1006.102364359423518 ], [ 353.718433640373405, 1008.540998697280884 ], [ 354.790131104819011, 1004.609533047303557 ], [ 345.983381902857218, 1002.171109391376376 ], [ 344.891263865574729, 1006.102364359423518 ] ] ] } },
{ "type": "Feature", "properties": { "height": 5.0 }, "geometry": { "type": "Polygon", "coordinates": [ [ [ 333.170117591624148, 988.229405082762241 ], [ 331.898058114631567, 992.778974981978536 ], [ 340.643430928990711, 995.227850304916501 ], [ 341.915487795893569, 990.678279794752598 ], [ 333.170117591624148, 988.229405082762241 ] ] ] } },
{ "type": "Feature", "properties": { "height": 5.0 }, "geometry": { "type": "Polygon", "coordinates": [ [ [ 338.922019175661262, 950.192580597475171 ], [ 334.947421454649884, 965.345782697200775 ], [ 341.626481233804952, 967.175368865951896 ], [ 345.814551770919934, 952.112958151847124 ], [ 338.922019175661262, 950.192580597475171 ] ] ] } },
{ "type": "Feature", "properties": { "height": 5.0 }, "geometry": { "type": "Polygon", "coordinates": [ [ [ 330.694247004401404, 946.065717495977879 ], [ 327.691026245884132, 958.105928771197796 ], [ 334.341278418723959, 959.758031133562326 ], [ 337.34437987342244, 947.728892051614821 ], [ 330.694247004401404, 946.065717495977879 ] ] ] } },
{ "type": "Feature", "properties": { "height": 5.0 }, "geometry": { "type": "Polygon", "coordinates": [ [ [ 314.004647065594327, 1014.101310424506664 ], [ 315.233710950007662, 1009.761713219806552 ], [ 305.073364856012631, 1006.899575447663665 ], [ 303.822739692288451, 1011.349694294854999 ], [ 314.004647065594327, 1014.101310424506664 ] ] ] } },
{ "type": "Feature", "properties": { "height": 6.28 }, "geometry": { "type": "Polygon", "coordinates": [ [ [ 287.472463267215062, 1023.606856054626405 ], [ 286.545271017414052, 1027.384763891808689 ], [ 305.862464864447247, 1032.401035705581307 ], [ 306.840812105685472, 1028.612579209730029 ], [ 287.472463267215062, 1023.606856054626405 ] ] ] } },
{ "type": "Feature", "properties": { "height": 5.0 }, "geometry": { "type": "Polygon", "coordinates": [ [ [ 249.439009526104201, 998.851429855450988 ], [ 250.457864446740132, 995.096616682596505 ], [ 241.925526627805084, 992.782774042338133 ], [ 242.243662730557844, 991.634309891611338 ], [ 250.765790761739481, 993.948047233745456 ], [ 252.081791841483209, 989.099925651215017 ], [ 240.545859502686653, 985.968861510977149 ], [ 240.163503019080963, 987.404599398374557 ], [ 240.570728020218667, 987.519538252614439 ], [ 239.032004911976401, 993.173798529431224 ], [ 239.785428488336038, 993.380898812785745 ], [ 239.085049468616489, 995.954027525149286 ], [ 244.643731484247837, 997.517405472695827 ], [ 249.439009526104201, 998.851429855450988 ] ] ] } },
{ "type": "Feature", "properties": { "height": 5.0 }, "geometry": { "type": "Polygon", "coordinates": [ [ [ 252.081791841483209, 989.099925651215017 ], [ 254.395428718824405, 980.57429307885468 ], [ 254.618602160771843, 979.723860338330269 ], [ 245.078420252364594, 977.122777974233031 ], [ 244.951006322400644, 977.597666217014194 ], [ 243.30157505167881, 977.148774106986821 ], [ 243.503190292569343, 976.408863769844174 ], [ 242.678417702612933, 976.189954280853271 ], [ 240.774214597709943, 975.694139945320785 ], [ 240.403093983943108, 977.030323673039675 ], [ 241.594368842313997, 977.352678246796131 ], [ 239.670154764433391, 985.738352840766311 ], [ 240.545859502686653, 985.968861510977149 ], [ 252.081791841483209, 989.099925651215017 ] ] ] } },
{ "type": "Feature", "properties": { "height": 5.0 }, "geometry": { "type": "Polygon", "coordinates": [ [ [ 226.681278664793354, 972.005153040401638 ], [ 225.936183169076685, 974.954351380467415 ], [ 231.739761072734836, 976.531332047656178 ], [ 232.54656647372758, 973.538471419364214 ], [ 227.098826345172711, 972.109124209731817 ], [ 226.681278664793354, 972.005153040401638 ] ] ] } },
{ "type": "Feature", "properties": { "height": 5.0 }, "geometry": { "type": "Polygon", "coordinates": [ [ [ 239.063528858183417, 975.244616394862533 ], [ 239.689705851313192, 972.93650976754725 ], [ 239.965522543876432, 971.931577378883958 ], [ 236.839760560542345, 971.079872503876686 ], [ 238.600972716347314, 964.641619394533336 ], [ 229.640441621944774, 962.267985467799008 ], [ 227.098826345172711, 972.109124209731817 ], [ 232.54656647372758, 973.538471419364214 ], [ 239.063528858183417, 975.244616394862533 ] ] ] } },
{ "type": "Feature", "properties": { "height": 5.0 }, "geometry": { "type": "Polygon", "coordinates": [ [ [ 242.678417702612933, 976.189954280853271 ], [ 243.347711784532294, 973.660802990198135 ], [ 240.486702285939828, 972.878272512927651 ], [ 240.42282417207025, 973.132326505146921 ], [ 239.689705851313192, 972.93650976754725 ], [ 239.063528858183417, 975.244616394862533 ], [ 240.774214597709943, 975.694139945320785 ], [ 242.678417702612933, 976.189954280853271 ] ] ] } },
{ "type": "Feature", "properties": { "height": 7.309 }, "geometry": { "type": "Polygon", "coordinates": [ [ [ 257.367005152802449, 969.630135831423104 ], [ 258.598136192711536, 965.091223811730742 ], [ 258.789427359413821, 964.362281418405473 ], [ 259.967573283764068, 960.011088958010077 ], [ 245.039782576961443, 956.092032066546381 ], [ 244.615107902442105, 957.671301789581776 ], [ 235.084466743748635, 955.136756677180529 ], [ 233.83074344083434, 959.885848710313439 ], [ 244.746292435971554, 962.777966583147645 ], [ 243.875383855716791, 966.04702827334404 ], [ 244.496543664252385, 966.208468343131244 ], [ 257.367005152802449, 969.630135831423104 ] ] ] } },
{ "type": "Feature", "properties": { "height": 5.0 }, "geometry": { "type": "Polygon", "coordinates": [ [ [ 237.812005631567445, 945.087117782793939 ], [ 235.984977636195254, 951.967670207843184 ], [ 241.483414181682747, 953.430760068818927 ], [ 241.048187879496254, 955.043144328519702 ], [ 242.626494909869507, 955.458080973476171 ], [ 243.072500446171034, 953.790435541421175 ], [ 246.208582110528369, 954.631171178072691 ], [ 246.431755753990728, 953.780738533474505 ], [ 249.31340802583145, 954.541331840679049 ], [ 249.897377654036973, 952.365683346055448 ], [ 250.906477213022299, 948.566471938975155 ], [ 237.812005631567445, 945.087117782793939 ] ] ] } },
{ "type": "Feature", "properties": { "height": 7.985 }, "geometry": { "type": "Polygon", "coordinates": [ [ [ 260.190175955067389, 959.216022435575724 ], [ 261.230242615274619, 955.383906126953661 ], [ 257.269388634711504, 954.324265033937991 ], [ 249.897377654036973, 952.365683346055448 ], [ 249.31340802583145, 954.541331840679049 ], [ 248.877612313721329, 956.209082575514913 ], [ 260.190175955067389, 959.216022435575724 ] ] ] } },
{ "type": "Feature", "properties": { "height": 5.794 }, "geometry": { "type": "Polygon", "coordinates": [ [ [ 263.438015737396199, 947.222638437524438 ], [ 265.14668585214531, 940.927809386514127 ], [ 259.15992594108684, 939.293582414276898 ], [ 257.907627409615088, 938.948451713658869 ], [ 257.312880034849513, 941.179361609742045 ], [ 260.703502972086426, 942.089162472635508 ], [ 259.662296403956134, 946.032011337578297 ], [ 259.609540179895703, 946.197584480047226 ], [ 263.438015737396199, 947.222638437524438 ] ] ] } },
{ "type": "Feature", "properties": { "height": 6.471 }, "geometry": { "type": "Polygon", "coordinates": [ [ [ 262.578461601573508, 950.381073586642742 ], [ 263.438015737396199, 947.222638437524438 ], [ 259.609540179895703, 946.197584480047226 ], [ 259.662296403956134, 946.032011337578297 ], [ 256.342794207448605, 945.156166089698672 ], [ 256.852561616629828, 943.245539530180395 ], [ 255.488076644542161, 942.888178762979805 ], [ 254.882549428555649, 945.174349721521139 ], [ 253.854166565928608, 944.897971509024501 ], [ 253.078678364341613, 947.824708987027407 ], [ 258.607513860275503, 949.310254381038249 ], [ 262.578461601573508, 950.381073586642742 ] ] ] } },
{ "type": "Feature", "properties": { "height": 5.0 }, "geometry": { "type": "Polygon", "coordinates": [ [ [ 235.974647771276068, 938.102372987195849 ], [ 234.710488567536231, 942.87350644916296 ], [ 238.64082488726126, 943.921765176579356 ], [ 238.906432147254236, 942.916727639734745 ], [ 240.942778976925183, 943.469275821000338 ], [ 240.677171851915773, 944.474313386715949 ], [ 243.609525407140609, 945.268653506413102 ], [ 243.843250383855775, 944.385106272064149 ], [ 248.40495567052858, 945.594907594844699 ], [ 248.171002853254322, 946.500601403415203 ], [ 251.205220139876474, 947.318138001486659 ], [ 251.534248199022841, 946.103339283727109 ], [ 252.470977222896181, 946.356624791398644 ], [ 253.61792644293746, 942.060483568347991 ], [ 240.136540845094714, 938.477476169355214 ], [ 239.95591432164656, 939.162230499088764 ], [ 235.974647771276068, 938.102372987195849 ] ] ] } },
{ "type": "Feature", "properties": { "height": 6.395 }, "geometry": { "type": "Polygon", "coordinates": [ [ [ 240.136540845094714, 938.477476169355214 ], [ 240.338612102845218, 937.693272829055786 ], [ 255.021478225651663, 941.598738867789507 ], [ 255.138340345409233, 941.156965177506208 ], [ 257.174801438522991, 941.698437825776637 ], [ 257.312880034849513, 941.179361609742045 ], [ 257.907627409615088, 938.948451713658869 ], [ 253.407406366954092, 937.717137653380632 ], [ 250.179788307810668, 936.842237224802375 ], [ 239.255075662280433, 933.850357834249735 ], [ 237.249357551510911, 933.29812481906265 ], [ 235.974647771276068, 938.102372987195849 ], [ 239.95591432164656, 939.162230499088764 ], [ 240.136540845094714, 938.477476169355214 ] ] ] } },
{ "type": "Feature", "properties": { "height": 5.0 }, "geometry": { "type": "Polygon", "coordinates": [ [ [ 415.876200833183248, 1010.731040794402361 ], [ 416.770820398523938, 1009.12337889149785 ], [ 414.628766217560042, 1007.927452068775892 ], [ 415.721119039983023, 1005.956368571147323 ], [ 415.173015057458542, 1005.640645679086447 ], [ 416.649941388983279, 1003.009053273126483 ], [ 414.579010372690391, 1001.847081375308335 ], [ 412.221204889239743, 1005.743169507943094 ], [ 410.901857879303861, 1007.944480245932937 ], [ 415.876200833183248, 1010.731040794402361 ] ] ] } },
{ "type": "Feature", "properties": { "height": 6.049 }, "geometry": { "type": "Polygon", "coordinates": [ [ [ 415.876200833183248, 1010.731040794402361 ], [ 433.053028835623991, 1020.343157401308417 ], [ 435.018782115832437, 1016.84171243943274 ], [ 434.480772582697682, 1016.537168590351939 ], [ 435.385485582111869, 1014.940683924593031 ], [ 429.964441365387756, 1011.905897730961442 ], [ 429.226036070205737, 1013.216157942079008 ], [ 417.998170347535051, 1006.932195631787181 ], [ 416.770820398523938, 1009.12337889149785 ], [ 415.876200833183248, 1010.731040794402361 ] ] ] } },
{ "type": "Feature", "properties": { "height": 5.0 }, "geometry": { "type": "Polygon", "coordinates": [ [ [ 344.669236491026822, 1027.673063370399177 ], [ 348.090169537055772, 1028.616377536207438 ], [ 348.899232288764324, 1025.402046737261117 ], [ 345.549536143895239, 1024.481614802032709 ], [ 344.669236491026822, 1027.673063370399177 ] ] ] } },
{ "type": "Feature", "properties": { "height": 5.0 }, "geometry": { "type": "Polygon", "coordinates": [ [ [ 225.066067497304175, 992.022164605557919 ], [ 238.331739823275711, 995.735853954218328 ], [ 239.032004911976401, 993.173798529431224 ], [ 240.570728020218667, 987.519538252614439 ], [ 240.163503019080963, 987.404599398374557 ], [ 228.495311458187643, 984.227865470573306 ], [ 228.887650049931835, 982.814379507675767 ], [ 224.458538855833467, 981.617013145238161 ], [ 223.916199584782589, 983.715568685904145 ], [ 226.797514776524622, 984.509385914541781 ], [ 224.770800828526262, 991.941601939499378 ], [ 225.066067497304175, 992.022164605557919 ] ] ] } },
{ "type": "Feature", "properties": { "height": 5.0 }, "geometry": { "type": "Polygon", "coordinates": [ [ [ 178.728933860373218, 1087.449366848915815 ], [ 179.621878208010457, 1084.025493074208498 ], [ 177.656749460089486, 1083.495820289477706 ], [ 179.387142070394475, 1077.079403909854591 ], [ 177.615532751951832, 1076.596022823825479 ], [ 171.567354372353293, 1074.972204860299826 ], [ 171.408054636616725, 1075.56858283188194 ], [ 167.40656382945599, 1074.486351671628654 ], [ 167.353349753888324, 1074.696217576041818 ], [ 166.080622655281331, 1074.350869180634618 ], [ 165.22069943259703, 1077.542519479058683 ], [ 164.265013262047432, 1081.109713695943356 ], [ 164.601004231197294, 1081.201771577820182 ], [ 164.017132130044047, 1083.366344057023525 ], [ 174.870254181150813, 1086.379683952778578 ], [ 178.728933860373218, 1087.449366848915815 ] ] ] } },
{ "type": "Feature", "properties": { "height": 5.0 }, "geometry": { "type": "Polygon", "coordinates": [ [ [ 165.22069943259703, 1077.542519479058683 ], [ 166.080622655281331, 1074.350869180634618 ], [ 166.293136690917891, 1073.544625353068113 ], [ 159.980205997417215, 1071.851627562195063 ], [ 156.915452770714182, 1071.022684412077069 ], [ 155.85413518192945, 1074.932097127661109 ], [ 165.22069943259703, 1077.542519479058683 ] ] ] } },
{ "type": "Feature", "properties": { "height": 5.0 }, "geometry": { "type": "Polygon", "coordinates": [ [ [ 159.980205997417215, 1071.851627562195063 ], [ 160.754462567507289, 1069.046699918806553 ], [ 160.387958416889887, 1068.943253044039011 ], [ 161.056014731351752, 1066.5359106361866 ], [ 161.921400153136346, 1066.777391841635108 ], [ 162.249981233791914, 1065.60688778758049 ], [ 165.182242188660894, 1066.412315671332181 ], [ 166.052145924128126, 1063.242917094379663 ], [ 159.169787214370444, 1061.322561955079436 ], [ 159.057828426070046, 1061.28818485699594 ], [ 158.782347210915759, 1062.259896233677864 ], [ 155.921437614248134, 1061.466276749968529 ], [ 153.555431873828638, 1070.113176573067904 ], [ 156.915452770714182, 1071.022684412077069 ], [ 159.980205997417215, 1071.851627562195063 ] ] ] } },
{ "type": "Feature", "properties": { "height": 5.0 }, "geometry": { "type": "Polygon", "coordinates": [ [ [ 179.387142070394475, 1077.079403909854591 ], [ 181.311547266726848, 1077.597582472488284 ], [ 181.993738414079417, 1077.781802637502551 ], [ 184.500206061347853, 1068.383285051211715 ], [ 180.234418380598072, 1067.187589727342129 ], [ 179.80996247701114, 1068.74471140652895 ], [ 169.343547281459905, 1065.857178043574095 ], [ 169.534501581569202, 1065.161456365138292 ], [ 167.671353543759324, 1064.643907362595201 ], [ 165.783710807736497, 1071.457381904125214 ], [ 178.092860676639248, 1074.862255038693547 ], [ 177.615532751951832, 1076.596022823825479 ], [ 179.387142070394475, 1077.079403909854591 ] ] ] } },
{ "type": "Feature", "properties": { "height": 5.0 }, "geometry": { "type": "Polygon", "coordinates": [ [ [ 184.500206061347853, 1068.383285051211715 ], [ 187.102432847430464, 1058.609223029576242 ], [ 186.898819498252124, 1058.551752908155322 ], [ 178.38732638239162, 1056.193792229518294 ], [ 177.952775420213584, 1057.739735411480069 ], [ 172.577042223943863, 1056.255739559419453 ], [ 173.001384542323649, 1054.709691304713488 ], [ 168.104229504766408, 1053.352444029413164 ], [ 167.245220494631212, 1056.455508356913924 ], [ 166.248584931832738, 1060.033355128020048 ], [ 166.71683848783141, 1060.171073701232672 ], [ 166.388029640133027, 1061.363724356517196 ], [ 180.753837638476398, 1065.332436803728342 ], [ 180.234418380598072, 1067.187589727342129 ], [ 184.500206061347853, 1068.383285051211715 ] ] ] } },
{ "type": "Feature", "properties": { "height": 5.0 }, "geometry": { "type": "Polygon", "coordinates": [ [ [ 159.169787214370444, 1061.322561955079436 ], [ 160.611985465919133, 1056.121365207247436 ], [ 162.760190753440838, 1056.719373838976026 ], [ 163.142099801509175, 1055.327930614352226 ], [ 167.245220494631212, 1056.455508356913924 ], [ 168.104229504766408, 1053.352444029413164 ], [ 165.650661806401331, 1052.66269389539957 ], [ 158.839316054654773, 1050.787367789074779 ], [ 156.685599501710385, 1058.650170803070068 ], [ 156.186823936004657, 1060.483386944979429 ], [ 159.057828426070046, 1061.28818485699594 ], [ 159.169787214370444, 1061.322561955079436 ] ] ] } },
{ "type": "Feature", "properties": { "height": 5.689 }, "geometry": { "type": "Polygon", "coordinates": [ [ [ 165.650661806401331, 1052.66269389539957 ], [ 166.828042238892522, 1048.389020297676325 ], [ 170.330416732875165, 1049.355364486575127 ], [ 171.836375526560005, 1043.911186354234815 ], [ 169.738989561854396, 1043.33585150167346 ], [ 167.600767020019703, 1042.760095519013703 ], [ 164.851705481822137, 1042.01192788220942 ], [ 163.823316971422173, 1041.735543655231595 ], [ 161.491805115132593, 1041.091348236426711 ], [ 158.839316054654773, 1050.787367789074779 ], [ 165.650661806401331, 1052.66269389539957 ] ] ] } },
{ "type": "Feature", "properties": { "height": 5.0 }, "geometry": { "type": "Polygon", "coordinates": [ [ [ 170.330416732875165, 1049.355364486575127 ], [ 169.725671602704097, 1051.564019789919257 ], [ 174.602521874301601, 1052.909982889890671 ], [ 174.485884854046162, 1053.329609542153776 ], [ 183.526884460938163, 1055.825921820476651 ], [ 183.632855654286686, 1055.450482953339815 ], [ 187.440709746908396, 1056.497491515241563 ], [ 189.481309593829792, 1048.71104059740901 ], [ 180.521416655450594, 1046.270939657464623 ], [ 171.836375526560005, 1043.911186354234815 ], [ 170.330416732875165, 1049.355364486575127 ] ] ] } },
{ "type": "Feature", "properties": { "height": 5.0 }, "geometry": { "type": "Polygon", "coordinates": [ [ [ 189.481309593829792, 1048.71104059740901 ], [ 189.858022569504101, 1048.814591953530908 ], [ 191.194123809516896, 1043.999904941767454 ], [ 170.912206756940577, 1038.475189670920372 ], [ 168.926780237117782, 1037.934231670573354 ], [ 167.600767020019703, 1042.760095519013703 ], [ 169.738989561854396, 1043.33585150167346 ], [ 170.184434921480715, 1041.723574159666896 ], [ 180.956195291306358, 1044.702849892899394 ], [ 180.521416655450594, 1046.270939657464623 ], [ 189.481309593829792, 1048.71104059740901 ] ] ] } },
{ "type": "Feature", "properties": { "height": 5.0 }, "geometry": { "type": "Polygon", "coordinates": [ [ [ 167.600767020019703, 1042.760095519013703 ], [ 168.926780237117782, 1037.934231670573354 ], [ 166.58505964995129, 1037.289931833744049 ], [ 166.187928747734986, 1037.186169439926744 ], [ 164.851705481822137, 1042.01192788220942 ], [ 167.600767020019703, 1042.760095519013703 ] ] ] } },
{ "type": "Feature", "properties": { "height": 6.79 }, "geometry": { "type": "Polygon", "coordinates": [ [ [ 191.194123809516896, 1043.999904941767454 ], [ 192.508779107185546, 1039.284666781313717 ], [ 191.999803427897859, 1039.135454992763698 ], [ 188.639788338448852, 1038.225954888388515 ], [ 176.869928637926932, 1035.00383665971458 ], [ 172.217001485929359, 1033.72662799153477 ], [ 170.912206756940577, 1038.475189670920372 ], [ 191.194123809516896, 1043.999904941767454 ] ] ] } },
{ "type": "Feature", "properties": { "height": 5.0 }, "geometry": { "type": "Polygon", "coordinates": [ [ [ 178.577502984553576, 1028.819748360663652 ], [ 179.097263767675031, 1026.93137569911778 ], [ 179.553373290575109, 1025.274910284206271 ], [ 175.266952194739133, 1024.101148872636259 ], [ 174.429163054388482, 1027.126911133527756 ], [ 174.642985089856666, 1027.18448665831238 ], [ 174.505017037095968, 1027.692488986998796 ], [ 178.577502984553576, 1028.819748360663652 ] ] ] } },
{ "type": "Feature", "properties": { "height": 5.0 }, "geometry": { "type": "Polygon", "coordinates": [ [ [ 166.58505964995129, 1037.289931833744049 ], [ 167.90006490284577, 1032.541475668549538 ], [ 164.112522467621602, 1031.505745260044932 ], [ 162.807611094263848, 1036.265379620715976 ], [ 166.187928747734986, 1037.186169439926744 ], [ 166.58505964995129, 1037.289931833744049 ] ] ] } },
{ "type": "Feature", "properties": { "height": 5.0 }, "geometry": { "type": "Polygon", "coordinates": [ [ [ 140.476597594795749, 100.455192404799163 ], [ 145.236415880790446, 98.267231458798051 ], [ 134.160199228790589, 74.387253943830729 ], [ 128.452730561199132, 74.416995484381914 ], [ 129.897794765944127, 77.842827562242746 ], [ 130.410047185781877, 77.670918615534902 ], [ 140.476597594795749, 100.455192404799163 ] ] ] } },
{ "type": "Feature", "properties": { "height": 5.0 }, "geometry": { "type": "Polygon", "coordinates": [ [ [ 125.765228802978527, 330.098306249827147 ], [ 120.470314537873492, 343.576684031635523 ], [ 113.026428039476741, 362.481528904289007 ], [ 113.911045956949238, 362.833958687260747 ], [ 112.244128420425113, 367.058283224701881 ], [ 116.809799184266012, 368.855125287547708 ], [ 126.738453093625139, 343.641315404325724 ], [ 131.215505449101329, 332.247573537752032 ], [ 125.765228802978527, 330.098306249827147 ] ] ] } },
{ "type": "Feature", "properties": { "height": 5.0 }, "geometry": { "type": "Polygon", "coordinates": [ [ [ 177.860661786922719, 347.424227753654122 ], [ 180.535796484909952, 347.40750334225595 ], [ 179.039810700865928, 344.955706100910902 ], [ 178.506739459640812, 344.17500045709312 ], [ 177.631823018484283, 342.881346811540425 ], [ 174.956652231048793, 339.930119114927948 ], [ 173.751492721261457, 342.941020151600242 ], [ 173.279888590506744, 344.12112458050251 ], [ 172.766536492505111, 345.389394229277968 ], [ 177.860661786922719, 347.424227753654122 ] ] ] } },
{ "type": "Feature", "properties": { "height": 5.0 }, "geometry": { "type": "Polygon", "coordinates": [ [ [ 188.639788338448852, 1038.225954888388515 ], [ 190.656831977947149, 1029.752646179869771 ], [ 182.55258126888657, 1027.509627156890929 ], [ 182.457161663740408, 1027.851951436139643 ], [ 179.097263767675031, 1026.93137569911778 ], [ 178.577502984553576, 1028.819748360663652 ], [ 176.869928637926932, 1035.00383665971458 ], [ 188.639788338448852, 1038.225954888388515 ] ] ] } },
{ "type": "Feature", "properties": { "height": 5.0 }, "geometry": { "type": "Polygon", "coordinates": [ [ [ 179.665445936785545, 1025.298213979229331 ], [ 194.561184716818389, 1029.360971115529537 ], [ 197.047676244925242, 1019.917948335409164 ], [ 193.341694782895502, 1018.894140150398016 ], [ 192.991557752655353, 1020.175166986882687 ], [ 187.71770090382779, 1018.714374367147684 ], [ 188.067838377435692, 1017.433347631245852 ], [ 182.70232865907019, 1015.949459870345891 ], [ 179.665445936785545, 1025.298213979229331 ] ] ] } },
{ "type": "Feature", "properties": { "height": 6.033 }, "geometry": { "type": "Polygon", "coordinates": [ [ [ 179.665445936785545, 1025.298213979229331 ], [ 182.70232865907019, 1015.949459870345891 ], [ 176.400201534561347, 1014.20120669528842 ], [ 175.732149525603745, 1016.608549680560827 ], [ 174.968516259046737, 1016.401340920478106 ], [ 173.006564667855855, 1023.490911334753036 ], [ 175.266952194739133, 1024.101148872636259 ], [ 179.553373290575109, 1025.274910284206271 ], [ 179.665445936785545, 1025.298213979229331 ] ] ] } },
{ "type": "Feature", "properties": { "height": 5.0 }, "geometry": { "type": "Polygon", "coordinates": [ [ [ 173.006564667855855, 1023.490911334753036 ], [ 174.968516259046737, 1016.401340920478106 ], [ 175.732149525603745, 1016.608549680560827 ], [ 176.400201534561347, 1014.20120669528842 ], [ 169.242674446140882, 1012.233721542172134 ], [ 166.77544283476891, 1021.787683603353798 ], [ 173.006564667855855, 1023.490911334753036 ] ] ] } },
{ "type": "Feature", "properties": { "height": 5.0 }, "geometry": { "type": "Polygon", "coordinates": [ [ [ 155.993264469958376, 1018.83043759316206 ], [ 157.622280163282994, 1019.279128979891539 ], [ 158.28001201042207, 1016.88275470584631 ], [ 155.225593874289189, 1016.042842471972108 ], [ 156.795435594918672, 1010.344611859880388 ], [ 158.047738535620738, 1010.689750975929201 ], [ 158.440426919201855, 1009.243046753108501 ], [ 141.244409539795015, 1004.481001456268132 ], [ 138.572748783801217, 1014.055001795291901 ], [ 138.725543811393436, 1014.089799980632961 ], [ 143.093404724844731, 1015.286560731008649 ], [ 143.506969540263526, 1013.795774234458804 ], [ 149.2900239447481, 1015.383649962022901 ], [ 149.06752864603186, 1016.167641861364245 ], [ 152.732898628222756, 1017.1688940692693 ], [ 152.541715724742971, 1017.886762099340558 ], [ 155.993264469958376, 1018.83043759316206 ] ] ] } },
{ "type": "Feature", "properties": { "height": 5.0 }, "geometry": { "type": "Polygon", "coordinates": [ [ [ 166.77544283476891, 1021.787683603353798 ], [ 169.242674446140882, 1012.233721542172134 ], [ 164.549146776029374, 1010.933942632749677 ], [ 163.159368372347672, 1016.002786645665765 ], [ 161.642311356670689, 1015.588472962379456 ], [ 160.412059611699078, 1020.038792351260781 ], [ 166.77544283476891, 1021.787683603353798 ] ] ] } },
{ "type": "Feature", "properties": { "height": 5.0 }, "geometry": { "type": "Polygon", "coordinates": [ [ [ 152.423889275407419, 1028.328741481527686 ], [ 153.866315843304619, 1023.105398727580905 ], [ 154.752116889401805, 1023.347090946510434 ], [ 155.993264469958376, 1018.83043759316206 ], [ 152.541715724742971, 1017.886762099340558 ], [ 150.199998958909418, 1017.242459412664175 ], [ 149.871189443045296, 1018.435109777376056 ], [ 141.6039456880535, 1016.157164097763598 ], [ 139.238507307891268, 1024.748695814982057 ], [ 152.423889275407419, 1028.328741481527686 ] ] ] } },
{ "type": "Feature", "properties": { "height": 5.0 }, "geometry": { "type": "Polygon", "coordinates": [ [ [ 162.807611094263848, 1036.265379620715976 ], [ 164.112522467621602, 1031.505745260044932 ], [ 161.200458803330548, 1030.722673688083887 ], [ 152.423889275407419, 1028.328741481527686 ], [ 139.238507307891268, 1024.748695814982057 ], [ 136.18397419777466, 1023.919852908700705 ], [ 135.369409260048997, 1023.701042674481869 ], [ 134.104070078348741, 1028.582901776768267 ], [ 150.751900447008666, 1033.040294138714671 ], [ 155.914257643104065, 1034.422429792582989 ], [ 156.105440533196088, 1033.70456172991544 ], [ 159.719769483839627, 1034.705285836011171 ], [ 159.539138289284892, 1035.39003936573863 ], [ 162.807611094263848, 1036.265379620715976 ] ] ] } },
{ "type": "Feature", "properties": { "height": 5.0 }, "geometry": { "type": "Polygon", "coordinates": [ [ [ 161.491805115132593, 1041.091348236426711 ], [ 162.531674021971412, 1037.281384097412229 ], [ 162.807611094263848, 1036.265379620715976 ], [ 159.539138289284892, 1035.39003936573863 ], [ 155.914257643104065, 1034.422429792582989 ], [ 150.751900447008666, 1033.040294138714671 ], [ 149.786916590121109, 1036.518796326592565 ], [ 152.708961901662406, 1037.324121871963143 ], [ 152.358592693402898, 1038.627294447273016 ], [ 161.491805115132593, 1041.091348236426711 ] ] ] } },
{ "type": "Feature", "properties": { "height": 9.638 }, "geometry": { "type": "Polygon", "coordinates": [ [ [ 149.426223829621449, 1037.832936888560653 ], [ 149.786916590121109, 1036.518796326592565 ], [ 150.751900447008666, 1033.040294138714671 ], [ 134.104070078348741, 1028.582901776768267 ], [ 133.768080487323459, 1028.490843113511801 ], [ 132.452835960721131, 1033.261443340219557 ], [ 133.348846540960949, 1033.503242067992687 ], [ 136.678344519867096, 1034.401366164907813 ], [ 145.221017734904308, 1036.704301559366286 ], [ 149.426223829621449, 1037.832936888560653 ] ] ] } },
{ "type": "Feature", "properties": { "height": 5.0 }, "geometry": { "type": "Polygon", "coordinates": [ [ [ 136.678344519867096, 1034.401366164907813 ], [ 135.522173249220941, 1038.597735457122326 ], [ 137.208793526689988, 1039.401404730044305 ], [ 138.712561793508939, 1040.114593649283051 ], [ 140.421883374394383, 1040.697007770650089 ], [ 143.863113701343536, 1041.65165388584137 ], [ 143.937545290333219, 1041.36448566801846 ], [ 145.221017734904308, 1036.704301559366286 ], [ 136.678344519867096, 1034.401366164907813 ] ] ] } },
{ "type": "Feature", "properties": { "height": 6.707 }, "geometry": { "type": "Polygon", "coordinates": [ [ [ 158.839316054654773, 1050.787367789074779 ], [ 161.491805115132593, 1041.091348236426711 ], [ 152.358592693402898, 1038.627294447273016 ], [ 149.426223829621449, 1037.832936888560653 ], [ 145.221017734904308, 1036.704301559366286 ], [ 143.937545290333219, 1041.36448566801846 ], [ 152.948019951349124, 1043.849428617395461 ], [ 151.5903463367722, 1048.774634993635118 ], [ 158.839316054654773, 1050.787367789074779 ] ] ] } },
{ "type": "Feature", "properties": { "height": 5.0 }, "geometry": { "type": "Polygon", "coordinates": [ [ [ 156.186823936004657, 1060.483386944979429 ], [ 156.685599501710385, 1058.650170803070068 ], [ 154.985343253938481, 1058.178596554324031 ], [ 155.186735604540445, 1057.46083371900022 ], [ 152.865430673991796, 1056.816742267459631 ], [ 152.154938850842882, 1059.378689154982567 ], [ 156.186823936004657, 1060.483386944979429 ] ] ] } },
{ "type": "Feature", "properties": { "height": 5.0 }, "geometry": { "type": "Polygon", "coordinates": [ [ [ 149.762283487536479, 1058.722787452861667 ], [ 151.830792572523933, 1051.202414589002728 ], [ 134.868738857214339, 1046.520297402516007 ], [ 135.473375052039046, 1044.322716511785984 ], [ 130.779839179420378, 1043.022927222773433 ], [ 130.627043857180979, 1042.98812897130847 ], [ 127.922802973364014, 1052.750057445839047 ], [ 128.136625251092482, 1052.807633638381958 ], [ 148.041609017702285, 1058.251001951284707 ], [ 149.762283487536479, 1058.722787452861667 ] ] ] } },
{ "type": "Feature", "properties": { "height": 5.0 }, "geometry": { "type": "Polygon", "coordinates": [ [ [ 143.109209780523088, 1067.247981186956167 ], [ 143.342714060330763, 1066.386581764556468 ], [ 145.277211929031182, 1066.915943695232272 ], [ 147.504454182402696, 1058.854559885337949 ], [ 131.835535533784423, 1054.518000230193138 ], [ 129.544861190079246, 1062.789142698049545 ], [ 131.7643026074511, 1063.410039026290178 ], [ 131.583898103039246, 1064.072645759209991 ], [ 133.365599780459888, 1064.567211074754596 ], [ 133.823758180195, 1064.693752219900489 ], [ 134.046254849818069, 1063.909760511480272 ], [ 141.010171728266869, 1065.84204261098057 ], [ 140.79799874330638, 1066.61506636813283 ], [ 143.109209780523088, 1067.247981186956167 ] ] ] } },
{ "type": "Feature", "properties": { "height": 5.0 }, "geometry": { "type": "Polygon", "coordinates": [ [ [ 153.555431873828638, 1070.113176573067904 ], [ 155.921437614248134, 1061.466276749968529 ], [ 156.186823936004657, 1060.483386944979429 ], [ 152.154938850842882, 1059.378689154982567 ], [ 149.762283487536479, 1058.722787452861667 ], [ 148.041609017702285, 1058.251001951284707 ], [ 147.26735038444167, 1061.055929059162736 ], [ 150.840963104215916, 1062.045160854235291 ], [ 149.812554371717852, 1065.733423672616482 ], [ 147.368966167443432, 1065.065922290086746 ], [ 146.509838061465416, 1068.18005889467895 ], [ 153.555431873828638, 1070.113176573067904 ] ] ] } },
{ "type": "Feature", "properties": { "height": 5.0 }, "geometry": { "type": "Polygon", "coordinates": [ [ [ 129.980080456414726, 1074.056331243366003 ], [ 130.330224027507938, 1072.775305624119937 ], [ 130.998513770289719, 1070.345817798748612 ], [ 127.06849109363975, 1069.264311980456114 ], [ 123.95303625712404, 1068.40161585342139 ], [ 123.291264510538895, 1068.217603389173746 ], [ 122.303000355313998, 1071.972725157625973 ], [ 127.455046172777656, 1073.36583820451051 ], [ 129.980080456414726, 1074.056331243366003 ] ] ] } },
{ "type": "Feature", "properties": { "height": 5.0 }, "geometry": { "type": "Polygon", "coordinates": [ [ [ 140.945947876840364, 1077.026561561971903 ], [ 143.608090997964609, 1067.386016162112355 ], [ 143.109209780523088, 1067.247981186956167 ], [ 140.79799874330638, 1066.61506636813283 ], [ 133.823758180195, 1064.693752219900489 ], [ 133.365599780459888, 1064.567211074754596 ], [ 131.30831610225141, 1071.988027717918158 ], [ 134.973471147648524, 1073.011430133134127 ], [ 134.86727032501949, 1073.40901523642242 ], [ 131.364891749399249, 1072.442662777379155 ], [ 131.205818640009966, 1073.016893880441785 ], [ 130.330224027507938, 1072.775305624119937 ], [ 129.980080456414726, 1074.056331243366003 ], [ 140.294384774810169, 1076.842655126005411 ], [ 140.945947876840364, 1077.026561561971903 ] ] ] } },
{ "type": "Feature", "properties": { "height": 5.0 }, "geometry": { "type": "Polygon", "coordinates": [ [ [ 260.740261296625249, 1068.393432812765241 ], [ 261.6421401037951, 1065.091466026380658 ], [ 257.986961400310975, 1064.090347331017256 ], [ 257.414339391805697, 1066.155368621461093 ], [ 257.006998013996053, 1066.051503628492355 ], [ 256.688519789197017, 1067.233187796548009 ], [ 260.740261296625249, 1068.393432812765241 ] ] ] } },
{ "type": "Feature", "properties": { "height": 5.0 }, "geometry": { "type": "Polygon", "coordinates": [ [ [ 256.688519789197017, 1067.233187796548009 ], [ 257.006998013996053, 1066.051503628492355 ], [ 257.414339391805697, 1066.155368621461093 ], [ 257.986961400310975, 1064.090347331017256 ], [ 258.634240723971743, 1061.716010828502476 ], [ 259.316431855375413, 1061.900227382779121 ], [ 260.122892793326173, 1058.940585350617766 ], [ 258.422633961017709, 1058.469023293815553 ], [ 258.475732628605329, 1058.270230384543538 ], [ 245.310949907521717, 1054.668346988037229 ], [ 244.66401076404145, 1057.009463249705732 ], [ 244.399256188247818, 1056.94028977304697 ], [ 243.104921069752891, 1061.666815233416855 ], [ 247.930962068669032, 1062.990081075578928 ], [ 247.761114252672996, 1063.619574330747128 ], [ 254.175570732390042, 1065.368951666168869 ], [ 253.888974345638417, 1066.429145395755768 ], [ 256.098097137350123, 1067.060990676283836 ], [ 256.688519789197017, 1067.233187796548009 ] ] ] } },
{ "type": "Feature", "properties": { "height": 5.0 }, "geometry": { "type": "Polygon", "coordinates": [ [ [ 247.259404052980244, 1044.920766540803015 ], [ 245.307010178861674, 1052.076889403164387 ], [ 246.650972917093895, 1052.445113491266966 ], [ 246.300726001674775, 1053.737214598804712 ], [ 248.163760703930166, 1054.265826784074306 ], [ 248.450015195528977, 1053.238852912560105 ], [ 259.822883972257841, 1056.346078846603632 ], [ 261.276623130950611, 1051.012100191786885 ], [ 261.849700307007879, 1048.902785750105977 ], [ 261.116577901470009, 1048.706970322877169 ], [ 247.259404052980244, 1044.920766540803015 ] ] ] } },
{ "type": "Feature", "properties": { "height": 5.0 }, "geometry": { "type": "Polygon", "coordinates": [ [ [ 261.276623130950611, 1051.012100191786885 ], [ 265.166039718140382, 1052.071002686396241 ], [ 266.01493227930041, 1048.95675534941256 ], [ 261.392508170858491, 1047.690964363515377 ], [ 261.116577901470009, 1048.706970322877169 ], [ 261.849700307007879, 1048.902785750105977 ], [ 261.276623130950611, 1051.012100191786885 ] ] ] } },
{ "type": "Feature", "properties": { "height": 5.0 }, "geometry": { "type": "Polygon", "coordinates": [ [ [ 261.392508170858491, 1047.690964363515377 ], [ 263.344893624598626, 1040.53483978100121 ], [ 263.631374912220053, 1039.485719155520201 ], [ 264.01361599349184, 1038.061054050922394 ], [ 249.067035744490568, 1033.975696867331862 ], [ 248.812321478093509, 1034.914400141686201 ], [ 250.868985939829145, 1035.478229722008109 ], [ 249.425909408659209, 1040.768019683659077 ], [ 249.313836565881502, 1040.744716534391046 ], [ 248.390625269967131, 1044.135058481246233 ], [ 261.392508170858491, 1047.690964363515377 ] ] ] } },
{ "type": "Feature", "properties": { "height": 5.0 }, "geometry": { "type": "Polygon", "coordinates": [ [ [ 238.015644050261471, 1041.292813264764845 ], [ 244.379157827352174, 1043.030596491880715 ], [ 245.525202485499904, 1038.823041897267103 ], [ 243.549982992990408, 1038.282199317589402 ], [ 244.760189457330853, 1032.801745949313045 ], [ 240.443248671188485, 1031.61661531496793 ], [ 239.091024644265417, 1037.007010174915195 ], [ 238.02642351022223, 1041.23755213432014 ], [ 238.015644050261471, 1041.292813264764845 ] ] ] } },
{ "type": "Feature", "properties": { "height": 7.831 }, "geometry": { "type": "Polygon", "coordinates": [ [ [ 238.015644050261471, 1041.292813264764845 ], [ 238.02642351022223, 1041.23755213432014 ], [ 239.091024644265417, 1037.007010174915195 ], [ 231.139331440848764, 1034.820962307043374 ], [ 232.348915753595065, 1030.392574349418283 ], [ 230.414420407440048, 1029.863223805092275 ], [ 230.31888786557829, 1030.216621592640877 ], [ 229.247383176058065, 1034.125933421775699 ], [ 228.027474446163978, 1038.565289267338812 ], [ 238.015644050261471, 1041.292813264764845 ] ] ] } },
{ "type": "Feature", "properties": { "height": 5.0 }, "geometry": { "type": "Polygon", "coordinates": [ [ [ 210.771235656284261, 1030.724016530439258 ], [ 209.995963603549171, 1033.628605636768043 ], [ 214.333321460755542, 1034.813955691643059 ], [ 214.726118729275186, 1033.356177009642124 ], [ 213.830107138608582, 1033.114383333362639 ], [ 214.222676274308469, 1031.678751178085804 ], [ 210.771235656284261, 1030.724016530439258 ] ] ] } },
{ "type": "Feature", "properties": { "height": 5.0 }, "geometry": { "type": "Polygon", "coordinates": [ [ [ 250.432452465465758, 1009.459893368184566 ], [ 257.335898049583193, 1011.313977155834436 ], [ 257.876978701038752, 1009.337226478382945 ], [ 258.73226678557694, 1009.567523675039411 ], [ 260.57850748632336, 1001.812286891043186 ], [ 249.439009526104201, 998.851429855450988 ], [ 248.600666780315805, 1001.932561823166907 ], [ 253.793305097555276, 1003.348198341205716 ], [ 252.456087030295748, 1008.273622541688383 ], [ 248.739782408927567, 1007.260796522721648 ], [ 248.294232562242541, 1008.884149048477411 ], [ 250.432452465465758, 1009.459893368184566 ] ] ] } },
{ "type": "Feature", "properties": { "height": 5.0 }, "geometry": { "type": "Polygon", "coordinates": [ [ [ 275.195433758024592, 1016.093790428712964 ], [ 277.644112970505375, 1006.351358319632709 ], [ 273.815506862883922, 1005.337382297962904 ], [ 273.367558584141079, 1005.210950621403754 ], [ 273.176495838502888, 1005.917746648192406 ], [ 270.735567913448904, 1014.907196723856032 ], [ 275.195433758024592, 1016.093790428712964 ] ] ] } },
{ "type": "Feature", "properties": { "height": 5.0 }, "geometry": { "type": "Polygon", "coordinates": [ [ [ 270.735567913448904, 1014.907196723856032 ], [ 273.176495838502888, 1005.917746648192406 ], [ 263.391844614117872, 1003.258787911385298 ], [ 263.561919320665766, 1002.607147991657257 ], [ 261.230182383849751, 1001.985114835202694 ], [ 261.006151317444164, 1001.927435429766774 ], [ 260.57850748632336, 1001.812286891043186 ], [ 258.73226678557694, 1009.567523675039411 ], [ 258.262536291556899, 1011.556083640083671 ], [ 270.735567913448904, 1014.907196723856032 ] ] ] } },
{ "type": "Feature", "properties": { "height": 5.0 }, "geometry": { "type": "Polygon", "coordinates": [ [ [ 273.879438710922841, 1020.941913653165102 ], [ 275.195433758024592, 1016.093790428712964 ], [ 270.735567913448904, 1014.907196723856032 ], [ 258.262536291556899, 1011.556083640083671 ], [ 258.048714240023401, 1011.498509339988232 ], [ 257.103719495877158, 1015.021520538255572 ], [ 269.617020397738088, 1018.428421273827553 ], [ 269.286852349992841, 1019.753952868282795 ], [ 273.879438710922841, 1020.941913653165102 ] ] ] } },
{ "type": "Feature", "properties": { "height": 5.0 }, "geometry": { "type": "Polygon", "coordinates": [ [ [ 249.063236777496058, 1014.517880957573652 ], [ 250.432452465465758, 1009.459893368184566 ], [ 248.294232562242541, 1008.884149048477411 ], [ 246.817782974976581, 1008.492411392740905 ], [ 245.438014767132699, 1013.583513332530856 ], [ 249.063236777496058, 1014.517880957573652 ] ] ] } },
{ "type": "Feature", "properties": { "height": 5.0 }, "geometry": { "type": "Polygon", "coordinates": [ [ [ 247.522403379261959, 1019.385835507884622 ], [ 247.92586235050112, 1017.883868232369423 ], [ 251.031330743513536, 1018.724286561831832 ], [ 251.975642859761138, 1015.267715223133564 ], [ 249.063236777496058, 1014.517880957573652 ], [ 245.438014767132699, 1013.583513332530856 ], [ 244.111116381071042, 1018.497968812473118 ], [ 247.522403379261959, 1019.385835507884622 ] ] ] } },
{ "type": "Feature", "properties": { "height": 6.917 }, "geometry": { "type": "Polygon", "coordinates": [ [ [ 272.185133645951282, 1025.841513136401772 ], [ 272.531333004240878, 1025.933673713356256 ], [ 273.879438710922841, 1020.941913653165102 ], [ 269.286852349992841, 1019.753952868282795 ], [ 251.975642859761138, 1015.267715223133564 ], [ 251.031330743513536, 1018.724286561831832 ], [ 264.41013187385397, 1022.361594333313406 ], [ 264.049107719096355, 1023.708956932649016 ], [ 265.230291720537934, 1024.02013093419373 ], [ 272.185133645951282, 1025.841513136401772 ] ] ] } },
{ "type": "Feature", "properties": { "height": 5.0 }, "geometry": { "type": "Polygon", "coordinates": [ [ [ 265.230291720537934, 1024.02013093419373 ], [ 263.61691829044139, 1029.983708469197154 ], [ 265.541319436335471, 1030.501876166090369 ], [ 265.721831511589698, 1029.828194853849709 ], [ 270.853454232099466, 1031.221047311089933 ], [ 272.185133645951282, 1025.841513136401772 ], [ 265.230291720537934, 1024.02013093419373 ] ] ] } },
{ "type": "Feature", "properties": { "height": 6.436 }, "geometry": { "type": "Polygon", "coordinates": [ [ [ 136.766851881402545, 1086.241717435419559 ], [ 138.931932760926429, 1078.268289420753717 ], [ 126.913831755693536, 1075.353658264502883 ], [ 127.455046172777656, 1073.36583820451051 ], [ 122.303000355313998, 1071.972725157625973 ], [ 119.732839386735577, 1081.603141319938004 ], [ 120.099457783682737, 1081.69551594927907 ], [ 136.766851881402545, 1086.241717435419559 ] ] ] } },
{ "type": "Feature", "properties": { "height": 5.0 }, "geometry": { "type": "Polygon", "coordinates": [ [ [ 239.881242414878216, 1083.206604676321149 ], [ 240.910427321854513, 1079.440823977813125 ], [ 239.658002836513333, 1079.106765656732023 ], [ 240.007794572098646, 1077.858957706019282 ], [ 232.371537335624453, 1075.775830902159214 ], [ 232.445967282634228, 1075.488662330433726 ], [ 240.968029867275618, 1077.813475836999714 ], [ 242.166948319238145, 1073.429275130853057 ], [ 236.231067030283157, 1071.806640859693289 ], [ 234.897197820653673, 1071.449594320729375 ], [ 233.929947329277638, 1071.184919412247837 ], [ 230.162809530098457, 1070.14941724576056 ], [ 228.9863591301837, 1074.334508860483766 ], [ 227.428917410259601, 1079.822458909824491 ], [ 233.17151072161505, 1081.37665906175971 ], [ 239.575764602224808, 1083.125937269069254 ], [ 239.881242414878216, 1083.206604676321149 ] ] ] } },
{ "type": "Feature", "properties": { "height": 5.0 }, "geometry": { "type": "Polygon", "coordinates": [ [ [ 247.935055498732254, 1085.393697654828429 ], [ 255.561224372300785, 1087.465637529268861 ], [ 256.100943938770797, 1087.604089143685997 ], [ 258.722288545395713, 1077.952033130452037 ], [ 258.192892563936766, 1077.802613478153944 ], [ 252.531858227972407, 1076.260337617248297 ], [ 252.032980391231831, 1078.104629621841013 ], [ 253.997996400285047, 1078.64536557905376 ], [ 252.321534037473612, 1084.785483309067786 ], [ 248.391386514471378, 1083.71508402004838 ], [ 247.935055498732254, 1085.393697654828429 ] ] ] } },
{ "type": "Feature", "properties": { "height": 5.0 }, "geometry": { "type": "Polygon", "coordinates": [ [ [ 247.935055498732254, 1085.393697654828429 ], [ 248.391386514471378, 1083.71508402004838 ], [ 252.321534037473612, 1084.785483309067786 ], [ 253.997996400285047, 1078.64536557905376 ], [ 252.032980391231831, 1078.104629621841013 ], [ 252.531858227972407, 1076.260337617248297 ], [ 250.210432931198739, 1075.627335259690881 ], [ 244.977045981737319, 1074.200205106288195 ], [ 243.225853767653462, 1073.717042354866862 ], [ 242.822849405056331, 1075.174716487526894 ], [ 242.120353452570271, 1074.9792156284675 ], [ 240.910427321854513, 1079.440823977813125 ], [ 239.881242414878216, 1083.206604676321149 ], [ 247.935055498732254, 1085.393697654828429 ] ] ] } },
{ "type": "Feature", "properties": { "height": 5.0 }, "geometry": { "type": "Polygon", "coordinates": [ [ [ 254.467783571104519, 1075.660107538104057 ], [ 256.60034587996779, 1067.86352227255702 ], [ 255.928363686252851, 1067.679410750046372 ], [ 241.266813330526929, 1063.67450406961143 ], [ 241.479094941285439, 1062.890405889600515 ], [ 232.907249857380521, 1060.44326054584235 ], [ 230.162809530098457, 1070.14941724576056 ], [ 233.929947329277638, 1071.184919412247837 ], [ 234.810957789246459, 1067.927036663517356 ], [ 235.788417268253397, 1068.191816681995988 ], [ 234.897197820653673, 1071.449594320729375 ], [ 236.231067030283157, 1071.806640859693289 ], [ 236.560098372749053, 1070.591842432506382 ], [ 245.316285823646467, 1072.985511674545705 ], [ 244.977045981737319, 1074.200205106288195 ], [ 250.210432931198739, 1075.627335259690881 ], [ 250.496915673778858, 1074.578214845620096 ], [ 254.467783571104519, 1075.660107538104057 ] ] ] } },
{ "type": "Feature", "properties": { "height": 5.0 }, "geometry": { "type": "Polygon", "coordinates": [ [ [ 254.467783571104519, 1075.660107538104057 ], [ 255.526575326279271, 1075.958947107195854 ], [ 256.163076029915828, 1073.639871836639941 ], [ 259.105665808601771, 1074.434312425553799 ], [ 260.740261296625249, 1068.393432812765241 ], [ 256.688519789197017, 1067.233187796548009 ], [ 256.098097137350123, 1067.060990676283836 ], [ 255.928363686252851, 1067.679410750046372 ], [ 256.60034587996779, 1067.86352227255702 ], [ 254.467783571104519, 1075.660107538104057 ] ] ] } },
{ "type": "Feature", "properties": { "height": 5.0 }, "geometry": { "type": "Polygon", "coordinates": [ [ [ 227.428917410259601, 1079.822458909824491 ], [ 228.9863591301837, 1074.334508860483766 ], [ 224.648874360660557, 1073.160237156786025 ], [ 224.234746404050384, 1074.706391772255301 ], [ 214.75530438014539, 1072.150217033922672 ], [ 213.693432073981967, 1076.114999387413263 ], [ 214.161800575384405, 1076.241643130779266 ], [ 227.428917410259601, 1079.822458909824491 ] ] ] } },
{ "type": "Feature", "properties": { "height": 5.0 }, "geometry": { "type": "Polygon", "coordinates": [ [ [ 282.695800920948386, 972.870001809671521 ], [ 284.393001375428867, 966.696871684864163 ], [ 278.895012626482639, 965.189505432732403 ], [ 278.746497463493142, 965.730623189359903 ], [ 276.700051299470942, 965.166902136988938 ], [ 276.583531797805335, 965.575456189922988 ], [ 275.341439781128429, 965.230432266369462 ], [ 275.097393344447482, 966.124948021024466 ], [ 271.788323000073433, 965.227065211161971 ], [ 270.907553435477894, 968.462803272530437 ], [ 271.223124029871542, 968.55464855208993 ], [ 276.263755360560026, 969.857968071475625 ], [ 276.018226517539006, 970.896436177194118 ], [ 276.924330099835061, 971.149404605850577 ], [ 276.892334352247417, 971.281968293711543 ], [ 282.695800920948386, 972.870001809671521 ] ] ] } },
{ "type": "Feature", "properties": { "height": 5.214 }, "geometry": { "type": "Polygon", "coordinates": [ [ [ 276.018226517539006, 970.896436177194118 ], [ 275.23321689752629, 973.756629901006818 ], [ 274.32711317302892, 973.503661374561489 ], [ 274.135822707496118, 974.232603929005563 ], [ 285.233556627877988, 977.281608559191227 ], [ 285.365933254244737, 977.31619496550411 ], [ 286.320330297399778, 973.870800215750933 ], [ 284.721830103837419, 973.433511696755886 ], [ 282.695800920948386, 972.870001809671521 ], [ 276.892334352247417, 971.281968293711543 ], [ 276.924330099835061, 971.149404605850577 ], [ 276.018226517539006, 970.896436177194118 ] ] ] } },
{ "type": "Feature", "properties": { "height": 5.0 }, "geometry": { "type": "Polygon", "coordinates": [ [ [ 254.724571095663123, 979.348421052098274 ], [ 258.776743824244477, 980.464375032112002 ], [ 259.020791448827367, 979.569859497249126 ], [ 266.300478955614381, 981.571782497689128 ], [ 268.517206772754434, 973.532425196841359 ], [ 260.188834060856607, 971.24284188169986 ], [ 260.401113674219232, 970.458743471652269 ], [ 258.588793017144781, 969.963877732865512 ], [ 257.367005152802449, 969.630135831423104 ], [ 254.724571095663123, 979.348421052098274 ] ] ] } },
{ "type": "Feature", "properties": { "height": 5.0 }, "geometry": { "type": "Polygon", "coordinates": [ [ [ 255.798091937380377, 990.112751081585884 ], [ 257.687052955210675, 983.166388060897589 ], [ 255.9866891161073, 982.705898454412818 ], [ 256.411363065766636, 981.12662847340107 ], [ 254.395428718824405, 980.57429307885468 ], [ 252.081791841483209, 989.099925651215017 ], [ 255.798091937380377, 990.112751081585884 ] ] ] } },
{ "type": "Feature", "properties": { "height": 5.0 }, "geometry": { "type": "Polygon", "coordinates": [ [ [ 275.271611410134938, 993.82389447465539 ], [ 275.590315021632705, 992.620063457638025 ], [ 277.035887159931008, 987.08665974996984 ], [ 268.300166433386039, 984.693216999992728 ], [ 268.194083788548596, 985.079729622229934 ], [ 266.26980269793421, 984.550488669425249 ], [ 264.657459186681081, 990.414407016709447 ], [ 266.683604352467228, 990.966846035793424 ], [ 266.535316615190823, 991.485817178152502 ], [ 275.271611410134938, 993.82389447465539 ] ] ] } },
{ "type": "Feature", "properties": { "height": 5.0 }, "geometry": { "type": "Polygon", "coordinates": [ [ [ 280.010204015648924, 996.696670889854431 ], [ 280.670879442302976, 994.012387532740831 ], [ 275.590315021632705, 992.620063457638025 ], [ 275.271611410134938, 993.82389447465539 ], [ 274.878707005584147, 995.292747718282044 ], [ 276.416068575868849, 995.718333140015602 ], [ 280.010204015648924, 996.696670889854431 ] ] ] } },
{ "type": "Feature", "properties": { "height": 5.0 }, "geometry": { "type": "Polygon", "coordinates": [ [ [ 277.644112970505375, 1006.351358319632709 ], [ 278.000521035923157, 1006.443623921833932 ], [ 280.519292912620585, 996.834806401282549 ], [ 280.010204015648924, 996.696670889854431 ], [ 276.416068575868849, 995.718333140015602 ], [ 274.314380120544229, 1003.493089679628611 ], [ 273.815506862883922, 1005.337382297962904 ], [ 277.644112970505375, 1006.351358319632709 ] ] ] } },
{ "type": "Feature", "properties": { "height": 5.0 }, "geometry": { "type": "Polygon", "coordinates": [ [ [ 273.815506862883922, 1005.337382297962904 ], [ 274.314380120544229, 1003.493089679628611 ], [ 269.752996929863002, 1002.250077834352851 ], [ 269.25389504811028, 1004.116516843438148 ], [ 273.367558584141079, 1005.210950621403754 ], [ 273.815506862883922, 1005.337382297962904 ] ] ] } },
{ "type": "Feature", "properties": { "height": 5.0 }, "geometry": { "type": "Polygon", "coordinates": [ [ [ 263.561919320665766, 1002.607147991657257 ], [ 265.506735094531905, 1003.125526184216142 ], [ 266.016274660534691, 1001.237045902758837 ], [ 261.750045670196414, 1000.085666555911303 ], [ 261.230182383849751, 1001.985114835202694 ], [ 263.561919320665766, 1002.607147991657257 ] ] ] } },
{ "type": "Feature", "properties": { "height": 5.0 }, "geometry": { "type": "Polygon", "coordinates": [ [ [ 274.314380120544229, 1003.493089679628611 ], [ 276.416068575868849, 995.718333140015602 ], [ 274.878707005584147, 995.292747718282044 ], [ 260.919490600063, 991.50550274644047 ], [ 259.486858127638698, 996.773252161219716 ], [ 262.205401287588757, 997.510013591498137 ], [ 261.52612867282005, 1000.016913900151849 ], [ 261.750045670196414, 1000.085666555911303 ], [ 266.016274660534691, 1001.237045902758837 ], [ 269.752996929863002, 1002.250077834352851 ], [ 274.314380120544229, 1003.493089679628611 ] ] ] } },
{ "type": "Feature", "properties": { "height": 10.108 }, "geometry": { "type": "Polygon", "coordinates": [ [ [ 261.006151317444164, 1001.927435429766774 ], [ 261.52612867282005, 1000.016913900151849 ], [ 262.205401287588757, 997.510013591498137 ], [ 259.486858127638698, 996.773252161219716 ], [ 256.829341991106048, 996.059267595410347 ], [ 257.922623982594814, 992.01728533115238 ], [ 257.494980465096887, 991.902136684395373 ], [ 257.824236805958208, 990.665191348642111 ], [ 255.798091937380377, 990.112751081585884 ], [ 252.081791841483209, 989.099925651215017 ], [ 250.765790761739481, 993.948047233745456 ], [ 250.457864446740132, 995.096616682596505 ], [ 249.439009526104201, 998.851429855450988 ], [ 260.57850748632336, 1001.812286891043186 ], [ 261.006151317444164, 1001.927435429766774 ] ] ] } },
{ "type": "Feature", "properties": { "height": 5.0 }, "geometry": { "type": "Polygon", "coordinates": [ [ [ 224.849072809738573, 1089.408491553738713 ], [ 226.282522951194551, 1084.063232120126486 ], [ 227.428917410259601, 1079.822458909824491 ], [ 214.161800575384405, 1076.241643130779266 ], [ 213.652138253615703, 1078.141195209696889 ], [ 209.090621185314376, 1076.909238820895553 ], [ 209.345452646783087, 1075.959462845697999 ], [ 204.274845430918504, 1074.589367032051086 ], [ 204.539886381011456, 1073.639696302823722 ], [ 203.582731281174347, 1073.386197806335986 ], [ 199.438652726996224, 1072.269283205270767 ], [ 196.7649681250914, 1082.042610663920641 ], [ 200.552867906808387, 1083.045111956074834 ], [ 200.743820860807318, 1082.349389953538775 ], [ 210.65079969301587, 1085.031796650961041 ], [ 210.59770029556239, 1085.23058942053467 ], [ 214.731688099855091, 1086.336322172544897 ], [ 214.859217778604943, 1085.850360890850425 ], [ 215.388613716757391, 1085.999782117083669 ], [ 216.216643771855161, 1082.929619794711471 ], [ 217.540304496709723, 1083.286562828347087 ], [ 217.710153799096588, 1082.657069854438305 ], [ 220.235307029855903, 1083.336473749950528 ], [ 220.012586704455316, 1084.142613029107451 ], [ 219.83948644780321, 1084.096532152965665 ], [ 219.478571097133681, 1085.432820605114102 ], [ 219.081438582332339, 1085.329059741459787 ], [ 218.433923840988427, 1087.72554135043174 ], [ 218.647746909584384, 1087.783116171136498 ], [ 224.849072809738573, 1089.408491553738713 ] ] ] } },
{ "type": "Feature", "properties": { "height": 5.0 }, "geometry": { "type": "Polygon", "coordinates": [ [ [ 241.637716414814349, 1027.664271652698517 ], [ 249.284272277727723, 1029.736426925286651 ], [ 250.03786339313956, 1026.953431692905724 ], [ 249.874972921505105, 1026.907456286251545 ], [ 250.77685237157857, 1023.605490017682314 ], [ 251.917313540936448, 1023.905171260237694 ], [ 252.776759089028928, 1020.757809901610017 ], [ 247.522403379261959, 1019.385835507884622 ], [ 244.111116381071042, 1018.497968812473118 ], [ 241.637716414814349, 1027.664271652698517 ] ] ] } },
{ "type": "Feature", "properties": { "height": 5.0 }, "geometry": { "type": "Polygon", "coordinates": [ [ [ 241.637716414814349, 1027.664271652698517 ], [ 244.111116381071042, 1018.497968812473118 ], [ 240.639487233012915, 1017.520884305238724 ], [ 239.947203285177238, 1017.325488332659006 ], [ 238.524998590175528, 1022.571194727905095 ], [ 232.843569288321305, 1021.02869957126677 ], [ 232.323473524127621, 1022.9502935372293 ], [ 231.926456731685903, 1022.835459670051932 ], [ 231.384915904665831, 1024.85650260746479 ], [ 241.637716414814349, 1027.664271652698517 ] ] ] } },
{ "type": "Feature", "properties": { "height": 5.0 }, "geometry": { "type": "Polygon", "coordinates": [ [ [ 216.184957458346616, 1010.679691382683814 ], [ 214.176029990019742, 1018.366801498457789 ], [ 217.648000204644632, 1019.310672586783767 ], [ 217.552695546066388, 1019.641923793591559 ], [ 222.429880538315047, 1020.954651581123471 ], [ 222.058643315103836, 1022.301908186636865 ], [ 226.049799413303845, 1023.395093128085136 ], [ 226.431815778661985, 1021.992575316689909 ], [ 230.168541368388105, 1023.005617186427116 ], [ 230.327952323423233, 1022.398165442049503 ], [ 231.926456731685903, 1022.835459670051932 ], [ 232.323473524127621, 1022.9502935372293 ], [ 232.843569288321305, 1021.02869957126677 ], [ 233.133132181537803, 1019.680601460859179 ], [ 236.19787772546988, 1020.509529059752822 ], [ 237.152972940530162, 1016.997697356157005 ], [ 233.762447484012228, 1016.076818726025522 ], [ 233.879310680844355, 1015.635045176371932 ], [ 230.702949911297765, 1014.738520689308643 ], [ 230.437455210776534, 1015.732484837993979 ], [ 222.129138661723118, 1013.476311072707176 ], [ 222.415622571075801, 1012.427191089838743 ], [ 221.367045182327274, 1012.128453987650573 ], [ 218.608006407797802, 1011.358044565655291 ], [ 216.184957458346616, 1010.679691382683814 ] ] ] } },
{ "type": "Feature", "properties": { "height": 7.235 }, "geometry": { "type": "Polygon", "coordinates": [ [ [ 221.367045182327274, 1012.128453987650573 ], [ 221.505125545372721, 1011.609378047287464 ], [ 230.719660688540898, 1014.107450149953365 ], [ 230.857512600894552, 1013.610520655289292 ], [ 235.194979756081011, 1014.784791531972587 ], [ 235.311842902272474, 1014.343017974868417 ], [ 237.583059160213452, 1005.971992528066039 ], [ 234.864629401126876, 1005.22415329515934 ], [ 232.970745860773604, 1004.717370053753257 ], [ 232.747684930276591, 1005.55672927107662 ], [ 224.612473294429947, 1003.346637373790145 ], [ 224.84585789317498, 1002.496310163289309 ], [ 222.554958818946034, 1001.87469142768532 ], [ 218.451736406306736, 1000.758201768621802 ], [ 217.389526614744682, 1004.756204157136381 ], [ 220.189514754514676, 1005.515961308032274 ], [ 218.608006407797802, 1011.358044565655291 ], [ 221.367045182327274, 1012.128453987650573 ] ] ] } },
{ "type": "Feature", "properties": { "height": 5.0 }, "geometry": { "type": "Polygon", "coordinates": [ [ [ 244.111116381071042, 1018.497968812473118 ], [ 245.438014767132699, 1013.583513332530856 ], [ 246.817782974976581, 1008.492411392740905 ], [ 238.886294880241621, 1006.328723697923124 ], [ 237.583059160213452, 1005.971992528066039 ], [ 235.311842902272474, 1014.343017974868417 ], [ 238.977216912840959, 1015.344248304143548 ], [ 239.911208553879987, 1011.898645686917007 ], [ 242.018801185593475, 1012.474075758829713 ], [ 240.639487233012915, 1017.520884305238724 ], [ 244.111116381071042, 1018.497968812473118 ] ] ] } },
{ "type": "Feature", "properties": { "height": 5.108 }, "geometry": { "type": "Polygon", "coordinates": [ [ [ 214.726118729275186, 1033.356177009642124 ], [ 220.417532491439488, 1034.920930702239275 ], [ 220.024849839508533, 1036.367636248469353 ], [ 224.50468132464448, 1037.598748598247766 ], [ 225.724705149128567, 1033.148319728672504 ], [ 229.247383176058065, 1034.125933421775699 ], [ 230.31888786557829, 1030.216621592640877 ], [ 215.728845289384481, 1026.212422890588641 ], [ 214.222676274308469, 1031.678751178085804 ], [ 213.830107138608582, 1033.114383333362639 ], [ 214.726118729275186, 1033.356177009642124 ] ] ] } },
{ "type": "Feature", "properties": { "height": 5.0 }, "geometry": { "type": "Polygon", "coordinates": [ [ [ 213.382265599386301, 1044.870818000286818 ], [ 217.047988478792831, 1045.838833674788475 ], [ 217.482877198199276, 1044.259669780731201 ], [ 220.822362630802672, 1045.180026009678841 ], [ 221.013428316276986, 1044.47323053330183 ], [ 221.766569168656133, 1041.734529500827193 ], [ 222.636459380155429, 1038.565128218382597 ], [ 211.956123389129061, 1035.631122943013906 ], [ 210.152915639104322, 1042.179685303941369 ], [ 211.934730706678238, 1042.66316781565547 ], [ 211.467959031404462, 1044.363821892999113 ], [ 213.382265599386301, 1044.870818000286818 ] ] ] } },
{ "type": "Feature", "properties": { "height": 5.0 }, "geometry": { "type": "Polygon", "coordinates": [ [ [ 209.9573350775172, 1054.226654013618827 ], [ 217.715860538475681, 1056.33320189639926 ], [ 217.949132085952442, 1055.49394803866744 ], [ 226.481162105919793, 1057.841022471897304 ], [ 228.729802801797632, 1049.680179743096232 ], [ 213.233633311931044, 1045.423008477315307 ], [ 213.382265599386301, 1044.870818000286818 ], [ 211.467959031404462, 1044.363821892999113 ], [ 207.394896335375961, 1043.291938351467252 ], [ 204.795080979936756, 1052.833464840427041 ], [ 209.9573350775172, 1054.226654013618827 ] ] ] } },
{ "type": "Feature", "properties": { "height": 7.398 }, "geometry": { "type": "Polygon", "coordinates": [ [ [ 230.162809530098457, 1070.14941724576056 ], [ 232.907249857380521, 1060.44326054584235 ], [ 227.694059980800375, 1059.038480639457703 ], [ 226.062531121249776, 1064.780379360541701 ], [ 224.939521197637077, 1068.733458128757775 ], [ 230.162809530098457, 1070.14941724576056 ] ] ] } },
{ "type": "Feature", "properties": { "height": 7.307 }, "geometry": { "type": "Polygon", "coordinates": [ [ [ 210.313511741172988, 1060.288038382306695 ], [ 210.153871493879706, 1060.917636464349926 ], [ 222.037656107044313, 1063.985857544466853 ], [ 222.12275168224005, 1063.654501149430871 ], [ 223.12211113772355, 1059.810893137007952 ], [ 217.979588035144843, 1058.484358676709235 ], [ 217.926374736998696, 1058.694224725477397 ], [ 215.390788585646078, 1058.036861521191895 ], [ 215.454781472857576, 1057.771734360605478 ], [ 210.882491191558074, 1056.595039282925427 ], [ 210.085202720423695, 1059.654443643055856 ], [ 210.451820980582852, 1059.746816012077034 ], [ 210.313511741172988, 1060.288038382306695 ] ] ] } },
{ "type": "Feature", "properties": { "height": 5.0 }, "geometry": { "type": "Polygon", "coordinates": [ [ [ 224.939521197637077, 1068.733458128757775 ], [ 226.062531121249776, 1064.780379360541701 ], [ 222.12275168224005, 1063.654501149430871 ], [ 222.037656107044313, 1063.985857544466853 ], [ 210.153871493879706, 1060.917636464349926 ], [ 210.313511741172988, 1060.288038382306695 ], [ 203.309324204630684, 1058.300002566538751 ], [ 202.162923855066765, 1062.540774280205369 ], [ 215.287211140093859, 1066.109056164510548 ], [ 224.939521197637077, 1068.733458128757775 ] ] ] } },
{ "type": "Feature", "properties": { "height": 5.0 }, "geometry": { "type": "Polygon", "coordinates": [ [ [ 203.582731281174347, 1073.386197806335986 ], [ 203.975758545042481, 1071.906272845342755 ], [ 213.648603432637174, 1074.51981923636049 ], [ 214.795229220355395, 1070.256900296546519 ], [ 214.204692752973642, 1070.095774725079536 ], [ 215.287211140093859, 1066.109056164510548 ], [ 202.162923855066765, 1062.540774280205369 ], [ 201.582597004715353, 1062.379753354936838 ], [ 198.929561736003961, 1072.131144987419248 ], [ 199.438652726996224, 1072.269283205270767 ], [ 203.582731281174347, 1073.386197806335986 ] ] ] } },
{ "type": "Feature", "properties": { "height": 7.154 }, "geometry": { "type": "Polygon", "coordinates": [ [ [ 228.9863591301837, 1074.334508860483766 ], [ 230.162809530098457, 1070.14941724576056 ], [ 224.939521197637077, 1068.733458128757775 ], [ 215.287211140093859, 1066.109056164510548 ], [ 214.204692752973642, 1070.095774725079536 ], [ 214.795229220355395, 1070.256900296546519 ], [ 224.072881386789959, 1072.578433377668262 ], [ 223.966683025995735, 1072.976018995046616 ], [ 224.648874360660557, 1073.160237156786025 ], [ 228.9863591301837, 1074.334508860483766 ] ] ] } },
{ "type": "Feature", "properties": { "height": 5.0 }, "geometry": { "type": "Polygon", "coordinates": [ [ [ 269.130393141007517, 936.793775305151939 ], [ 270.438341937900987, 931.735155330970883 ], [ 267.862168108753394, 931.055232979357243 ], [ 266.981855308287777, 934.246677836403251 ], [ 266.472659668826964, 936.101938391104341 ], [ 269.130393141007517, 936.793775305151939 ] ] ] } },
{ "type": "Feature", "properties": { "height": 5.0 }, "geometry": { "type": "Polygon", "coordinates": [ [ [ 267.743279570073355, 941.607942400500178 ], [ 268.774730750883464, 937.620694907382131 ], [ 269.528265770582948, 937.816720549017191 ], [ 269.751551892899442, 936.955214362591505 ], [ 269.130393141007517, 936.793775305151939 ], [ 266.472659668826964, 936.101938391104341 ], [ 265.14668585214531, 940.927809386514127 ], [ 267.743279570073355, 941.607942400500178 ] ] ] } },
{ "type": "Feature", "properties": { "height": 5.0 }, "geometry": { "type": "Polygon", "coordinates": [ [ [ 289.609262762882281, 945.986026719212532 ], [ 289.874015454261098, 946.055199485272169 ], [ 290.809930088464171, 942.421348871663213 ], [ 270.38291975989705, 937.116758529096842 ], [ 269.436334956379142, 940.794796006754041 ], [ 281.686531129351351, 943.966418020427227 ], [ 281.378151922253892, 945.159281025640666 ], [ 283.486078076588456, 945.701485836878419 ], [ 283.794685170811135, 944.48647628352046 ], [ 289.609262762882281, 945.986026719212532 ] ] ] } },
{ "type": "Feature", "properties": { "height": 5.0 }, "geometry": { "type": "Polygon", "coordinates": [ [ [ 290.809930088464171, 942.421348871663213 ], [ 291.873142445692793, 938.323682896792889 ], [ 291.618598993343767, 938.254615282639861 ], [ 285.92630555271171, 936.778473513200879 ], [ 286.149476657737978, 935.928040386177599 ], [ 283.593833756109234, 935.237257882021368 ], [ 283.359997295134235, 936.13187887892127 ], [ 278.848996247223113, 934.955833859741688 ], [ 279.083061036712024, 934.039066405035555 ], [ 277.158558424911462, 933.5319730238989 ], [ 276.903163057111669, 934.537116246297956 ], [ 271.41448402334936, 933.118437627330422 ], [ 270.38291975989705, 937.116758529096842 ], [ 290.809930088464171, 942.421348871663213 ] ] ] } },
{ "type": "Feature", "properties": { "height": 5.0 }, "geometry": { "type": "Polygon", "coordinates": [ [ [ 293.597726424864959, 948.3305773306638 ], [ 293.750406999955885, 948.376447174698114 ], [ 294.995154933887534, 943.50544011592865 ], [ 290.809930088464171, 942.421348871663213 ], [ 289.874015454261098, 946.055199485272169 ], [ 289.609262762882281, 945.986026719212532 ], [ 289.290333004842978, 947.212004502303898 ], [ 289.6976711844909, 947.315868779085577 ], [ 293.597726424864959, 948.3305773306638 ] ] ] } },
{ "type": "Feature", "properties": { "height": 5.0 }, "geometry": { "type": "Polygon", "coordinates": [ [ [ 287.221967421355657, 955.718018021434546 ], [ 289.258545498130843, 956.248412767425179 ], [ 288.971839212812483, 957.319680320098996 ], [ 290.753759747196455, 957.792080452665687 ], [ 291.099957553262357, 957.88424067851156 ], [ 293.597726424864959, 948.3305773306638 ], [ 289.6976711844909, 947.315868779085577 ], [ 289.548700470186304, 947.901279652491212 ], [ 288.315185750892852, 952.672732155770063 ], [ 288.030128740065265, 952.59227586351335 ], [ 287.221967421355657, 955.718018021434546 ] ] ] } },
{ "type": "Feature", "properties": { "height": 5.0 }, "geometry": { "type": "Polygon", "coordinates": [ [ [ 268.586214844544884, 951.960142863914371 ], [ 274.90965355274966, 953.619981562718749 ], [ 275.090620640374254, 952.90200712159276 ], [ 283.797177857428323, 955.15117915533483 ], [ 283.605545963044278, 955.913341579958797 ], [ 286.191933918802533, 956.593365991488099 ], [ 286.383565683325287, 955.831203540787101 ], [ 287.137101833766792, 956.027228208258748 ], [ 287.221967421355657, 955.718018021434546 ], [ 288.030128740065265, 952.59227586351335 ], [ 288.315185750892852, 952.672732155770063 ], [ 289.548700470186304, 947.901279652491212 ], [ 279.783136390789878, 945.375419078394771 ], [ 279.932221512834076, 944.778935024514794 ], [ 267.743279570073355, 941.607942400500178 ], [ 265.14668585214531, 940.927809386514127 ], [ 263.438015737396199, 947.222638437524438 ], [ 262.578461601573508, 950.381073586642742 ], [ 268.586214844544884, 951.960142863914371 ] ] ] } },
{ "type": "Feature", "properties": { "height": 5.0 }, "geometry": { "type": "Polygon", "coordinates": [ [ [ 271.465136610961054, 954.968813280574977 ], [ 269.832835486449767, 960.788228805176914 ], [ 270.280782354471739, 960.914660670794547 ], [ 270.122057779866736, 961.455673221498728 ], [ 284.721228773356415, 965.559585171751678 ], [ 286.523027451767121, 959.143894460052252 ], [ 285.250536509964149, 958.776409467682242 ], [ 285.292855305597186, 958.632877635769546 ], [ 273.564679357397836, 955.33374220598489 ], [ 273.511467132659163, 955.543608419597149 ], [ 271.465136610961054, 954.968813280574977 ] ] ] } },
{ "type": "Feature", "properties": { "height": 5.0 }, "geometry": { "type": "Polygon", "coordinates": [ [ [ 265.669170771085192, 961.575931629166007 ], [ 267.40213666629279, 954.904821908101439 ], [ 267.799265832116362, 955.008581651374698 ], [ 268.586214844544884, 951.960142863914371 ], [ 262.578461601573508, 950.381073586642742 ], [ 261.230242615274619, 955.383906126953661 ], [ 260.190175955067389, 959.216022435575724 ], [ 259.967573283764068, 960.011088958010077 ], [ 265.669170771085192, 961.575931629166007 ] ] ] } },
{ "type": "Feature", "properties": { "height": 5.0 }, "geometry": { "type": "Polygon", "coordinates": [ [ [ 294.995154933887534, 943.50544011592865 ], [ 296.250339294027071, 938.612391574308276 ], [ 291.831218612845987, 937.437296734191477 ], [ 291.618598993343767, 938.254615282639861 ], [ 291.873142445692793, 938.323682896792889 ], [ 290.809930088464171, 942.421348871663213 ], [ 294.995154933887534, 943.50544011592865 ] ] ] } },
{ "type": "Feature", "properties": { "height": 5.0 }, "geometry": { "type": "Polygon", "coordinates": [ [ [ 258.789427359413821, 964.362281418405473 ], [ 270.508311289304402, 967.572737239301205 ], [ 271.303986871091183, 964.668355824425817 ], [ 271.696662980190013, 963.22164916433394 ], [ 265.669170771085192, 961.575931629166007 ], [ 259.967573283764068, 960.011088958010077 ], [ 258.789427359413821, 964.362281418405473 ] ] ] } },
{ "type": "Feature", "properties": { "height": 5.0 }, "geometry": { "type": "Polygon", "coordinates": [ [ [ 263.631374912220053, 1039.485719155520201 ], [ 266.400744124839548, 1040.245151534676552 ], [ 266.793308155320119, 1038.809518251568079 ], [ 264.01361599349184, 1038.061054050922394 ], [ 263.631374912220053, 1039.485719155520201 ] ] ] } },
{ "type": "Feature", "properties": { "height": 5.0 }, "geometry": { "type": "Polygon", "coordinates": [ [ [ 221.013428316276986, 1044.47323053330183 ], [ 222.123149075836409, 1044.783671787008643 ], [ 222.886612974631134, 1042.034002617001534 ], [ 221.766569168656133, 1041.734529500827193 ], [ 221.013428316276986, 1044.47323053330183 ] ] ] } },
{ "type": "Feature", "properties": { "height": 5.0 }, "geometry": { "type": "Polygon", "coordinates": [ [ [ 204.795080979936756, 1052.833464840427041 ], [ 204.147564896091353, 1055.22994595579803 ], [ 209.309819807938766, 1056.62313531152904 ], [ 209.9573350775172, 1054.226654013618827 ], [ 204.795080979936756, 1052.833464840427041 ] ] ] } },
{ "type": "Feature", "properties": { "height": 5.0 }, "geometry": { "type": "Polygon", "coordinates": [ [ [ 271.303986871091183, 964.668355824425817 ], [ 274.388912492606323, 965.519632779061794 ], [ 274.791797430312727, 964.073031187057495 ], [ 271.696662980190013, 963.22164916433394 ], [ 271.303986871091183, 964.668355824425817 ] ] ] } },
{ "type": "Feature", "properties": { "height": 5.0 }, "geometry": { "type": "Polygon", "coordinates": [ [ [ 286.320330297399778, 973.870800215750933 ], [ 286.755209862603806, 972.291634656488895 ], [ 285.156709835806396, 971.854346176609397 ], [ 284.721830103837419, 973.433511696755886 ], [ 286.320330297399778, 973.870800215750933 ] ] ] } },
{ "type": "Feature", "properties": { "height": 5.0 }, "geometry": { "type": "Polygon", "coordinates": [ [ [ 277.105887823447119, 976.323033611290157 ], [ 275.525203068216797, 982.087609007023275 ], [ 283.364913697645534, 984.23925793915987 ], [ 284.91508211044129, 978.463293232023716 ], [ 277.105887823447119, 976.323033611290157 ] ] ] } },
{ "type": "Feature", "properties": { "height": 5.0 }, "geometry": { "type": "Polygon", "coordinates": [ [ [ 261.230242615274619, 955.383906126953661 ], [ 262.578461601573508, 950.381073586642742 ], [ 258.607513860275503, 949.310254381038249 ], [ 257.269388634711504, 954.324265033937991 ], [ 261.230242615274619, 955.383906126953661 ] ] ] } },
{ "type": "Feature", "properties": { "height": 5.0 }, "geometry": { "type": "Polygon", "coordinates": [ [ [ 401.38083548709983, 984.623451018705964 ], [ 396.500575971265789, 993.532445744611323 ], [ 400.450168731098529, 995.68830000795424 ], [ 405.32021724601509, 986.779199037700891 ], [ 401.38083548709983, 984.623451018705964 ] ] ] } },
{ "type": "Feature", "properties": { "height": 5.0 }, "geometry": { "type": "Polygon", "coordinates": [ [ [ 413.516344332776498, 1058.492900168523192 ], [ 409.581861778220627, 1070.745031228289008 ], [ 411.372869275102858, 1071.328253209590912 ], [ 415.307464342738967, 1059.065048499032855 ], [ 413.516344332776498, 1058.492900168523192 ] ] ] } },
{ "type": "Feature", "properties": { "height": 5.0 }, "geometry": { "type": "Polygon", "coordinates": [ [ [ 266.01493227930041, 1048.95675534941256 ], [ 267.957220414828043, 1041.789451882243156 ], [ 263.344893624598626, 1040.53483978100121 ], [ 261.392508170858491, 1047.690964363515377 ], [ 266.01493227930041, 1048.95675534941256 ] ] ] } },
{ "type": "Feature", "properties": { "height": 5.0 }, "geometry": { "type": "Polygon", "coordinates": [ [ [ 235.560032460896764, 1050.714010486379266 ], [ 234.923301042581443, 1053.055231561884284 ], [ 237.214094627532177, 1053.687921118922532 ], [ 237.85071163676912, 1051.357773222029209 ], [ 235.560032460896764, 1050.714010486379266 ] ] ] } },
{ "type": "Feature", "properties": { "height": 7.533 }, "geometry": { "type": "Polygon", "coordinates": [ [ [ 255.070772410661448, 917.977481347508729 ], [ 254.000763053365517, 921.742842327803373 ], [ 253.143146793881897, 924.713031653314829 ], [ 252.501798620389309, 924.529235035181046 ], [ 253.306544723978732, 921.735692121088505 ], [ 253.64566723362077, 920.532071770168841 ], [ 249.583758851222228, 919.371717184782028 ], [ 248.926843764493242, 921.690581968054175 ], [ 248.449984216073062, 923.380058606155217 ], [ 241.719223875959869, 921.616341890767217 ], [ 240.181528833752964, 921.223972087725997 ], [ 240.075559828139376, 921.599411291070282 ], [ 239.013474214647431, 925.586341720074415 ], [ 251.294165725528728, 928.769379001110792 ], [ 255.632178735162597, 929.888278926722705 ], [ 257.951682042854372, 921.783534791320562 ], [ 258.142630697169807, 921.08781217224896 ], [ 258.957926796691027, 918.261154377833009 ], [ 255.070772410661448, 917.977481347508729 ] ] ] } },
{ "type": "Feature", "properties": { "height": 20.0 }, "geometry": { "type": "Polygon", "coordinates": [ [ [ 792.646318524901289, 858.242924723774195 ], [ 854.943556479760446, 870.654248456470668 ], [ 858.464375589683186, 850.911481406539679 ], [ 796.230387910502031, 839.309248019009829 ], [ 792.646318524901289, 858.242924723774195 ] ] ] } },
{ "type": "Feature", "properties": { "height": 20.0 }, "geometry": { "type": "Polygon", "coordinates": [ [ [ 591.17180153116351, 140.910075118765235 ], [ 595.693613586307038, 141.011931031011045 ], [ 595.807909729308449, 135.852423102594912 ], [ 591.275776906113606, 135.761535451747477 ], [ 591.17180153116351, 140.910075118765235 ] ] ] } },
{ "type": "Feature", "properties": { "height": 20.0 }, "geometry": { "type": "Polygon", "coordinates": [ [ [ 586.922887824650388, 141.076809551566839 ], [ 589.45437702460913, 141.124982766807079 ], [ 589.577896015369333, 135.068540965206921 ], [ 587.056616397050675, 135.020472660660744 ], [ 586.922887824650388, 141.076809551566839 ] ] ] } },
{ "type": "Feature", "properties": { "height": 20.0 }, "geometry": { "type": "Polygon", "coordinates": [ [ [ 592.471762149536517, 0.555066227912903 ], [ 592.995180660451297, 20.151111446321011 ], [ 580.70974589465186, 20.478857904672623 ], [ 582.55405235424405, 90.344240205362439 ], [ 594.839545481663663, 90.016489047557116 ], [ 595.05181087605888, 98.169449686072767 ], [ 648.972857027605642, 96.763484368100762 ], [ 648.488561214471702, 78.319590210914612 ], [ 644.454728413082194, 78.422103835269809 ], [ 644.188957219652366, 68.518836410716176 ], [ 634.119637269875966, 68.780809078365564 ], [ 633.604772370017599, 49.339900018647313 ], [ 615.20227968058316, 49.815221317112446 ], [ 613.886822626285721, 0.0 ], [ 610.680235340434592, 0.077783010900021 ], [ 592.471762149536517, 0.555066227912903 ] ] ] } },
{ "type": "Feature", "properties": { "height": 20.0 }, "geometry": { "type": "Polygon", "coordinates": [ [ [ 801.162652748113032, 88.23784685600549 ], [ 801.456061959441286, 89.492268138565123 ], [ 800.760838937072549, 90.58149834163487 ], [ 799.502125042374246, 90.867585650645196 ], [ 798.406542268116027, 90.180798839777708 ], [ 798.123341787140816, 88.926482285372913 ], [ 798.808356454072054, 87.837147397920489 ], [ 800.067070110118948, 87.551060160622001 ], [ 801.162652748113032, 88.23784685600549 ] ] ] } },
{ "type": "Feature", "properties": { "height": 20.0 }, "geometry": { "type": "Polygon", "coordinates": [ [ [ 814.657628891989589, 97.390954470261931 ], [ 818.458564595493954, 104.063545925542712 ], [ 829.928857650549617, 97.614151870831847 ], [ 827.301285722700413, 93.002374165691435 ], [ 820.154232902103104, 97.015473736450076 ], [ 818.980752928473521, 94.965735755860806 ], [ 814.657628891989589, 97.390954470261931 ] ] ] } },
{ "type": "Feature", "properties": { "height": 20.0 }, "geometry": { "type": "Polygon", "coordinates": [ [ [ 800.788305226538796, 94.867579826153815 ], [ 803.766801149642561, 100.103132642805576 ], [ 811.18098635651404, 95.926666619256139 ], [ 808.20248884143075, 90.691115384921432 ], [ 800.788305226538796, 94.867579826153815 ] ] ] } },
{ "type": "Feature", "properties": { "height": 20.0 }, "geometry": { "type": "Polygon", "coordinates": [ [ [ 791.328403575229459, 872.249598640017211 ], [ 787.010898637352511, 894.996417358517647 ], [ 768.178778535046149, 891.469727730378509 ], [ 772.49631244916236, 868.722912942059338 ], [ 791.328403575229459, 872.249598640017211 ] ] ] } },
{ "type": "Feature", "properties": { "height": 20.0 }, "geometry": { "type": "Polygon", "coordinates": [ [ [ 706.058217967685778, 971.221097918227315 ], [ 711.756631636118982, 937.303320716135204 ], [ 1000.1207670167787, 993.219251135364175 ], [ 993.105923931172583, 1027.134679329581559 ], [ 706.058217967685778, 971.221097918227315 ] ] ] } },
{ "type": "Feature", "properties": { "height": 5.0 }, "geometry": { "type": "Polygon", "coordinates": [ [ [ 142.138292014773469, 531.467636916786432 ], [ 148.640971072018147, 531.567894896492362 ], [ 148.827777487633284, 528.302859806455672 ], [ 143.426853670331184, 528.291480871848762 ], [ 142.138292014773469, 531.467636916786432 ] ] ] } },
{ "type": "Feature", "properties": { "height": 7.0 }, "geometry": { "type": "Polygon", "coordinates": [ [ [ 63.811430349829607, 291.584748432971537 ], [ 68.547677770722657, 291.688976253382862 ], [ 68.164988322823774, 272.371186882257462 ], [ 63.785263537138235, 275.316110256128013 ], [ 63.811430349829607, 291.584748432971537 ] ] ] } },
{ "type": "Feature", "properties": { "height": 14.0 }, "geometry": { "type": "Polygon", "coordinates": [ [ [ 281.044857515080366, 118.061530923470855 ], [ 308.722235396213364, 116.164953950792551 ], [ 308.325941680523101, 127.877630922012031 ], [ 553.796403619868215, 117.878599087707698 ], [ 550.732601049239747, 43.504447892308235 ], [ 277.046150940179359, 54.297993218526244 ], [ 281.044857515080366, 118.061530923470855 ] ] ] } },
{ "type": "Feature", "properties": { "height": 20.0 }, "geometry": { "type": "Polygon", "coordinates": [ [ [ 0.0, 953.610347181558609 ], [ 6.569590065220837, 958.130049805156887 ], [ 106.765194843581412, 815.251004673540592 ], [ 99.996715691231657, 810.219869037158787 ], [ 0.0, 953.610347181558609 ] ] ] } },
{ "type": "Feature", "properties": { "height": 31.0 }, "geometry": { "type": "Polygon", "coordinates": [ [ [ 206.046513468085323, 375.489425249397755 ], [ 212.80183723376831, 373.853575367480516 ], [ 211.13653377542505, 367.025632435455918 ], [ 207.923353993217461, 367.734507881104946 ], [ 204.342317988455761, 368.472815042361617 ], [ 206.046513468085323, 375.489425249397755 ] ] ] } },
{ "type": "Feature", "properties": { "height": 30.0 }, "geometry": { "type": "Polygon", "coordinates": [ [ [ 207.923353993217461, 367.734507881104946 ], [ 204.350494528422132, 351.82801160402596 ], [ 204.321351945691276, 351.683743515051901 ], [ 205.252511588216294, 351.482925177551806 ], [ 204.676559226063546, 348.918793357908726 ], [ 204.627569837379269, 348.718948520720005 ], [ 203.675878848996945, 348.930629664100707 ], [ 202.807360186241567, 345.034549478441477 ], [ 203.288309913768899, 344.928761553019285 ], [ 202.829498997190967, 342.886335652321577 ], [ 202.000654998526443, 343.066059357486665 ], [ 201.815362862078473, 342.222492094151676 ], [ 201.307677072880324, 339.969148004427552 ], [ 208.092242120357696, 338.466495920903981 ], [ 208.697223005350679, 341.185968974605203 ], [ 209.185291378642432, 343.361589467152953 ], [ 210.229694358131383, 348.023618248291314 ], [ 210.717763259599451, 350.199238646775484 ], [ 211.79188058845466, 354.950168967247009 ], [ 212.289588178158738, 357.181260803714395 ], [ 213.3241270724684, 361.809964183717966 ], [ 213.812197040824685, 363.985584395006299 ], [ 214.339504496485461, 366.316651102155447 ], [ 211.13653377542505, 367.025632435455918 ], [ 207.923353993217461, 367.734507881104946 ] ] ] } },
{ "type": "Feature", "properties": { "height": 35.0 }, "geometry": { "type": "Polygon", "coordinates": [ [ [ 204.350494528422132, 351.82801160402596 ], [ 204.321351945691276, 351.683743515051901 ], [ 205.252511588216294, 351.482925177551806 ], [ 204.676559226063546, 348.918793357908726 ], [ 204.627569837379269, 348.718948520720005 ], [ 203.675878848996945, 348.930629664100707 ], [ 202.807360186241567, 345.034549478441477 ], [ 203.288309913768899, 344.928761553019285 ], [ 202.829498997190967, 342.886335652321577 ], [ 202.000654998526443, 343.066059357486665 ], [ 201.815362862078473, 342.222492094151676 ], [ 198.048065481591038, 343.202515546232462 ], [ 200.227716404828243, 352.627181238494813 ], [ 204.350494528422132, 351.82801160402596 ] ] ] } },
{ "type": "Feature", "properties": { "height": 30.0 }, "geometry": { "type": "Polygon", "coordinates": [ [ [ 213.812197040824685, 363.985584395006299 ], [ 214.773983399500139, 363.785081015899777 ], [ 214.337070926558226, 361.598913572728634 ], [ 213.3241270724684, 361.809964183717966 ], [ 213.812197040824685, 363.985584395006299 ] ] ] } },
{ "type": "Feature", "properties": { "height": 30.0 }, "geometry": { "type": "Polygon", "coordinates": [ [ [ 212.289588178158738, 357.181260803714395 ], [ 213.30241762829246, 356.981283546425402 ], [ 212.86550565174548, 354.795116018503904 ], [ 211.79188058845466, 354.950168967247009 ], [ 212.289588178158738, 357.181260803714395 ] ] ] } },
{ "type": "Feature", "properties": { "height": 30.0 }, "geometry": { "type": "Polygon", "coordinates": [ [ [ 210.717763259599451, 350.199238646775484 ], [ 211.689757478889078, 349.998840717598796 ], [ 211.252846027549822, 347.812673099339008 ], [ 210.229694358131383, 348.023618248291314 ], [ 210.717763259599451, 350.199238646775484 ] ] ] } },
{ "type": "Feature", "properties": { "height": 30.0 }, "geometry": { "type": "Polygon", "coordinates": [ [ [ 209.185291378642432, 343.361589467152953 ], [ 210.167493869608734, 343.161296863108873 ], [ 209.730582922173198, 340.975129157304764 ], [ 208.697223005350679, 341.185968974605203 ], [ 209.185291378642432, 343.361589467152953 ] ] ] } },
{ "type": "Feature", "properties": { "height": 35.0 }, "geometry": { "type": "Polygon", "coordinates": [ [ [ 198.557826572388876, 308.600132716819644 ], [ 198.549101498385426, 308.456075024791062 ], [ 199.49942053394625, 308.377273556776345 ], [ 199.281345331168268, 305.761457303538918 ], [ 199.262982199492399, 305.561928061768413 ], [ 198.29224601155147, 305.640519080683589 ], [ 197.955495643604081, 301.661323082633317 ], [ 198.44596794078825, 301.622080205008388 ], [ 198.273458506853785, 299.538306819275022 ], [ 197.425340764573775, 299.607087040320039 ], [ 197.352573141513858, 298.742530441842973 ], [ 193.488449573749676, 299.212129717692733 ], [ 194.369305626954883, 308.844900218769908 ], [ 198.557826572388876, 308.600132716819644 ] ] ] } },
{ "type": "Feature", "properties": { "height": 30.0 }, "geometry": { "type": "Polygon", "coordinates": [ [ [ 199.932033903838601, 324.84942989423871 ], [ 198.557826572388876, 308.600132716819644 ], [ 198.549101498385426, 308.456075024791062 ], [ 199.49942053394625, 308.377273556776345 ], [ 199.281345331168268, 305.761457303538918 ], [ 199.262982199492399, 305.561928061768413 ], [ 198.29224601155147, 305.640519080683589 ], [ 197.955495643604081, 301.661323082633317 ], [ 198.44596794078825, 301.622080205008388 ], [ 198.273458506853785, 299.538306819275022 ], [ 197.425340764573775, 299.607087040320039 ], [ 197.352573141513858, 298.742530441842973 ], [ 197.161814967577811, 296.448154509067535 ], [ 204.079810068185907, 295.866059483960271 ], [ 204.316591382550541, 298.648185089230537 ], [ 204.50814955442911, 300.865047986619174 ], [ 204.908374058490153, 305.620108922943473 ], [ 205.089609705959447, 307.847939846105874 ], [ 205.499130492506083, 312.691692054271698 ], [ 205.69000448519364, 314.974994486197829 ], [ 206.090572450135369, 319.696835469454527 ], [ 206.282017289020587, 321.924771527759731 ], [ 206.482187383517157, 324.296765254810452 ], [ 203.212215068168007, 324.573150540702045 ], [ 199.932033903838601, 324.84942989423871 ] ] ] } },
{ "type": "Feature", "properties": { "height": 30.0 }, "geometry": { "type": "Polygon", "coordinates": [ [ [ 204.50814955442911, 300.865047986619174 ], [ 205.49907445529243, 300.808813523501158 ], [ 205.368882214825135, 298.581508624367416 ], [ 204.316591382550541, 298.648185089230537 ], [ 204.50814955442911, 300.865047986619174 ] ] ] } },
{ "type": "Feature", "properties": { "height": 30.0 }, "geometry": { "type": "Polygon", "coordinates": [ [ [ 205.089609705959447, 307.847939846105874 ], [ 206.080649189476389, 307.780632050707936 ], [ 205.94024805346271, 305.553221976384521 ], [ 204.908374058490153, 305.620108922943473 ], [ 205.089609705959447, 307.847939846105874 ] ] ] } },
{ "type": "Feature", "properties": { "height": 30.0 }, "geometry": { "type": "Polygon", "coordinates": [ [ [ 205.69000448519364, 314.974994486197829 ], [ 206.721765013004187, 314.919180716387928 ], [ 206.591572300065309, 312.691875880584121 ], [ 205.499130492506083, 312.691692054271698 ], [ 205.69000448519364, 314.974994486197829 ] ] ] } },
{ "type": "Feature", "properties": { "height": 30.0 }, "geometry": { "type": "Polygon", "coordinates": [ [ [ 206.282017289020587, 321.924771527759731 ], [ 207.262849032820668, 321.857358396053314 ], [ 207.122447422065306, 319.629948385059834 ], [ 206.090572450135369, 319.696835469454527 ], [ 206.282017289020587, 321.924771527759731 ] ] ] } },
{ "type": "Feature", "properties": { "height": 31.0 }, "geometry": { "type": "Polygon", "coordinates": [ [ [ 197.017216628591996, 332.272490206174552 ], [ 203.936483846220654, 331.56858841329813 ], [ 203.212215068168007, 324.573150540702045 ], [ 199.932033903838601, 324.84942989423871 ], [ 196.28468249324942, 325.08870105817914 ], [ 197.017216628591996, 332.272490206174552 ] ] ] } },
{ "type": "Feature", "properties": { "height": 35.0 }, "geometry": { "type": "Polygon", "coordinates": [ [ [ 196.029398829850834, 275.561155937612057 ], [ 196.038237961300183, 275.694140370935202 ], [ 196.988669033453334, 275.604265909641981 ], [ 197.237368912843522, 278.220397976227105 ], [ 197.255617830262054, 278.43100049905479 ], [ 196.284769284597132, 278.520664557814598 ], [ 196.6726755676209, 282.489313556812704 ], [ 197.163261357694864, 282.438997488468885 ], [ 197.366396202414762, 284.523086588829756 ], [ 196.51816519285785, 284.60293997824192 ], [ 196.601141284918413, 285.46760181710124 ], [ 192.719114665698726, 285.693378379568458 ], [ 191.858679521596059, 276.060817820951343 ], [ 196.029398829850834, 275.561155937612057 ] ] ] } },
{ "type": "Feature", "properties": { "height": 30.0 }, "geometry": { "type": "Polygon", "coordinates": [ [ [ 194.461012265703175, 259.332004406489432 ], [ 196.029398829850834, 275.561155937612057 ], [ 196.038237961300183, 275.694140370935202 ], [ 196.988669033453334, 275.604265909641981 ], [ 197.237368912843522, 278.220397976227105 ], [ 197.255617830262054, 278.43100049905479 ], [ 196.284769284597132, 278.520664557814598 ], [ 196.6726755676209, 282.489313556812704 ], [ 197.163261357694864, 282.438997488468885 ], [ 197.366396202414762, 284.523086588829756 ], [ 196.51816519285785, 284.60293997824192 ], [ 196.601141284918413, 285.46760181710124 ], [ 196.822525057010353, 287.762293441221118 ], [ 203.741200821998063, 287.113759186118841 ], [ 203.473679897666443, 284.342391159385443 ], [ 203.26181910809828, 282.114244498312473 ], [ 202.800230360357091, 277.369625331833959 ], [ 202.588255732262041, 275.152551899664104 ], [ 202.12780880817445, 270.297199969179928 ], [ 201.906196435622405, 268.024654946289957 ], [ 201.454475180944428, 263.313360627740622 ], [ 201.232406608120073, 261.085108637809753 ], [ 201.011821729072835, 258.712904148735106 ], [ 197.741521406860556, 259.022507247515023 ], [ 194.461012265703175, 259.332004406489432 ] ] ] } },
{ "type": "Feature", "properties": { "height": 30.0 }, "geometry": { "type": "Polygon", "coordinates": [ [ [ 203.26181910809828, 282.114244498312473 ], [ 204.253313353576232, 282.002643847838044 ], [ 204.516331659979187, 284.220243263058364 ], [ 203.473679897666443, 284.342391159385443 ], [ 203.26181910809828, 282.114244498312473 ] ] ] } },
{ "type": "Feature", "properties": { "height": 30.0 }, "geometry": { "type": "Polygon", "coordinates": [ [ [ 202.588255732262041, 275.152551899664104 ], [ 203.569654995983001, 275.029772842302918 ], [ 203.832672994176392, 277.247372299432755 ], [ 202.800230360357091, 277.369625331833959 ], [ 202.588255732262041, 275.152551899664104 ] ] ] } },
{ "type": "Feature", "properties": { "height": 30.0 }, "geometry": { "type": "Polygon", "coordinates": [ [ [ 201.906196435622405, 268.024654946289957 ], [ 202.928429789317306, 267.902296800166368 ], [ 203.191447481920477, 270.119896300137043 ], [ 202.12780880817445, 270.297199969179928 ], [ 201.906196435622405, 268.024654946289957 ] ] ] } },
{ "type": "Feature", "properties": { "height": 30.0 }, "geometry": { "type": "Polygon", "coordinates": [ [ [ 201.232406608120073, 261.085108637809753 ], [ 202.213690832315478, 260.97340298909694 ], [ 202.476708213915117, 263.19100253097713 ], [ 201.454475180944428, 263.313360627740622 ], [ 201.232406608120073, 261.085108637809753 ] ] ] } },
{ "type": "Feature", "properties": { "height": 31.0 }, "geometry": { "type": "Polygon", "coordinates": [ [ [ 190.273518226575106, 252.5445078574121 ], [ 197.201245325326454, 252.006815461441875 ], [ 197.741521406860556, 259.022507247515023 ], [ 194.461012265703175, 259.332004406489432 ], [ 190.832382219319697, 259.737582810223103 ], [ 190.273518226575106, 252.5445078574121 ] ] ] } },
{ "type": "Feature", "properties": { "height": 5.0 }, "geometry": { "type": "Polygon", "coordinates": [ [ [ 197.39853824157035, 363.628169468604028 ], [ 200.927160596882459, 363.022217210382223 ], [ 199.507557731412817, 356.13035789784044 ], [ 197.666910361207556, 356.410398304462433 ], [ 196.912794424628373, 353.301782244816422 ], [ 195.017337780969683, 353.946714067831635 ], [ 195.889164651394822, 357.521670009940863 ], [ 197.39853824157035, 363.628169468604028 ] ] ] } },
{ "type": "Feature", "properties": { "height": 5.0 }, "geometry": { "type": "Polygon", "coordinates": [ [ [ 85.022437875915784, 199.996340453624725 ], [ 85.15668856643606, 195.889103873632848 ], [ 88.820659786288161, 196.015490598976612 ], [ 88.686410127847921, 200.122727155685425 ], [ 85.022437875915784, 199.996340453624725 ] ] ] } },
{ "type": "Feature", "properties": { "height": 16.0 }, "geometry": { "type": "Polygon", "coordinates": [ [ [ 883.444021568691824, 887.181676333770156 ], [ 870.044002417940646, 884.61893455684185 ], [ 897.556141886685509, 744.654881018213928 ], [ 911.213869920058642, 746.965537672862411 ], [ 883.444021568691824, 887.181676333770156 ] ] ] } }
]
}
