{
  "type": "FeatureCollection",
  "features": [
    {
      "type": "Feature",
      "geometry": {
        "type": "Point",
        "coordinates": [
          0.0,
          0.0
        ]
      },
      "properties": {
        "id": 1,
        "height": 5,
        "name": "Loc_0_0"
      }
    },
    {
      "type": "Feature",
      "geometry": {
        "type": "Point",
        "coordinates": [
          0.0,
          100.0
        ]
      },
      "properties": {
        "id": 2,
        "height": 5,
        "name": "Loc_0_1"
      }
    },
    {
      "type": "Feature",
      "geometry": {
        "type": "Point",
        "coordinates": [
          0.0,
          200.0
        ]
      },
      "properties": {
        "id": 3,
        "height": 5,
        "name": "Loc_0_2"
      }
    },
    {
      "type": "Feature",
      "geometry": {
        "type": "Point",
        "coordinates": [
          0.0,
          300.0
        ]
      },
      "properties": {
        "id": 4,
        "height": 5,
        "name": "Loc_0_3"
      }
    },
    {
      "type": "Feature",
      "geometry": {
        "type": "Point",
        "coordinates": [
          0.0,
          400.0
        ]
      },
      "properties": {
        "id": 5,
        "height": 5,
        "name": "Loc_0_4"
      }
    },
    {
      "type": "Feature",
      "geometry": {
        "type": "Point",
        "coordinates": [
          0.0,
          500.0
        ]
      },
      "properties": {
        "id": 6,
        "height": 5,
        "name": "Loc_0_5"
      }
    },
    {
      "type": "Feature",
      "geometry": {
        "type": "Point",
        "coordinates": [
          0.0,
          600.0
        ]
      },
      "properties": {
        "id": 7,
        "height": 5,
        "name": "Loc_0_6"
      }
    },
    {
      "type": "Feature",
      "geometry": {
        "type": "Point",
        "coordinates": [
          0.0,
          700.0
        ]
      },
      "properties": {
        "id": 8,
        "height": 5,
        "name": "Loc_0_7"
      }
    },
    {
      "type": "Feature",
      "geometry": {
        "type": "Point",
        "coordinates": [
          0.0,
          800.0
        ]
      },
      "properties": {
        "id": 9,
        "height": 5,
        "name": "Loc_0_8"
      }
    },
    {
      "type": "Feature",
      "geometry": {
        "type": "Point",
        "coordinates": [
          0.0,
          900.0
        ]
      },
      "properties": {
        "id": 10,
        "height": 5,
        "name": "Loc_0_9"
      }
    },
    {
      "type": "Feature",
      "geometry": {
        "type": "Point",
        "coordinates": [
          0.0,
          1000.0
        ]
      },
      "properties": {
        "id": 11,
        "height": 5,
        "name": "Loc_0_10"
      }
    },
    {
      "type": "Feature",
      "geometry": {
        "type": "Point",
        "coordinates": [
          0.0,
          1100.0
        ]
      },
      "properties": {
        "id": 12,
        "height": 5,
        "name": "Loc_0_11"
      }
    },
    {
      "type": "Feature",
      "geometry": {
        "type": "Point",
        "coordinates": [
          0.0,
          1200.0
        ]
      },
      "properties": {
        "id": 13,
        "height": 5,
        "name": "Loc_0_12"
      }
    },
    {
      "type": "Feature",
      "geometry": {
        "type": "Point",
        "coordinates": [
          0.0,
          1300.0
        ]
      },
      "properties": {
        "id": 14,
        "height": 5,
        "name": "Loc_0_13"
      }
    },
    {
      "type": "Feature",
      "geometry": {
        "type": "Point",
        "coordinates": [
          0.0,
          1400.0
        ]
      },
      "properties": {
        "id": 15,
        "height": 5,
        "name": "Loc_0_14"
      }
    },
    {
      "type": "Feature",
      "geometry": {
        "type": "Point",
        "coordinates": [
          0.0,
          1500.0
        ]
      },
      "properties": {
        "id": 16,
        "height": 5,
        "name": "Loc_0_15"
      }
    },
    {
      "type": "Feature",
      "geometry": {
        "type": "Point",
        "coordinates": [
          0.0,
          1600.0
        ]
      },
      "properties": {
        "id": 17,
        "height": 5,
        "name": "Loc_0_16"
      }
    },
    {
      "type": "Feature",
      "geometry": {
        "type": "Point",
        "coordinates": [
          0.0,
          1700.0
        ]
      },
      "properties": {
        "id": 18,
        "height": 5,
        "name": "Loc_0_17"
      }
    },
    {
      "type": "Feature",
      "geometry": {
        "type": "Point",
        "coordinates": [
          0.0,
          1800.0
        ]
      },
      "properties": {
        "id": 19,
        "height": 5,
        "name": "Loc_0_18"
      }
    },
    {
      "type": "Feature",
      "geometry": {
        "type": "Point",
        "coordinates": [
          0.0,
          1900.0
        ]
      },
      "properties": {
        "id": 20,
        "height": 5,
        "name": "Loc_0_19"
      }
    },
    {
      "type": "Feature",
      "geometry": {
        "type": "Point",
        "coordinates": [
          0.0,
          2000.0
        ]
      },
      "properties": {
        "id": 21,
        "height": 5,
        "name": "Loc_0_20"
      }
    },
    {
      "type": "Feature",
      "geometry": {
        "type": "Point",
        "coordinates": [
          100.0,
          0.0
        ]
      },
      "properties": {
        "id": 22,
        "height": 5,
        "name": "Loc_1_0"
      }
    },
    {
      "type": "Feature",
      "geometry": {
        "type": "Point",
        "coordinates": [
          100.0,
          100.0
        ]
      },
      "properties": {
        "id": 23,
        "height": 5,
        "name": "Loc_1_1"
      }
    },
    {
      "type": "Feature",
      "geometry": {
        "type": "Point",
        "coordinates": [
          100.0,
          200.0
        ]
      },
      "properties": {
        "id": 24,
        "height": 5,
        "name": "Loc_1_2"
      }
    },
    {
      "type": "Feature",
      "geometry": {
        "type": "Point",
        "coordinates": [
          100.0,
          300.0
        ]
      },
      "properties": {
        "id": 25,
        "height": 5,
        "name": "Loc_1_3"
      }
    },
    {
      "type": "Feature",
      "geometry": {
        "type": "Point",
        "coordinates": [
          100.0,
          400.0
        ]
      },
      "properties": {
        "id": 26,
        "height": 5,
        "name": "Loc_1_4"
      }
    },
    {
      "type": "Feature",
      "geometry": {
        "type": "Point",
        "coordinates": [
          100.0,
          500.0
        ]
      },
      "properties": {
        "id": 27,
        "height": 5,
        "name": "Loc_1_5"
      }
    },
    {
      "type": "Feature",
      "geometry": {
        "type": "Point",
        "coordinates": [
          100.0,
          600.0
        ]
      },
      "properties": {
        "id": 28,
        "height": 5,
        "name": "Loc_1_6"
      }
    },
    {
      "type": "Feature",
      "geometry": {
        "type": "Point",
        "coordinates": [
          100.0,
          700.0
        ]
      },
      "properties": {
        "id": 29,
        "height": 5,
        "name": "Loc_1_7"
      }
    },
    {
      "type": "Feature",
      "geometry": {
        "type": "Point",
        "coordinates": [
          100.0,
          800.0
        ]
      },
      "properties": {
        "id": 30,
        "height": 5,
        "name": "Loc_1_8"
      }
    },
    {
      "type": "Feature",
      "geometry": {
        "type": "Point",
        "coordinates": [
          100.0,
          900.0
        ]
      },
      "properties": {
        "id": 31,
        "height": 5,
        "name": "Loc_1_9"
      }
    },
    {
      "type": "Feature",
      "geometry": {
        "type": "Point",
        "coordinates": [
          100.0,
          1000.0
        ]
      },
      "properties": {
        "id": 32,
        "height": 5,
        "name": "Loc_1_10"
      }
    },
    {
      "type": "Feature",
      "geometry": {
        "type": "Point",
        "coordinates": [
          100.0,
          1100.0
        ]
      },
      "properties": {
        "id": 33,
        "height": 5,
        "name": "Loc_1_11"
      }
    },
    {
      "type": "Feature",
      "geometry": {
        "type": "Point",
        "coordinates": [
          100.0,
          1200.0
        ]
      },
      "properties": {
        "id": 34,
        "height": 5,
        "name": "Loc_1_12"
      }
    },
    {
      "type": "Feature",
      "geometry": {
        "type": "Point",
        "coordinates": [
          100.0,
          1300.0
        ]
      },
      "properties": {
        "id": 35,
        "height": 5,
        "name": "Loc_1_13"
      }
    },
    {
      "type": "Feature",
      "geometry": {
        "type": "Point",
        "coordinates": [
          100.0,
          1400.0
        ]
      },
      "properties": {
        "id": 36,
        "height": 5,
        "name": "Loc_1_14"
      }
    },
    {
      "type": "Feature",
      "geometry": {
        "type": "Point",
        "coordinates": [
          100.0,
          1500.0
        ]
      },
      "properties": {
        "id": 37,
        "height": 5,
        "name": "Loc_1_15"
      }
    },
    {
      "type": "Feature",
      "geometry": {
        "type": "Point",
        "coordinates": [
          100.0,
          1600.0
        ]
      },
      "properties": {
        "id": 38,
        "height": 5,
        "name": "Loc_1_16"
      }
    },
    {
      "type": "Feature",
      "geometry": {
        "type": "Point",
        "coordinates": [
          100.0,
          1700.0
        ]
      },
      "properties": {
        "id": 39,
        "height": 5,
        "name": "Loc_1_17"
      }
    },
    {
      "type": "Feature",
      "geometry": {
        "type": "Point",
        "coordinates": [
          100.0,
          1800.0
        ]
      },
      "properties": {
        "id": 40,
        "height": 5,
        "name": "Loc_1_18"
      }
    },
    {
      "type": "Feature",
      "geometry": {
        "type": "Point",
        "coordinates": [
          100.0,
          1900.0
        ]
      },
      "properties": {
        "id": 41,
        "height": 5,
        "name": "Loc_1_19"
      }
    },
    {
      "type": "Feature",
      "geometry": {
        "type": "Point",
        "coordinates": [
          100.0,
          2000.0
        ]
      },
      "properties": {
        "id": 42,
        "height": 5,
        "name": "Loc_1_20"
      }
    },
    {
      "type": "Feature",
      "geometry": {
        "type": "Point",
        "coordinates": [
          200.0,
          0.0
        ]
      },
      "properties": {
        "id": 43,
        "height": 5,
        "name": "Loc_2_0"
      }
    },
    {
      "type": "Feature",
      "geometry": {
        "type": "Point",
        "coordinates": [
          200.0,
          100.0
        ]
      },
      "properties": {
        "id": 44,
        "height": 5,
        "name": "Loc_2_1"
      }
    },
    {
      "type": "Feature",
      "geometry": {
        "type": "Point",
        "coordinates": [
          200.0,
          200.0
        ]
      },
      "properties": {
        "id": 45,
        "height": 5,
        "name": "Loc_2_2"
      }
    },
    {
      "type": "Feature",
      "geometry": {
        "type": "Point",
        "coordinates": [
          200.0,
          300.0
        ]
      },
      "properties": {
        "id": 46,
        "height": 5,
        "name": "Loc_2_3"
      }
    },
    {
      "type": "Feature",
      "geometry": {
        "type": "Point",
        "coordinates": [
          200.0,
          400.0
        ]
      },
      "properties": {
        "id": 47,
        "height": 5,
        "name": "Loc_2_4"
      }
    },
    {
      "type": "Feature",
      "geometry": {
        "type": "Point",
        "coordinates": [
          200.0,
          500.0
        ]
      },
      "properties": {
        "id": 48,
        "height": 5,
        "name": "Loc_2_5"
      }
    },
    {
      "type": "Feature",
      "geometry": {
        "type": "Point",
        "coordinates": [
          200.0,
          600.0
        ]
      },
      "properties": {
        "id": 49,
        "height": 5,
        "name": "Loc_2_6"
      }
    },
    {
      "type": "Feature",
      "geometry": {
        "type": "Point",
        "coordinates": [
          200.0,
          700.0
        ]
      },
      "properties": {
        "id": 50,
        "height": 5,
        "name": "Loc_2_7"
      }
    },
    {
      "type": "Feature",
      "geometry": {
        "type": "Point",
        "coordinates": [
          200.0,
          800.0
        ]
      },
      "properties": {
        "id": 51,
        "height": 5,
        "name": "Loc_2_8"
      }
    },
    {
      "type": "Feature",
      "geometry": {
        "type": "Point",
        "coordinates": [
          200.0,
          900.0
        ]
      },
      "properties": {
        "id": 52,
        "height": 5,
        "name": "Loc_2_9"
      }
    },
    {
      "type": "Feature",
      "geometry": {
        "type": "Point",
        "coordinates": [
          200.0,
          1000.0
        ]
      },
      "properties": {
        "id": 53,
        "height": 5,
        "name": "Loc_2_10"
      }
    },
    {
      "type": "Feature",
      "geometry": {
        "type": "Point",
        "coordinates": [
          200.0,
          1100.0
        ]
      },
      "properties": {
        "id": 54,
        "height": 5,
        "name": "Loc_2_11"
      }
    },
    {
      "type": "Feature",
      "geometry": {
        "type": "Point",
        "coordinates": [
          200.0,
          1200.0
        ]
      },
      "properties": {
        "id": 55,
        "height": 5,
        "name": "Loc_2_12"
      }
    },
    {
      "type": "Feature",
      "geometry": {
        "type": "Point",
        "coordinates": [
          200.0,
          1300.0
        ]
      },
      "properties": {
        "id": 56,
        "height": 5,
        "name": "Loc_2_13"
      }
    },
    {
      "type": "Feature",
      "geometry": {
        "type": "Point",
        "coordinates": [
          200.0,
          1400.0
        ]
      },
      "properties": {
        "id": 57,
        "height": 5,
        "name": "Loc_2_14"
      }
    },
    {
      "type": "Feature",
      "geometry": {
        "type": "Point",
        "coordinates": [
          200.0,
          1500.0
        ]
      },
      "properties": {
        "id": 58,
        "height": 5,
        "name": "Loc_2_15"
      }
    },
    {
      "type": "Feature",
      "geometry": {
        "type": "Point",
        "coordinates": [
          200.0,
          1600.0
        ]
      },
      "properties": {
        "id": 59,
        "height": 5,
        "name": "Loc_2_16"
      }
    },
    {
      "type": "Feature",
      "geometry": {
        "type": "Point",
        "coordinates": [
          200.0,
          1700.0
        ]
      },
      "properties": {
        "id": 60,
        "height": 5,
        "name": "Loc_2_17"
      }
    },
    {
      "type": "Feature",
      "geometry": {
        "type": "Point",
        "coordinates": [
          200.0,
          1800.0
        ]
      },
      "properties": {
        "id": 61,
        "height": 5,
        "name": "Loc_2_18"
      }
    },
    {
      "type": "Feature",
      "geometry": {
        "type": "Point",
        "coordinates": [
          200.0,
          1900.0
        ]
      },
      "properties": {
        "id": 62,
        "height": 5,
        "name": "Loc_2_19"
      }
    },
    {
      "type": "Feature",
      "geometry": {
        "type": "Point",
        "coordinates": [
          200.0,
          2000.0
        ]
      },
      "properties": {
        "id": 63,
        "height": 5,
        "name": "Loc_2_20"
      }
    },
    {
      "type": "Feature",
      "geometry": {
        "type": "Point",
        "coordinates": [
          300.0,
          0.0
        ]
      },
      "properties": {
        "id": 64,
        "height": 5,
        "name": "Loc_3_0"
      }
    },
    {
      "type": "Feature",
      "geometry": {
        "type": "Point",
        "coordinates": [
          300.0,
          100.0
        ]
      },
      "properties": {
        "id": 65,
        "height": 5,
        "name": "Loc_3_1"
      }
    },
    {
      "type": "Feature",
      "geometry": {
        "type": "Point",
        "coordinates": [
          300.0,
          200.0
        ]
      },
      "properties": {
        "id": 66,
        "height": 5,
        "name": "Loc_3_2"
      }
    },
    {
      "type": "Feature",
      "geometry": {
        "type": "Point",
        "coordinates": [
          300.0,
          300.0
        ]
      },
      "properties": {
        "id": 67,
        "height": 5,
        "name": "Loc_3_3"
      }
    },
    {
      "type": "Feature",
      "geometry": {
        "type": "Point",
        "coordinates": [
          300.0,
          400.0
        ]
      },
      "properties": {
        "id": 68,
        "height": 5,
        "name": "Loc_3_4"
      }
    },
    {
      "type": "Feature",
      "geometry": {
        "type": "Point",
        "coordinates": [
          300.0,
          500.0
        ]
      },
      "properties": {
        "id": 69,
        "height": 5,
        "name": "Loc_3_5"
      }
    },
    {
      "type": "Feature",
      "geometry": {
        "type": "Point",
        "coordinates": [
          300.0,
          600.0
        ]
      },
      "properties": {
        "id": 70,
        "height": 5,
        "name": "Loc_3_6"
      }
    },
    {
      "type": "Feature",
      "geometry": {
        "type": "Point",
        "coordinates": [
          300.0,
          700.0
        ]
      },
      "properties": {
        "id": 71,
        "height": 5,
        "name": "Loc_3_7"
      }
    },
    {
      "type": "Feature",
      "geometry": {
        "type": "Point",
        "coordinates": [
          300.0,
          800.0
        ]
      },
      "properties": {
        "id": 72,
        "height": 5,
        "name": "Loc_3_8"
      }
    },
    {
      "type": "Feature",
      "geometry": {
        "type": "Point",
        "coordinates": [
          300.0,
          900.0
        ]
      },
      "properties": {
        "id": 73,
        "height": 5,
        "name": "Loc_3_9"
      }
    },
    {
      "type": "Feature",
      "geometry": {
        "type": "Point",
        "coordinates": [
          300.0,
          1000.0
        ]
      },
      "properties": {
        "id": 74,
        "height": 5,
        "name": "Loc_3_10"
      }
    },
    {
      "type": "Feature",
      "geometry": {
        "type": "Point",
        "coordinates": [
          300.0,
          1100.0
        ]
      },
      "properties": {
        "id": 75,
        "height": 5,
        "name": "Loc_3_11"
      }
    },
    {
      "type": "Feature",
      "geometry": {
        "type": "Point",
        "coordinates": [
          300.0,
          1200.0
        ]
      },
      "properties": {
        "id": 76,
        "height": 5,
        "name": "Loc_3_12"
      }
    },
    {
      "type": "Feature",
      "geometry": {
        "type": "Point",
        "coordinates": [
          300.0,
          1300.0
        ]
      },
      "properties": {
        "id": 77,
        "height": 5,
        "name": "Loc_3_13"
      }
    },
    {
      "type": "Feature",
      "geometry": {
        "type": "Point",
        "coordinates": [
          300.0,
          1400.0
        ]
      },
      "properties": {
        "id": 78,
        "height": 5,
        "name": "Loc_3_14"
      }
    },
    {
      "type": "Feature",
      "geometry": {
        "type": "Point",
        "coordinates": [
          300.0,
          1500.0
        ]
      },
      "properties": {
        "id": 79,
        "height": 5,
        "name": "Loc_3_15"
      }
    },
    {
      "type": "Feature",
      "geometry": {
        "type": "Point",
        "coordinates": [
          300.0,
          1600.0
        ]
      },
      "properties": {
        "id": 80,
        "height": 5,
        "name": "Loc_3_16"
      }
    },
    {
      "type": "Feature",
      "geometry": {
        "type": "Point",
        "coordinates": [
          300.0,
          1700.0
        ]
      },
      "properties": {
        "id": 81,
        "height": 5,
        "name": "Loc_3_17"
      }
    },
    {
      "type": "Feature",
      "geometry": {
        "type": "Point",
        "coordinates": [
          300.0,
          1800.0
        ]
      },
      "properties": {
        "id": 82,
        "height": 5,
        "name": "Loc_3_18"
      }
    },
    {
      "type": "Feature",
      "geometry": {
        "type": "Point",
        "coordinates": [
          300.0,
          1900.0
        ]
      },
      "properties": {
        "id": 83,
        "height": 5,
        "name": "Loc_3_19"
      }
    },
    {
      "type": "Feature",
      "geometry": {
        "type": "Point",
        "coordinates": [
          300.0,
          2000.0
        ]
      },
      "properties": {
        "id": 84,
        "height": 5,
        "name": "Loc_3_20"
      }
    },
    {
      "type": "Feature",
      "geometry": {
        "type": "Point",
        "coordinates": [
          400.0,
          0.0
        ]
      },
      "properties": {
        "id": 85,
        "height": 5,
        "name": "Loc_4_0"
      }
    },
    {
      "type": "Feature",
      "geometry": {
        "type": "Point",
        "coordinates": [
          400.0,
          100.0
        ]
      },
      "properties": {
        "id": 86,
        "height": 5,
        "name": "Loc_4_1"
      }
    },
    {
      "type": "Feature",
      "geometry": {
        "type": "Point",
        "coordinates": [
          400.0,
          200.0
        ]
      },
      "properties": {
        "id": 87,
        "height": 5,
        "name": "Loc_4_2"
      }
    },
    {
      "type": "Feature",
      "geometry": {
        "type": "Point",
        "coordinates": [
          400.0,
          300.0
        ]
      },
      "properties": {
        "id": 88,
        "height": 5,
        "name": "Loc_4_3"
      }
    },
    {
      "type": "Feature",
      "geometry": {
        "type": "Point",
        "coordinates": [
          400.0,
          400.0
        ]
      },
      "properties": {
        "id": 89,
        "height": 5,
        "name": "Loc_4_4"
      }
    },
    {
      "type": "Feature",
      "geometry": {
        "type": "Point",
        "coordinates": [
          400.0,
          500.0
        ]
      },
      "properties": {
        "id": 90,
        "height": 5,
        "name": "Loc_4_5"
      }
    },
    {
      "type": "Feature",
      "geometry": {
        "type": "Point",
        "coordinates": [
          400.0,
          600.0
        ]
      },
      "properties": {
        "id": 91,
        "height": 5,
        "name": "Loc_4_6"
      }
    },
    {
      "type": "Feature",
      "geometry": {
        "type": "Point",
        "coordinates": [
          400.0,
          700.0
        ]
      },
      "properties": {
        "id": 92,
        "height": 5,
        "name": "Loc_4_7"
      }
    },
    {
      "type": "Feature",
      "geometry": {
        "type": "Point",
        "coordinates": [
          400.0,
          800.0
        ]
      },
      "properties": {
        "id": 93,
        "height": 5,
        "name": "Loc_4_8"
      }
    },
    {
      "type": "Feature",
      "geometry": {
        "type": "Point",
        "coordinates": [
          400.0,
          900.0
        ]
      },
      "properties": {
        "id": 94,
        "height": 5,
        "name": "Loc_4_9"
      }
    },
    {
      "type": "Feature",
      "geometry": {
        "type": "Point",
        "coordinates": [
          400.0,
          1000.0
        ]
      },
      "properties": {
        "id": 95,
        "height": 5,
        "name": "Loc_4_10"
      }
    },
    {
      "type": "Feature",
      "geometry": {
        "type": "Point",
        "coordinates": [
          400.0,
          1100.0
        ]
      },
      "properties": {
        "id": 96,
        "height": 5,
        "name": "Loc_4_11"
      }
    },
    {
      "type": "Feature",
      "geometry": {
        "type": "Point",
        "coordinates": [
          400.0,
          1200.0
        ]
      },
      "properties": {
        "id": 97,
        "height": 5,
        "name": "Loc_4_12"
      }
    },
    {
      "type": "Feature",
      "geometry": {
        "type": "Point",
        "coordinates": [
          400.0,
          1300.0
        ]
      },
      "properties": {
        "id": 98,
        "height": 5,
        "name": "Loc_4_13"
      }
    },
    {
      "type": "Feature",
      "geometry": {
        "type": "Point",
        "coordinates": [
          400.0,
          1400.0
        ]
      },
      "properties": {
        "id": 99,
        "height": 5,
        "name": "Loc_4_14"
      }
    },
    {
      "type": "Feature",
      "geometry": {
        "type": "Point",
        "coordinates": [
          400.0,
          1500.0
        ]
      },
      "properties": {
        "id": 100,
        "height": 5,
        "name": "Loc_4_15"
      }
    },
    {
      "type": "Feature",
      "geometry": {
        "type": "Point",
        "coordinates": [
          400.0,
          1600.0
        ]
      },
      "properties": {
        "id": 101,
        "height": 5,
        "name": "Loc_4_16"
      }
    },
    {
      "type": "Feature",
      "geometry": {
        "type": "Point",
        "coordinates": [
          400.0,
          1700.0
        ]
      },
      "properties": {
        "id": 102,
        "height": 5,
        "name": "Loc_4_17"
      }
    },
    {
      "type": "Feature",
      "geometry": {
        "type": "Point",
        "coordinates": [
          400.0,
          1800.0
        ]
      },
      "properties": {
        "id": 103,
        "height": 5,
        "name": "Loc_4_18"
      }
    },
    {
      "type": "Feature",
      "geometry": {
        "type": "Point",
        "coordinates": [
          400.0,
          1900.0
        ]
      },
      "properties": {
        "id": 104,
        "height": 5,
        "name": "Loc_4_19"
      }
    },
    {
      "type": "Feature",
      "geometry": {
        "type": "Point",
        "coordinates": [
          400.0,
          2000.0
        ]
      },
      "properties": {
        "id": 105,
        "height": 5,
        "name": "Loc_4_20"
      }
    },
    {
      "type": "Feature",
      "geometry": {
        "type": "Point",
        "coordinates": [
          500.0,
          0.0
        ]
      },
      "properties": {
        "id": 106,
        "height": 5,
        "name": "Loc_5_0"
      }
    },
    {
      "type": "Feature",
      "geometry": {
        "type": "Point",
        "coordinates": [
          500.0,
          100.0
        ]
      },
      "properties": {
        "id": 107,
        "height": 5,
        "name": "Loc_5_1"
      }
    },
    {
      "type": "Feature",
      "geometry": {
        "type": "Point",
        "coordinates": [
          500.0,
          200.0
        ]
      },
      "properties": {
        "id": 108,
        "height": 5,
        "name": "Loc_5_2"
      }
    },
    {
      "type": "Feature",
      "geometry": {
        "type": "Point",
        "coordinates": [
          500.0,
          300.0
        ]
      },
      "properties": {
        "id": 109,
        "height": 5,
        "name": "Loc_5_3"
      }
    },
    {
      "type": "Feature",
      "geometry": {
        "type": "Point",
        "coordinates": [
          500.0,
          400.0
        ]
      },
      "properties": {
        "id": 110,
        "height": 5,
        "name": "Loc_5_4"
      }
    },
    {
      "type": "Feature",
      "geometry": {
        "type": "Point",
        "coordinates": [
          500.0,
          500.0
        ]
      },
      "properties": {
        "id": 111,
        "height": 5,
        "name": "Loc_5_5"
      }
    },
    {
      "type": "Feature",
      "geometry": {
        "type": "Point",
        "coordinates": [
          500.0,
          600.0
        ]
      },
      "properties": {
        "id": 112,
        "height": 5,
        "name": "Loc_5_6"
      }
    },
    {
      "type": "Feature",
      "geometry": {
        "type": "Point",
        "coordinates": [
          500.0,
          700.0
        ]
      },
      "properties": {
        "id": 113,
        "height": 5,
        "name": "Loc_5_7"
      }
    },
    {
      "type": "Feature",
      "geometry": {
        "type": "Point",
        "coordinates": [
          500.0,
          800.0
        ]
      },
      "properties": {
        "id": 114,
        "height": 5,
        "name": "Loc_5_8"
      }
    },
    {
      "type": "Feature",
      "geometry": {
        "type": "Point",
        "coordinates": [
          500.0,
          900.0
        ]
      },
      "properties": {
        "id": 115,
        "height": 5,
        "name": "Loc_5_9"
      }
    },
    {
      "type": "Feature",
      "geometry": {
        "type": "Point",
        "coordinates": [
          500.0,
          1000.0
        ]
      },
      "properties": {
        "id": 116,
        "height": 5,
        "name": "Loc_5_10"
      }
    },
    {
      "type": "Feature",
      "geometry": {
        "type": "Point",
        "coordinates": [
          500.0,
          1100.0
        ]
      },
      "properties": {
        "id": 117,
        "height": 5,
        "name": "Loc_5_11"
      }
    },
    {
      "type": "Feature",
      "geometry": {
        "type": "Point",
        "coordinates": [
          500.0,
          1200.0
        ]
      },
      "properties": {
        "id": 118,
        "height": 5,
        "name": "Loc_5_12"
      }
    },
    {
      "type": "Feature",
      "geometry": {
        "type": "Point",
        "coordinates": [
          500.0,
          1300.0
        ]
      },
      "properties": {
        "id": 119,
        "height": 5,
        "name": "Loc_5_13"
      }
    },
    {
      "type": "Feature",
      "geometry": {
        "type": "Point",
        "coordinates": [
          500.0,
          1400.0
        ]
      },
      "properties": {
        "id": 120,
        "height": 5,
        "name": "Loc_5_14"
      }
    },
    {
      "type": "Feature",
      "geometry": {
        "type": "Point",
        "coordinates": [
          500.0,
          1500.0
        ]
      },
      "properties": {
        "id": 121,
        "height": 5,
        "name": "Loc_5_15"
      }
    },
    {
      "type": "Feature",
      "geometry": {
        "type": "Point",
        "coordinates": [
          500.0,
          1600.0
        ]
      },
      "properties": {
        "id": 122,
        "height": 5,
        "name": "Loc_5_16"
      }
    },
    {
      "type": "Feature",
      "geometry": {
        "type": "Point",
        "coordinates": [
          500.0,
          1700.0
        ]
      },
      "properties": {
        "id": 123,
        "height": 5,
        "name": "Loc_5_17"
      }
    },
    {
      "type": "Feature",
      "geometry": {
        "type": "Point",
        "coordinates": [
          500.0,
          1800.0
        ]
      },
      "properties": {
        "id": 124,
        "height": 5,
        "name": "Loc_5_18"
      }
    },
    {
      "type": "Feature",
      "geometry": {
        "type": "Point",
        "coordinates": [
          500.0,
          1900.0
        ]
      },
      "properties": {
        "id": 125,
        "height": 5,
        "name": "Loc_5_19"
      }
    },
    {
      "type": "Feature",
      "geometry": {
        "type": "Point",
        "coordinates": [
          500.0,
          2000.0
        ]
      },
      "properties": {
        "id": 126,
        "height": 5,
        "name": "Loc_5_20"
      }
    },
    {
      "type": "Feature",
      "geometry": {
        "type": "Point",
        "coordinates": [
          600.0,
          0.0
        ]
      },
      "properties": {
        "id": 127,
        "height": 5,
        "name": "Loc_6_0"
      }
    },
    {
      "type": "Feature",
      "geometry": {
        "type": "Point",
        "coordinates": [
          600.0,
          100.0
        ]
      },
      "properties": {
        "id": 128,
        "height": 5,
        "name": "Loc_6_1"
      }
    },
    {
      "type": "Feature",
      "geometry": {
        "type": "Point",
        "coordinates": [
          600.0,
          200.0
        ]
      },
      "properties": {
        "id": 129,
        "height": 5,
        "name": "Loc_6_2"
      }
    },
    {
      "type": "Feature",
      "geometry": {
        "type": "Point",
        "coordinates": [
          600.0,
          300.0
        ]
      },
      "properties": {
        "id": 130,
        "height": 5,
        "name": "Loc_6_3"
      }
    },
    {
      "type": "Feature",
      "geometry": {
        "type": "Point",
        "coordinates": [
          600.0,
          400.0
        ]
      },
      "properties": {
        "id": 131,
        "height": 5,
        "name": "Loc_6_4"
      }
    },
    {
      "type": "Feature",
      "geometry": {
        "type": "Point",
        "coordinates": [
          600.0,
          500.0
        ]
      },
      "properties": {
        "id": 132,
        "height": 5,
        "name": "Loc_6_5"
      }
    },
    {
      "type": "Feature",
      "geometry": {
        "type": "Point",
        "coordinates": [
          600.0,
          600.0
        ]
      },
      "properties": {
        "id": 133,
        "height": 5,
        "name": "Loc_6_6"
      }
    },
    {
      "type": "Feature",
      "geometry": {
        "type": "Point",
        "coordinates": [
          600.0,
          700.0
        ]
      },
      "properties": {
        "id": 134,
        "height": 5,
        "name": "Loc_6_7"
      }
    },
    {
      "type": "Feature",
      "geometry": {
        "type": "Point",
        "coordinates": [
          600.0,
          800.0
        ]
      },
      "properties": {
        "id": 135,
        "height": 5,
        "name": "Loc_6_8"
      }
    },
    {
      "type": "Feature",
      "geometry": {
        "type": "Point",
        "coordinates": [
          600.0,
          900.0
        ]
      },
      "properties": {
        "id": 136,
        "height": 5,
        "name": "Loc_6_9"
      }
    },
    {
      "type": "Feature",
      "geometry": {
        "type": "Point",
        "coordinates": [
          600.0,
          1000.0
        ]
      },
      "properties": {
        "id": 137,
        "height": 5,
        "name": "Loc_6_10"
      }
    },
    {
      "type": "Feature",
      "geometry": {
        "type": "Point",
        "coordinates": [
          600.0,
          1100.0
        ]
      },
      "properties": {
        "id": 138,
        "height": 5,
        "name": "Loc_6_11"
      }
    },
    {
      "type": "Feature",
      "geometry": {
        "type": "Point",
        "coordinates": [
          600.0,
          1200.0
        ]
      },
      "properties": {
        "id": 139,
        "height": 5,
        "name": "Loc_6_12"
      }
    },
    {
      "type": "Feature",
      "geometry": {
        "type": "Point",
        "coordinates": [
          600.0,
          1300.0
        ]
      },
      "properties": {
        "id": 140,
        "height": 5,
        "name": "Loc_6_13"
      }
    },
    {
      "type": "Feature",
      "geometry": {
        "type": "Point",
        "coordinates": [
          600.0,
          1400.0
        ]
      },
      "properties": {
        "id": 141,
        "height": 5,
        "name": "Loc_6_14"
      }
    },
    {
      "type": "Feature",
      "geometry": {
        "type": "Point",
        "coordinates": [
          600.0,
          1500.0
        ]
      },
      "properties": {
        "id": 142,
        "height": 5,
        "name": "Loc_6_15"
      }
    },
    {
      "type": "Feature",
      "geometry": {
        "type": "Point",
        "coordinates": [
          600.0,
          1600.0
        ]
      },
      "properties": {
        "id": 143,
        "height": 5,
        "name": "Loc_6_16"
      }
    },
    {
      "type": "Feature",
      "geometry": {
        "type": "Point",
        "coordinates": [
          600.0,
          1700.0
        ]
      },
      "properties": {
        "id": 144,
        "height": 5,
        "name": "Loc_6_17"
      }
    },
    {
      "type": "Feature",
      "geometry": {
        "type": "Point",
        "coordinates": [
          600.0,
          1800.0
        ]
      },
      "properties": {
        "id": 145,
        "height": 5,
        "name": "Loc_6_18"
      }
    },
    {
      "type": "Feature",
      "geometry": {
        "type": "Point",
        "coordinates": [
          600.0,
          1900.0
        ]
      },
      "properties": {
        "id": 146,
        "height": 5,
        "name": "Loc_6_19"
      }
    },
    {
      "type": "Feature",
      "geometry": {
        "type": "Point",
        "coordinates": [
          600.0,
          2000.0
        ]
      },
      "properties": {
        "id": 147,
        "height": 5,
        "name": "Loc_6_20"
      }
    },
    {
      "type": "Feature",
      "geometry": {
        "type": "Point",
        "coordinates": [
          700.0,
          0.0
        ]
      },
      "properties": {
        "id": 148,
        "height": 5,
        "name": "Loc_7_0"
      }
    },
    {
      "type": "Feature",
      "geometry": {
        "type": "Point",
        "coordinates": [
          700.0,
          100.0
        ]
      },
      "properties": {
        "id": 149,
        "height": 5,
        "name": "Loc_7_1"
      }
    },
    {
      "type": "Feature",
      "geometry": {
        "type": "Point",
        "coordinates": [
          700.0,
          200.0
        ]
      },
      "properties": {
        "id": 150,
        "height": 5,
        "name": "Loc_7_2"
      }
    },
    {
      "type": "Feature",
      "geometry": {
        "type": "Point",
        "coordinates": [
          700.0,
          300.0
        ]
      },
      "properties": {
        "id": 151,
        "height": 5,
        "name": "Loc_7_3"
      }
    },
    {
      "type": "Feature",
      "geometry": {
        "type": "Point",
        "coordinates": [
          700.0,
          400.0
        ]
      },
      "properties": {
        "id": 152,
        "height": 5,
        "name": "Loc_7_4"
      }
    },
    {
      "type": "Feature",
      "geometry": {
        "type": "Point",
        "coordinates": [
          700.0,
          500.0
        ]
      },
      "properties": {
        "id": 153,
        "height": 5,
        "name": "Loc_7_5"
      }
    },
    {
      "type": "Feature",
      "geometry": {
        "type": "Point",
        "coordinates": [
          700.0,
          600.0
        ]
      },
      "properties": {
        "id": 154,
        "height": 5,
        "name": "Loc_7_6"
      }
    },
    {
      "type": "Feature",
      "geometry": {
        "type": "Point",
        "coordinates": [
          700.0,
          700.0
        ]
      },
      "properties": {
        "id": 155,
        "height": 5,
        "name": "Loc_7_7"
      }
    },
    {
      "type": "Feature",
      "geometry": {
        "type": "Point",
        "coordinates": [
          700.0,
          800.0
        ]
      },
      "properties": {
        "id": 156,
        "height": 5,
        "name": "Loc_7_8"
      }
    },
    {
      "type": "Feature",
      "geometry": {
        "type": "Point",
        "coordinates": [
          700.0,
          900.0
        ]
      },
      "properties": {
        "id": 157,
        "height": 5,
        "name": "Loc_7_9"
      }
    },
    {
      "type": "Feature",
      "geometry": {
        "type": "Point",
        "coordinates": [
          700.0,
          1000.0
        ]
      },
      "properties": {
        "id": 158,
        "height": 5,
        "name": "Loc_7_10"
      }
    },
    {
      "type": "Feature",
      "geometry": {
        "type": "Point",
        "coordinates": [
          700.0,
          1100.0
        ]
      },
      "properties": {
        "id": 159,
        "height": 5,
        "name": "Loc_7_11"
      }
    },
    {
      "type": "Feature",
      "geometry": {
        "type": "Point",
        "coordinates": [
          700.0,
          1200.0
        ]
      },
      "properties": {
        "id": 160,
        "height": 5,
        "name": "Loc_7_12"
      }
    },
    {
      "type": "Feature",
      "geometry": {
        "type": "Point",
        "coordinates": [
          700.0,
          1300.0
        ]
      },
      "properties": {
        "id": 161,
        "height": 5,
        "name": "Loc_7_13"
      }
    },
    {
      "type": "Feature",
      "geometry": {
        "type": "Point",
        "coordinates": [
          700.0,
          1400.0
        ]
      },
      "properties": {
        "id": 162,
        "height": 5,
        "name": "Loc_7_14"
      }
    },
    {
      "type": "Feature",
      "geometry": {
        "type": "Point",
        "coordinates": [
          700.0,
          1500.0
        ]
      },
      "properties": {
        "id": 163,
        "height": 5,
        "name": "Loc_7_15"
      }
    },
    {
      "type": "Feature",
      "geometry": {
        "type": "Point",
        "coordinates": [
          700.0,
          1600.0
        ]
      },
      "properties": {
        "id": 164,
        "height": 5,
        "name": "Loc_7_16"
      }
    },
    {
      "type": "Feature",
      "geometry": {
        "type": "Point",
        "coordinates": [
          700.0,
          1700.0
        ]
      },
      "properties": {
        "id": 165,
        "height": 5,
        "name": "Loc_7_17"
      }
    },
    {
      "type": "Feature",
      "geometry": {
        "type": "Point",
        "coordinates": [
          700.0,
          1800.0
        ]
      },
      "properties": {
        "id": 166,
        "height": 5,
        "name": "Loc_7_18"
      }
    },
    {
      "type": "Feature",
      "geometry": {
        "type": "Point",
        "coordinates": [
          700.0,
          1900.0
        ]
      },
      "properties": {
        "id": 167,
        "height": 5,
        "name": "Loc_7_19"
      }
    },
    {
      "type": "Feature",
      "geometry": {
        "type": "Point",
        "coordinates": [
          700.0,
          2000.0
        ]
      },
      "properties": {
        "id": 168,
        "height": 5,
        "name": "Loc_7_20"
      }
    },
    {
      "type": "Feature",
      "geometry": {
        "type": "Point",
        "coordinates": [
          800.0,
          0.0
        ]
      },
      "properties": {
        "id": 169,
        "height": 5,
        "name": "Loc_8_0"
      }
    },
    {
      "type": "Feature",
      "geometry": {
        "type": "Point",
        "coordinates": [
          800.0,
          100.0
        ]
      },
      "properties": {
        "id": 170,
        "height": 5,
        "name": "Loc_8_1"
      }
    },
    {
      "type": "Feature",
      "geometry": {
        "type": "Point",
        "coordinates": [
          800.0,
          200.0
        ]
      },
      "properties": {
        "id": 171,
        "height": 5,
        "name": "Loc_8_2"
      }
    },
    {
      "type": "Feature",
      "geometry": {
        "type": "Point",
        "coordinates": [
          800.0,
          300.0
        ]
      },
      "properties": {
        "id": 172,
        "height": 5,
        "name": "Loc_8_3"
      }
    },
    {
      "type": "Feature",
      "geometry": {
        "type": "Point",
        "coordinates": [
          800.0,
          400.0
        ]
      },
      "properties": {
        "id": 173,
        "height": 5,
        "name": "Loc_8_4"
      }
    },
    {
      "type": "Feature",
      "geometry": {
        "type": "Point",
        "coordinates": [
          800.0,
          500.0
        ]
      },
      "properties": {
        "id": 174,
        "height": 5,
        "name": "Loc_8_5"
      }
    },
    {
      "type": "Feature",
      "geometry": {
        "type": "Point",
        "coordinates": [
          800.0,
          600.0
        ]
      },
      "properties": {
        "id": 175,
        "height": 5,
        "name": "Loc_8_6"
      }
    },
    {
      "type": "Feature",
      "geometry": {
        "type": "Point",
        "coordinates": [
          800.0,
          700.0
        ]
      },
      "properties": {
        "id": 176,
        "height": 5,
        "name": "Loc_8_7"
      }
    },
    {
      "type": "Feature",
      "geometry": {
        "type": "Point",
        "coordinates": [
          800.0,
          800.0
        ]
      },
      "properties": {
        "id": 177,
        "height": 5,
        "name": "Loc_8_8"
      }
    },
    {
      "type": "Feature",
      "geometry": {
        "type": "Point",
        "coordinates": [
          800.0,
          900.0
        ]
      },
      "properties": {
        "id": 178,
        "height": 5,
        "name": "Loc_8_9"
      }
    },
    {
      "type": "Feature",
      "geometry": {
        "type": "Point",
        "coordinates": [
          800.0,
          1000.0
        ]
      },
      "properties": {
        "id": 179,
        "height": 5,
        "name": "Loc_8_10"
      }
    },
    {
      "type": "Feature",
      "geometry": {
        "type": "Point",
        "coordinates": [
          800.0,
          1100.0
        ]
      },
      "properties": {
        "id": 180,
        "height": 5,
        "name": "Loc_8_11"
      }
    },
    {
      "type": "Feature",
      "geometry": {
        "type": "Point",
        "coordinates": [
          800.0,
          1200.0
        ]
      },
      "properties": {
        "id": 181,
        "height": 5,
        "name": "Loc_8_12"
      }
    },
    {
      "type": "Feature",
      "geometry": {
        "type": "Point",
        "coordinates": [
          800.0,
          1300.0
        ]
      },
      "properties": {
        "id": 182,
        "height": 5,
        "name": "Loc_8_13"
      }
    },
    {
      "type": "Feature",
      "geometry": {
        "type": "Point",
        "coordinates": [
          800.0,
          1400.0
        ]
      },
      "properties": {
        "id": 183,
        "height": 5,
        "name": "Loc_8_14"
      }
    },
    {
      "type": "Feature",
      "geometry": {
        "type": "Point",
        "coordinates": [
          800.0,
          1500.0
        ]
      },
      "properties": {
        "id": 184,
        "height": 5,
        "name": "Loc_8_15"
      }
    },
    {
      "type": "Feature",
      "geometry": {
        "type": "Point",
        "coordinates": [
          800.0,
          1600.0
        ]
      },
      "properties": {
        "id": 185,
        "height": 5,
        "name": "Loc_8_16"
      }
    },
    {
      "type": "Feature",
      "geometry": {
        "type": "Point",
        "coordinates": [
          800.0,
          1700.0
        ]
      },
      "properties": {
        "id": 186,
        "height": 5,
        "name": "Loc_8_17"
      }
    },
    {
      "type": "Feature",
      "geometry": {
        "type": "Point",
        "coordinates": [
          800.0,
          1800.0
        ]
      },
      "properties": {
        "id": 187,
        "height": 5,
        "name": "Loc_8_18"
      }
    },
    {
      "type": "Feature",
      "geometry": {
        "type": "Point",
        "coordinates": [
          800.0,
          1900.0
        ]
      },
      "properties": {
        "id": 188,
        "height": 5,
        "name": "Loc_8_19"
      }
    },
    {
      "type": "Feature",
      "geometry": {
        "type": "Point",
        "coordinates": [
          800.0,
          2000.0
        ]
      },
      "properties": {
        "id": 189,
        "height": 5,
        "name": "Loc_8_20"
      }
    },
    {
      "type": "Feature",
      "geometry": {
        "type": "Point",
        "coordinates": [
          900.0,
          0.0
        ]
      },
      "properties": {
        "id": 190,
        "height": 5,
        "name": "Loc_9_0"
      }
    },
    {
      "type": "Feature",
      "geometry": {
        "type": "Point",
        "coordinates": [
          900.0,
          100.0
        ]
      },
      "properties": {
        "id": 191,
        "height": 5,
        "name": "Loc_9_1"
      }
    },
    {
      "type": "Feature",
      "geometry": {
        "type": "Point",
        "coordinates": [
          900.0,
          200.0
        ]
      },
      "properties": {
        "id": 192,
        "height": 5,
        "name": "Loc_9_2"
      }
    },
    {
      "type": "Feature",
      "geometry": {
        "type": "Point",
        "coordinates": [
          900.0,
          300.0
        ]
      },
      "properties": {
        "id": 193,
        "height": 5,
        "name": "Loc_9_3"
      }
    },
    {
      "type": "Feature",
      "geometry": {
        "type": "Point",
        "coordinates": [
          900.0,
          400.0
        ]
      },
      "properties": {
        "id": 194,
        "height": 5,
        "name": "Loc_9_4"
      }
    },
    {
      "type": "Feature",
      "geometry": {
        "type": "Point",
        "coordinates": [
          900.0,
          500.0
        ]
      },
      "properties": {
        "id": 195,
        "height": 5,
        "name": "Loc_9_5"
      }
    },
    {
      "type": "Feature",
      "geometry": {
        "type": "Point",
        "coordinates": [
          900.0,
          600.0
        ]
      },
      "properties": {
        "id": 196,
        "height": 5,
        "name": "Loc_9_6"
      }
    },
    {
      "type": "Feature",
      "geometry": {
        "type": "Point",
        "coordinates": [
          900.0,
          700.0
        ]
      },
      "properties": {
        "id": 197,
        "height": 5,
        "name": "Loc_9_7"
      }
    },
    {
      "type": "Feature",
      "geometry": {
        "type": "Point",
        "coordinates": [
          900.0,
          800.0
        ]
      },
      "properties": {
        "id": 198,
        "height": 5,
        "name": "Loc_9_8"
      }
    },
    {
      "type": "Feature",
      "geometry": {
        "type": "Point",
        "coordinates": [
          900.0,
          900.0
        ]
      },
      "properties": {
        "id": 199,
        "height": 5,
        "name": "Loc_9_9"
      }
    },
    {
      "type": "Feature",
      "geometry": {
        "type": "Point",
        "coordinates": [
          900.0,
          1000.0
        ]
      },
      "properties": {
        "id": 200,
        "height": 5,
        "name": "Loc_9_10"
      }
    },
    {
      "type": "Feature",
      "geometry": {
        "type": "Point",
        "coordinates": [
          900.0,
          1100.0
        ]
      },
      "properties": {
        "id": 201,
        "height": 5,
        "name": "Loc_9_11"
      }
    },
    {
      "type": "Feature",
      "geometry": {
        "type": "Point",
        "coordinates": [
          900.0,
          1200.0
        ]
      },
      "properties": {
        "id": 202,
        "height": 5,
        "name": "Loc_9_12"
      }
    },
    {
      "type": "Feature",
      "geometry": {
        "type": "Point",
        "coordinates": [
          900.0,
          1300.0
        ]
      },
      "properties": {
        "id": 203,
        "height": 5,
        "name": "Loc_9_13"
      }
    },
    {
      "type": "Feature",
      "geometry": {
        "type": "Point",
        "coordinates": [
          900.0,
          1400.0
        ]
      },
      "properties": {
        "id": 204,
        "height": 5,
        "name": "Loc_9_14"
      }
    },
    {
      "type": "Feature",
      "geometry": {
        "type": "Point",
        "coordinates": [
          900.0,
          1500.0
        ]
      },
      "properties": {
        "id": 205,
        "height": 5,
        "name": "Loc_9_15"
      }
    },
    {
      "type": "Feature",
      "geometry": {
        "type": "Point",
        "coordinates": [
          900.0,
          1600.0
        ]
      },
      "properties": {
        "id": 206,
        "height": 5,
        "name": "Loc_9_16"
      }
    },
    {
      "type": "Feature",
      "geometry": {
        "type": "Point",
        "coordinates": [
          900.0,
          1700.0
        ]
      },
      "properties": {
        "id": 207,
        "height": 5,
        "name": "Loc_9_17"
      }
    },
    {
      "type": "Feature",
      "geometry": {
        "type": "Point",
        "coordinates": [
          900.0,
          1800.0
        ]
      },
      "properties": {
        "id": 208,
        "height": 5,
        "name": "Loc_9_18"
      }
    },
    {
      "type": "Feature",
      "geometry": {
        "type": "Point",
        "coordinates": [
          900.0,
          1900.0
        ]
      },
      "properties": {
        "id": 209,
        "height": 5,
        "name": "Loc_9_19"
      }
    },
    {
      "type": "Feature",
      "geometry": {
        "type": "Point",
        "coordinates": [
          900.0,
          2000.0
        ]
      },
      "properties": {
        "id": 210,
        "height": 5,
        "name": "Loc_9_20"
      }
    },
    {
      "type": "Feature",
      "geometry": {
        "type": "Point",
        "coordinates": [
          1000.0,
          0.0
        ]
      },
      "properties": {
        "id": 211,
        "height": 5,
        "name": "Loc_10_0"
      }
    },
    {
      "type": "Feature",
      "geometry": {
        "type": "Point",
        "coordinates": [
          1000.0,
          100.0
        ]
      },
      "properties": {
        "id": 212,
        "height": 5,
        "name": "Loc_10_1"
      }
    },
    {
      "type": "Feature",
      "geometry": {
        "type": "Point",
        "coordinates": [
          1000.0,
          200.0
        ]
      },
      "properties": {
        "id": 213,
        "height": 5,
        "name": "Loc_10_2"
      }
    },
    {
      "type": "Feature",
      "geometry": {
        "type": "Point",
        "coordinates": [
          1000.0,
          300.0
        ]
      },
      "properties": {
        "id": 214,
        "height": 5,
        "name": "Loc_10_3"
      }
    },
    {
      "type": "Feature",
      "geometry": {
        "type": "Point",
        "coordinates": [
          1000.0,
          400.0
        ]
      },
      "properties": {
        "id": 215,
        "height": 5,
        "name": "Loc_10_4"
      }
    },
    {
      "type": "Feature",
      "geometry": {
        "type": "Point",
        "coordinates": [
          1000.0,
          500.0
        ]
      },
      "properties": {
        "id": 216,
        "height": 5,
        "name": "Loc_10_5"
      }
    },
    {
      "type": "Feature",
      "geometry": {
        "type": "Point",
        "coordinates": [
          1000.0,
          600.0
        ]
      },
      "properties": {
        "id": 217,
        "height": 5,
        "name": "Loc_10_6"
      }
    },
    {
      "type": "Feature",
      "geometry": {
        "type": "Point",
        "coordinates": [
          1000.0,
          700.0
        ]
      },
      "properties": {
        "id": 218,
        "height": 5,
        "name": "Loc_10_7"
      }
    },
    {
      "type": "Feature",
      "geometry": {
        "type": "Point",
        "coordinates": [
          1000.0,
          800.0
        ]
      },
      "properties": {
        "id": 219,
        "height": 5,
        "name": "Loc_10_8"
      }
    },
    {
      "type": "Feature",
      "geometry": {
        "type": "Point",
        "coordinates": [
          1000.0,
          900.0
        ]
      },
      "properties": {
        "id": 220,
        "height": 5,
        "name": "Loc_10_9"
      }
    },
    {
      "type": "Feature",
      "geometry": {
        "type": "Point",
        "coordinates": [
          1000.0,
          1000.0
        ]
      },
      "properties": {
        "id": 221,
        "height": 5,
        "name": "Loc_10_10"
      }
    },
    {
      "type": "Feature",
      "geometry": {
        "type": "Point",
        "coordinates": [
          1000.0,
          1100.0
        ]
      },
      "properties": {
        "id": 222,
        "height": 5,
        "name": "Loc_10_11"
      }
    },
    {
      "type": "Feature",
      "geometry": {
        "type": "Point",
        "coordinates": [
          1000.0,
          1200.0
        ]
      },
      "properties": {
        "id": 223,
        "height": 5,
        "name": "Loc_10_12"
      }
    },
    {
      "type": "Feature",
      "geometry": {
        "type": "Point",
        "coordinates": [
          1000.0,
          1300.0
        ]
      },
      "properties": {
        "id": 224,
        "height": 5,
        "name": "Loc_10_13"
      }
    },
    {
      "type": "Feature",
      "geometry": {
        "type": "Point",
        "coordinates": [
          1000.0,
          1400.0
        ]
      },
      "properties": {
        "id": 225,
        "height": 5,
        "name": "Loc_10_14"
      }
    },
    {
      "type": "Feature",
      "geometry": {
        "type": "Point",
        "coordinates": [
          1000.0,
          1500.0
        ]
      },
      "properties": {
        "id": 226,
        "height": 5,
        "name": "Loc_10_15"
      }
    },
    {
      "type": "Feature",
      "geometry": {
        "type": "Point",
        "coordinates": [
          1000.0,
          1600.0
        ]
      },
      "properties": {
        "id": 227,
        "height": 5,
        "name": "Loc_10_16"
      }
    },
    {
      "type": "Feature",
      "geometry": {
        "type": "Point",
        "coordinates": [
          1000.0,
          1700.0
        ]
      },
      "properties": {
        "id": 228,
        "height": 5,
        "name": "Loc_10_17"
      }
    },
    {
      "type": "Feature",
      "geometry": {
        "type": "Point",
        "coordinates": [
          1000.0,
          1800.0
        ]
      },
      "properties": {
        "id": 229,
        "height": 5,
        "name": "Loc_10_18"
      }
    },
    {
      "type": "Feature",
      "geometry": {
        "type": "Point",
        "coordinates": [
          1000.0,
          1900.0
        ]
      },
      "properties": {
        "id": 230,
        "height": 5,
        "name": "Loc_10_19"
      }
    },
    {
      "type": "Feature",
      "geometry": {
        "type": "Point",
        "coordinates": [
          1000.0,
          2000.0
        ]
      },
      "properties": {
        "id": 231,
        "height": 5,
        "name": "Loc_10_20"
      }
    },
    {
      "type": "Feature",
      "geometry": {
        "type": "Point",
        "coordinates": [
          1100.0,
          0.0
        ]
      },
      "properties": {
        "id": 232,
        "height": 5,
        "name": "Loc_11_0"
      }
    },
    {
      "type": "Feature",
      "geometry": {
        "type": "Point",
        "coordinates": [
          1100.0,
          100.0
        ]
      },
      "properties": {
        "id": 233,
        "height": 5,
        "name": "Loc_11_1"
      }
    },
    {
      "type": "Feature",
      "geometry": {
        "type": "Point",
        "coordinates": [
          1100.0,
          200.0
        ]
      },
      "properties": {
        "id": 234,
        "height": 5,
        "name": "Loc_11_2"
      }
    },
    {
      "type": "Feature",
      "geometry": {
        "type": "Point",
        "coordinates": [
          1100.0,
          300.0
        ]
      },
      "properties": {
        "id": 235,
        "height": 5,
        "name": "Loc_11_3"
      }
    },
    {
      "type": "Feature",
      "geometry": {
        "type": "Point",
        "coordinates": [
          1100.0,
          400.0
        ]
      },
      "properties": {
        "id": 236,
        "height": 5,
        "name": "Loc_11_4"
      }
    },
    {
      "type": "Feature",
      "geometry": {
        "type": "Point",
        "coordinates": [
          1100.0,
          500.0
        ]
      },
      "properties": {
        "id": 237,
        "height": 5,
        "name": "Loc_11_5"
      }
    },
    {
      "type": "Feature",
      "geometry": {
        "type": "Point",
        "coordinates": [
          1100.0,
          600.0
        ]
      },
      "properties": {
        "id": 238,
        "height": 5,
        "name": "Loc_11_6"
      }
    },
    {
      "type": "Feature",
      "geometry": {
        "type": "Point",
        "coordinates": [
          1100.0,
          700.0
        ]
      },
      "properties": {
        "id": 239,
        "height": 5,
        "name": "Loc_11_7"
      }
    },
    {
      "type": "Feature",
      "geometry": {
        "type": "Point",
        "coordinates": [
          1100.0,
          800.0
        ]
      },
      "properties": {
        "id": 240,
        "height": 5,
        "name": "Loc_11_8"
      }
    },
    {
      "type": "Feature",
      "geometry": {
        "type": "Point",
        "coordinates": [
          1100.0,
          900.0
        ]
      },
      "properties": {
        "id": 241,
        "height": 5,
        "name": "Loc_11_9"
      }
    },
    {
      "type": "Feature",
      "geometry": {
        "type": "Point",
        "coordinates": [
          1100.0,
          1000.0
        ]
      },
      "properties": {
        "id": 242,
        "height": 5,
        "name": "Loc_11_10"
      }
    },
    {
      "type": "Feature",
      "geometry": {
        "type": "Point",
        "coordinates": [
          1100.0,
          1100.0
        ]
      },
      "properties": {
        "id": 243,
        "height": 5,
        "name": "Loc_11_11"
      }
    },
    {
      "type": "Feature",
      "geometry": {
        "type": "Point",
        "coordinates": [
          1100.0,
          1200.0
        ]
      },
      "properties": {
        "id": 244,
        "height": 5,
        "name": "Loc_11_12"
      }
    },
    {
      "type": "Feature",
      "geometry": {
        "type": "Point",
        "coordinates": [
          1100.0,
          1300.0
        ]
      },
      "properties": {
        "id": 245,
        "height": 5,
        "name": "Loc_11_13"
      }
    },
    {
      "type": "Feature",
      "geometry": {
        "type": "Point",
        "coordinates": [
          1100.0,
          1400.0
        ]
      },
      "properties": {
        "id": 246,
        "height": 5,
        "name": "Loc_11_14"
      }
    },
    {
      "type": "Feature",
      "geometry": {
        "type": "Point",
        "coordinates": [
          1100.0,
          1500.0
        ]
      },
      "properties": {
        "id": 247,
        "height": 5,
        "name": "Loc_11_15"
      }
    },
    {
      "type": "Feature",
      "geometry": {
        "type": "Point",
        "coordinates": [
          1100.0,
          1600.0
        ]
      },
      "properties": {
        "id": 248,
        "height": 5,
        "name": "Loc_11_16"
      }
    },
    {
      "type": "Feature",
      "geometry": {
        "type": "Point",
        "coordinates": [
          1100.0,
          1700.0
        ]
      },
      "properties": {
        "id": 249,
        "height": 5,
        "name": "Loc_11_17"
      }
    },
    {
      "type": "Feature",
      "geometry": {
        "type": "Point",
        "coordinates": [
          1100.0,
          1800.0
        ]
      },
      "properties": {
        "id": 250,
        "height": 5,
        "name": "Loc_11_18"
      }
    },
    {
      "type": "Feature",
      "geometry": {
        "type": "Point",
        "coordinates": [
          1100.0,
          1900.0
        ]
      },
      "properties": {
        "id": 251,
        "height": 5,
        "name": "Loc_11_19"
      }
    },
    {
      "type": "Feature",
      "geometry": {
        "type": "Point",
        "coordinates": [
          1100.0,
          2000.0
        ]
      },
      "properties": {
        "id": 252,
        "height": 5,
        "name": "Loc_11_20"
      }
    },
    {
      "type": "Feature",
      "geometry": {
        "type": "Point",
        "coordinates": [
          1200.0,
          0.0
        ]
      },
      "properties": {
        "id": 253,
        "height": 5,
        "name": "Loc_12_0"
      }
    },
    {
      "type": "Feature",
      "geometry": {
        "type": "Point",
        "coordinates": [
          1200.0,
          100.0
        ]
      },
      "properties": {
        "id": 254,
        "height": 5,
        "name": "Loc_12_1"
      }
    },
    {
      "type": "Feature",
      "geometry": {
        "type": "Point",
        "coordinates": [
          1200.0,
          200.0
        ]
      },
      "properties": {
        "id": 255,
        "height": 5,
        "name": "Loc_12_2"
      }
    },
    {
      "type": "Feature",
      "geometry": {
        "type": "Point",
        "coordinates": [
          1200.0,
          300.0
        ]
      },
      "properties": {
        "id": 256,
        "height": 5,
        "name": "Loc_12_3"
      }
    },
    {
      "type": "Feature",
      "geometry": {
        "type": "Point",
        "coordinates": [
          1200.0,
          400.0
        ]
      },
      "properties": {
        "id": 257,
        "height": 5,
        "name": "Loc_12_4"
      }
    },
    {
      "type": "Feature",
      "geometry": {
        "type": "Point",
        "coordinates": [
          1200.0,
          500.0
        ]
      },
      "properties": {
        "id": 258,
        "height": 5,
        "name": "Loc_12_5"
      }
    },
    {
      "type": "Feature",
      "geometry": {
        "type": "Point",
        "coordinates": [
          1200.0,
          600.0
        ]
      },
      "properties": {
        "id": 259,
        "height": 5,
        "name": "Loc_12_6"
      }
    },
    {
      "type": "Feature",
      "geometry": {
        "type": "Point",
        "coordinates": [
          1200.0,
          700.0
        ]
      },
      "properties": {
        "id": 260,
        "height": 5,
        "name": "Loc_12_7"
      }
    },
    {
      "type": "Feature",
      "geometry": {
        "type": "Point",
        "coordinates": [
          1200.0,
          800.0
        ]
      },
      "properties": {
        "id": 261,
        "height": 5,
        "name": "Loc_12_8"
      }
    },
    {
      "type": "Feature",
      "geometry": {
        "type": "Point",
        "coordinates": [
          1200.0,
          900.0
        ]
      },
      "properties": {
        "id": 262,
        "height": 5,
        "name": "Loc_12_9"
      }
    },
    {
      "type": "Feature",
      "geometry": {
        "type": "Point",
        "coordinates": [
          1200.0,
          1000.0
        ]
      },
      "properties": {
        "id": 263,
        "height": 5,
        "name": "Loc_12_10"
      }
    },
    {
      "type": "Feature",
      "geometry": {
        "type": "Point",
        "coordinates": [
          1200.0,
          1100.0
        ]
      },
      "properties": {
        "id": 264,
        "height": 5,
        "name": "Loc_12_11"
      }
    },
    {
      "type": "Feature",
      "geometry": {
        "type": "Point",
        "coordinates": [
          1200.0,
          1200.0
        ]
      },
      "properties": {
        "id": 265,
        "height": 5,
        "name": "Loc_12_12"
      }
    },
    {
      "type": "Feature",
      "geometry": {
        "type": "Point",
        "coordinates": [
          1200.0,
          1300.0
        ]
      },
      "properties": {
        "id": 266,
        "height": 5,
        "name": "Loc_12_13"
      }
    },
    {
      "type": "Feature",
      "geometry": {
        "type": "Point",
        "coordinates": [
          1200.0,
          1400.0
        ]
      },
      "properties": {
        "id": 267,
        "height": 5,
        "name": "Loc_12_14"
      }
    },
    {
      "type": "Feature",
      "geometry": {
        "type": "Point",
        "coordinates": [
          1200.0,
          1500.0
        ]
      },
      "properties": {
        "id": 268,
        "height": 5,
        "name": "Loc_12_15"
      }
    },
    {
      "type": "Feature",
      "geometry": {
        "type": "Point",
        "coordinates": [
          1200.0,
          1600.0
        ]
      },
      "properties": {
        "id": 269,
        "height": 5,
        "name": "Loc_12_16"
      }
    },
    {
      "type": "Feature",
      "geometry": {
        "type": "Point",
        "coordinates": [
          1200.0,
          1700.0
        ]
      },
      "properties": {
        "id": 270,
        "height": 5,
        "name": "Loc_12_17"
      }
    },
    {
      "type": "Feature",
      "geometry": {
        "type": "Point",
        "coordinates": [
          1200.0,
          1800.0
        ]
      },
      "properties": {
        "id": 271,
        "height": 5,
        "name": "Loc_12_18"
      }
    },
    {
      "type": "Feature",
      "geometry": {
        "type": "Point",
        "coordinates": [
          1200.0,
          1900.0
        ]
      },
      "properties": {
        "id": 272,
        "height": 5,
        "name": "Loc_12_19"
      }
    },
    {
      "type": "Feature",
      "geometry": {
        "type": "Point",
        "coordinates": [
          1200.0,
          2000.0
        ]
      },
      "properties": {
        "id": 273,
        "height": 5,
        "name": "Loc_12_20"
      }
    },
    {
      "type": "Feature",
      "geometry": {
        "type": "Point",
        "coordinates": [
          1300.0,
          0.0
        ]
      },
      "properties": {
        "id": 274,
        "height": 5,
        "name": "Loc_13_0"
      }
    },
    {
      "type": "Feature",
      "geometry": {
        "type": "Point",
        "coordinates": [
          1300.0,
          100.0
        ]
      },
      "properties": {
        "id": 275,
        "height": 5,
        "name": "Loc_13_1"
      }
    },
    {
      "type": "Feature",
      "geometry": {
        "type": "Point",
        "coordinates": [
          1300.0,
          200.0
        ]
      },
      "properties": {
        "id": 276,
        "height": 5,
        "name": "Loc_13_2"
      }
    },
    {
      "type": "Feature",
      "geometry": {
        "type": "Point",
        "coordinates": [
          1300.0,
          300.0
        ]
      },
      "properties": {
        "id": 277,
        "height": 5,
        "name": "Loc_13_3"
      }
    },
    {
      "type": "Feature",
      "geometry": {
        "type": "Point",
        "coordinates": [
          1300.0,
          400.0
        ]
      },
      "properties": {
        "id": 278,
        "height": 5,
        "name": "Loc_13_4"
      }
    },
    {
      "type": "Feature",
      "geometry": {
        "type": "Point",
        "coordinates": [
          1300.0,
          500.0
        ]
      },
      "properties": {
        "id": 279,
        "height": 5,
        "name": "Loc_13_5"
      }
    },
    {
      "type": "Feature",
      "geometry": {
        "type": "Point",
        "coordinates": [
          1300.0,
          600.0
        ]
      },
      "properties": {
        "id": 280,
        "height": 5,
        "name": "Loc_13_6"
      }
    },
    {
      "type": "Feature",
      "geometry": {
        "type": "Point",
        "coordinates": [
          1300.0,
          700.0
        ]
      },
      "properties": {
        "id": 281,
        "height": 5,
        "name": "Loc_13_7"
      }
    },
    {
      "type": "Feature",
      "geometry": {
        "type": "Point",
        "coordinates": [
          1300.0,
          800.0
        ]
      },
      "properties": {
        "id": 282,
        "height": 5,
        "name": "Loc_13_8"
      }
    },
    {
      "type": "Feature",
      "geometry": {
        "type": "Point",
        "coordinates": [
          1300.0,
          900.0
        ]
      },
      "properties": {
        "id": 283,
        "height": 5,
        "name": "Loc_13_9"
      }
    },
    {
      "type": "Feature",
      "geometry": {
        "type": "Point",
        "coordinates": [
          1300.0,
          1000.0
        ]
      },
      "properties": {
        "id": 284,
        "height": 5,
        "name": "Loc_13_10"
      }
    },
    {
      "type": "Feature",
      "geometry": {
        "type": "Point",
        "coordinates": [
          1300.0,
          1100.0
        ]
      },
      "properties": {
        "id": 285,
        "height": 5,
        "name": "Loc_13_11"
      }
    },
    {
      "type": "Feature",
      "geometry": {
        "type": "Point",
        "coordinates": [
          1300.0,
          1200.0
        ]
      },
      "properties": {
        "id": 286,
        "height": 5,
        "name": "Loc_13_12"
      }
    },
    {
      "type": "Feature",
      "geometry": {
        "type": "Point",
        "coordinates": [
          1300.0,
          1300.0
        ]
      },
      "properties": {
        "id": 287,
        "height": 5,
        "name": "Loc_13_13"
      }
    },
    {
      "type": "Feature",
      "geometry": {
        "type": "Point",
        "coordinates": [
          1300.0,
          1400.0
        ]
      },
      "properties": {
        "id": 288,
        "height": 5,
        "name": "Loc_13_14"
      }
    },
    {
      "type": "Feature",
      "geometry": {
        "type": "Point",
        "coordinates": [
          1300.0,
          1500.0
        ]
      },
      "properties": {
        "id": 289,
        "height": 5,
        "name": "Loc_13_15"
      }
    },
    {
      "type": "Feature",
      "geometry": {
        "type": "Point",
        "coordinates": [
          1300.0,
          1600.0
        ]
      },
      "properties": {
        "id": 290,
        "height": 5,
        "name": "Loc_13_16"
      }
    },
    {
      "type": "Feature",
      "geometry": {
        "type": "Point",
        "coordinates": [
          1300.0,
          1700.0
        ]
      },
      "properties": {
        "id": 291,
        "height": 5,
        "name": "Loc_13_17"
      }
    },
    {
      "type": "Feature",
      "geometry": {
        "type": "Point",
        "coordinates": [
          1300.0,
          1800.0
        ]
      },
      "properties": {
        "id": 292,
        "height": 5,
        "name": "Loc_13_18"
      }
    },
    {
      "type": "Feature",
      "geometry": {
        "type": "Point",
        "coordinates": [
          1300.0,
          1900.0
        ]
      },
      "properties": {
        "id": 293,
        "height": 5,
        "name": "Loc_13_19"
      }
    },
    {
      "type": "Feature",
      "geometry": {
        "type": "Point",
        "coordinates": [
          1300.0,
          2000.0
        ]
      },
      "properties": {
        "id": 294,
        "height": 5,
        "name": "Loc_13_20"
      }
    },
    {
      "type": "Feature",
      "geometry": {
        "type": "Point",
        "coordinates": [
          1400.0,
          0.0
        ]
      },
      "properties": {
        "id": 295,
        "height": 5,
        "name": "Loc_14_0"
      }
    },
    {
      "type": "Feature",
      "geometry": {
        "type": "Point",
        "coordinates": [
          1400.0,
          100.0
        ]
      },
      "properties": {
        "id": 296,
        "height": 5,
        "name": "Loc_14_1"
      }
    },
    {
      "type": "Feature",
      "geometry": {
        "type": "Point",
        "coordinates": [
          1400.0,
          200.0
        ]
      },
      "properties": {
        "id": 297,
        "height": 5,
        "name": "Loc_14_2"
      }
    },
    {
      "type": "Feature",
      "geometry": {
        "type": "Point",
        "coordinates": [
          1400.0,
          300.0
        ]
      },
      "properties": {
        "id": 298,
        "height": 5,
        "name": "Loc_14_3"
      }
    },
    {
      "type": "Feature",
      "geometry": {
        "type": "Point",
        "coordinates": [
          1400.0,
          400.0
        ]
      },
      "properties": {
        "id": 299,
        "height": 5,
        "name": "Loc_14_4"
      }
    },
    {
      "type": "Feature",
      "geometry": {
        "type": "Point",
        "coordinates": [
          1400.0,
          500.0
        ]
      },
      "properties": {
        "id": 300,
        "height": 5,
        "name": "Loc_14_5"
      }
    },
    {
      "type": "Feature",
      "geometry": {
        "type": "Point",
        "coordinates": [
          1400.0,
          600.0
        ]
      },
      "properties": {
        "id": 301,
        "height": 5,
        "name": "Loc_14_6"
      }
    },
    {
      "type": "Feature",
      "geometry": {
        "type": "Point",
        "coordinates": [
          1400.0,
          700.0
        ]
      },
      "properties": {
        "id": 302,
        "height": 5,
        "name": "Loc_14_7"
      }
    },
    {
      "type": "Feature",
      "geometry": {
        "type": "Point",
        "coordinates": [
          1400.0,
          800.0
        ]
      },
      "properties": {
        "id": 303,
        "height": 5,
        "name": "Loc_14_8"
      }
    },
    {
      "type": "Feature",
      "geometry": {
        "type": "Point",
        "coordinates": [
          1400.0,
          900.0
        ]
      },
      "properties": {
        "id": 304,
        "height": 5,
        "name": "Loc_14_9"
      }
    },
    {
      "type": "Feature",
      "geometry": {
        "type": "Point",
        "coordinates": [
          1400.0,
          1000.0
        ]
      },
      "properties": {
        "id": 305,
        "height": 5,
        "name": "Loc_14_10"
      }
    },
    {
      "type": "Feature",
      "geometry": {
        "type": "Point",
        "coordinates": [
          1400.0,
          1100.0
        ]
      },
      "properties": {
        "id": 306,
        "height": 5,
        "name": "Loc_14_11"
      }
    },
    {
      "type": "Feature",
      "geometry": {
        "type": "Point",
        "coordinates": [
          1400.0,
          1200.0
        ]
      },
      "properties": {
        "id": 307,
        "height": 5,
        "name": "Loc_14_12"
      }
    },
    {
      "type": "Feature",
      "geometry": {
        "type": "Point",
        "coordinates": [
          1400.0,
          1300.0
        ]
      },
      "properties": {
        "id": 308,
        "height": 5,
        "name": "Loc_14_13"
      }
    },
    {
      "type": "Feature",
      "geometry": {
        "type": "Point",
        "coordinates": [
          1400.0,
          1400.0
        ]
      },
      "properties": {
        "id": 309,
        "height": 5,
        "name": "Loc_14_14"
      }
    },
    {
      "type": "Feature",
      "geometry": {
        "type": "Point",
        "coordinates": [
          1400.0,
          1500.0
        ]
      },
      "properties": {
        "id": 310,
        "height": 5,
        "name": "Loc_14_15"
      }
    },
    {
      "type": "Feature",
      "geometry": {
        "type": "Point",
        "coordinates": [
          1400.0,
          1600.0
        ]
      },
      "properties": {
        "id": 311,
        "height": 5,
        "name": "Loc_14_16"
      }
    },
    {
      "type": "Feature",
      "geometry": {
        "type": "Point",
        "coordinates": [
          1400.0,
          1700.0
        ]
      },
      "properties": {
        "id": 312,
        "height": 5,
        "name": "Loc_14_17"
      }
    },
    {
      "type": "Feature",
      "geometry": {
        "type": "Point",
        "coordinates": [
          1400.0,
          1800.0
        ]
      },
      "properties": {
        "id": 313,
        "height": 5,
        "name": "Loc_14_18"
      }
    },
    {
      "type": "Feature",
      "geometry": {
        "type": "Point",
        "coordinates": [
          1400.0,
          1900.0
        ]
      },
      "properties": {
        "id": 314,
        "height": 5,
        "name": "Loc_14_19"
      }
    },
    {
      "type": "Feature",
      "geometry": {
        "type": "Point",
        "coordinates": [
          1400.0,
          2000.0
        ]
      },
      "properties": {
        "id": 315,
        "height": 5,
        "name": "Loc_14_20"
      }
    },
    {
      "type": "Feature",
      "geometry": {
        "type": "Point",
        "coordinates": [
          1500.0,
          0.0
        ]
      },
      "properties": {
        "id": 316,
        "height": 5,
        "name": "Loc_15_0"
      }
    },
    {
      "type": "Feature",
      "geometry": {
        "type": "Point",
        "coordinates": [
          1500.0,
          100.0
        ]
      },
      "properties": {
        "id": 317,
        "height": 5,
        "name": "Loc_15_1"
      }
    },
    {
      "type": "Feature",
      "geometry": {
        "type": "Point",
        "coordinates": [
          1500.0,
          200.0
        ]
      },
      "properties": {
        "id": 318,
        "height": 5,
        "name": "Loc_15_2"
      }
    },
    {
      "type": "Feature",
      "geometry": {
        "type": "Point",
        "coordinates": [
          1500.0,
          300.0
        ]
      },
      "properties": {
        "id": 319,
        "height": 5,
        "name": "Loc_15_3"
      }
    },
    {
      "type": "Feature",
      "geometry": {
        "type": "Point",
        "coordinates": [
          1500.0,
          400.0
        ]
      },
      "properties": {
        "id": 320,
        "height": 5,
        "name": "Loc_15_4"
      }
    },
    {
      "type": "Feature",
      "geometry": {
        "type": "Point",
        "coordinates": [
          1500.0,
          500.0
        ]
      },
      "properties": {
        "id": 321,
        "height": 5,
        "name": "Loc_15_5"
      }
    },
    {
      "type": "Feature",
      "geometry": {
        "type": "Point",
        "coordinates": [
          1500.0,
          600.0
        ]
      },
      "properties": {
        "id": 322,
        "height": 5,
        "name": "Loc_15_6"
      }
    },
    {
      "type": "Feature",
      "geometry": {
        "type": "Point",
        "coordinates": [
          1500.0,
          700.0
        ]
      },
      "properties": {
        "id": 323,
        "height": 5,
        "name": "Loc_15_7"
      }
    },
    {
      "type": "Feature",
      "geometry": {
        "type": "Point",
        "coordinates": [
          1500.0,
          800.0
        ]
      },
      "properties": {
        "id": 324,
        "height": 5,
        "name": "Loc_15_8"
      }
    },
    {
      "type": "Feature",
      "geometry": {
        "type": "Point",
        "coordinates": [
          1500.0,
          900.0
        ]
      },
      "properties": {
        "id": 325,
        "height": 5,
        "name": "Loc_15_9"
      }
    },
    {
      "type": "Feature",
      "geometry": {
        "type": "Point",
        "coordinates": [
          1500.0,
          1000.0
        ]
      },
      "properties": {
        "id": 326,
        "height": 5,
        "name": "Loc_15_10"
      }
    },
    {
      "type": "Feature",
      "geometry": {
        "type": "Point",
        "coordinates": [
          1500.0,
          1100.0
        ]
      },
      "properties": {
        "id": 327,
        "height": 5,
        "name": "Loc_15_11"
      }
    },
    {
      "type": "Feature",
      "geometry": {
        "type": "Point",
        "coordinates": [
          1500.0,
          1200.0
        ]
      },
      "properties": {
        "id": 328,
        "height": 5,
        "name": "Loc_15_12"
      }
    },
    {
      "type": "Feature",
      "geometry": {
        "type": "Point",
        "coordinates": [
          1500.0,
          1300.0
        ]
      },
      "properties": {
        "id": 329,
        "height": 5,
        "name": "Loc_15_13"
      }
    },
    {
      "type": "Feature",
      "geometry": {
        "type": "Point",
        "coordinates": [
          1500.0,
          1400.0
        ]
      },
      "properties": {
        "id": 330,
        "height": 5,
        "name": "Loc_15_14"
      }
    },
    {
      "type": "Feature",
      "geometry": {
        "type": "Point",
        "coordinates": [
          1500.0,
          1500.0
        ]
      },
      "properties": {
        "id": 331,
        "height": 5,
        "name": "Loc_15_15"
      }
    },
    {
      "type": "Feature",
      "geometry": {
        "type": "Point",
        "coordinates": [
          1500.0,
          1600.0
        ]
      },
      "properties": {
        "id": 332,
        "height": 5,
        "name": "Loc_15_16"
      }
    },
    {
      "type": "Feature",
      "geometry": {
        "type": "Point",
        "coordinates": [
          1500.0,
          1700.0
        ]
      },
      "properties": {
        "id": 333,
        "height": 5,
        "name": "Loc_15_17"
      }
    },
    {
      "type": "Feature",
      "geometry": {
        "type": "Point",
        "coordinates": [
          1500.0,
          1800.0
        ]
      },
      "properties": {
        "id": 334,
        "height": 5,
        "name": "Loc_15_18"
      }
    },
    {
      "type": "Feature",
      "geometry": {
        "type": "Point",
        "coordinates": [
          1500.0,
          1900.0
        ]
      },
      "properties": {
        "id": 335,
        "height": 5,
        "name": "Loc_15_19"
      }
    },
    {
      "type": "Feature",
      "geometry": {
        "type": "Point",
        "coordinates": [
          1500.0,
          2000.0
        ]
      },
      "properties": {
        "id": 336,
        "height": 5,
        "name": "Loc_15_20"
      }
    },
    {
      "type": "Feature",
      "geometry": {
        "type": "Point",
        "coordinates": [
          1600.0,
          0.0
        ]
      },
      "properties": {
        "id": 337,
        "height": 5,
        "name": "Loc_16_0"
      }
    },
    {
      "type": "Feature",
      "geometry": {
        "type": "Point",
        "coordinates": [
          1600.0,
          100.0
        ]
      },
      "properties": {
        "id": 338,
        "height": 5,
        "name": "Loc_16_1"
      }
    },
    {
      "type": "Feature",
      "geometry": {
        "type": "Point",
        "coordinates": [
          1600.0,
          200.0
        ]
      },
      "properties": {
        "id": 339,
        "height": 5,
        "name": "Loc_16_2"
      }
    },
    {
      "type": "Feature",
      "geometry": {
        "type": "Point",
        "coordinates": [
          1600.0,
          300.0
        ]
      },
      "properties": {
        "id": 340,
        "height": 5,
        "name": "Loc_16_3"
      }
    },
    {
      "type": "Feature",
      "geometry": {
        "type": "Point",
        "coordinates": [
          1600.0,
          400.0
        ]
      },
      "properties": {
        "id": 341,
        "height": 5,
        "name": "Loc_16_4"
      }
    },
    {
      "type": "Feature",
      "geometry": {
        "type": "Point",
        "coordinates": [
          1600.0,
          500.0
        ]
      },
      "properties": {
        "id": 342,
        "height": 5,
        "name": "Loc_16_5"
      }
    },
    {
      "type": "Feature",
      "geometry": {
        "type": "Point",
        "coordinates": [
          1600.0,
          600.0
        ]
      },
      "properties": {
        "id": 343,
        "height": 5,
        "name": "Loc_16_6"
      }
    },
    {
      "type": "Feature",
      "geometry": {
        "type": "Point",
        "coordinates": [
          1600.0,
          700.0
        ]
      },
      "properties": {
        "id": 344,
        "height": 5,
        "name": "Loc_16_7"
      }
    },
    {
      "type": "Feature",
      "geometry": {
        "type": "Point",
        "coordinates": [
          1600.0,
          800.0
        ]
      },
      "properties": {
        "id": 345,
        "height": 5,
        "name": "Loc_16_8"
      }
    },
    {
      "type": "Feature",
      "geometry": {
        "type": "Point",
        "coordinates": [
          1600.0,
          900.0
        ]
      },
      "properties": {
        "id": 346,
        "height": 5,
        "name": "Loc_16_9"
      }
    },
    {
      "type": "Feature",
      "geometry": {
        "type": "Point",
        "coordinates": [
          1600.0,
          1000.0
        ]
      },
      "properties": {
        "id": 347,
        "height": 5,
        "name": "Loc_16_10"
      }
    },
    {
      "type": "Feature",
      "geometry": {
        "type": "Point",
        "coordinates": [
          1600.0,
          1100.0
        ]
      },
      "properties": {
        "id": 348,
        "height": 5,
        "name": "Loc_16_11"
      }
    },
    {
      "type": "Feature",
      "geometry": {
        "type": "Point",
        "coordinates": [
          1600.0,
          1200.0
        ]
      },
      "properties": {
        "id": 349,
        "height": 5,
        "name": "Loc_16_12"
      }
    },
    {
      "type": "Feature",
      "geometry": {
        "type": "Point",
        "coordinates": [
          1600.0,
          1300.0
        ]
      },
      "properties": {
        "id": 350,
        "height": 5,
        "name": "Loc_16_13"
      }
    },
    {
      "type": "Feature",
      "geometry": {
        "type": "Point",
        "coordinates": [
          1600.0,
          1400.0
        ]
      },
      "properties": {
        "id": 351,
        "height": 5,
        "name": "Loc_16_14"
      }
    },
    {
      "type": "Feature",
      "geometry": {
        "type": "Point",
        "coordinates": [
          1600.0,
          1500.0
        ]
      },
      "properties": {
        "id": 352,
        "height": 5,
        "name": "Loc_16_15"
      }
    },
    {
      "type": "Feature",
      "geometry": {
        "type": "Point",
        "coordinates": [
          1600.0,
          1600.0
        ]
      },
      "properties": {
        "id": 353,
        "height": 5,
        "name": "Loc_16_16"
      }
    },
    {
      "type": "Feature",
      "geometry": {
        "type": "Point",
        "coordinates": [
          1600.0,
          1700.0
        ]
      },
      "properties": {
        "id": 354,
        "height": 5,
        "name": "Loc_16_17"
      }
    },
    {
      "type": "Feature",
      "geometry": {
        "type": "Point",
        "coordinates": [
          1600.0,
          1800.0
        ]
      },
      "properties": {
        "id": 355,
        "height": 5,
        "name": "Loc_16_18"
      }
    },
    {
      "type": "Feature",
      "geometry": {
        "type": "Point",
        "coordinates": [
          1600.0,
          1900.0
        ]
      },
      "properties": {
        "id": 356,
        "height": 5,
        "name": "Loc_16_19"
      }
    },
    {
      "type": "Feature",
      "geometry": {
        "type": "Point",
        "coordinates": [
          1600.0,
          2000.0
        ]
      },
      "properties": {
        "id": 357,
        "height": 5,
        "name": "Loc_16_20"
      }
    },
    {
      "type": "Feature",
      "geometry": {
        "type": "Point",
        "coordinates": [
          1700.0,
          0.0
        ]
      },
      "properties": {
        "id": 358,
        "height": 5,
        "name": "Loc_17_0"
      }
    },
    {
      "type": "Feature",
      "geometry": {
        "type": "Point",
        "coordinates": [
          1700.0,
          100.0
        ]
      },
      "properties": {
        "id": 359,
        "height": 5,
        "name": "Loc_17_1"
      }
    },
    {
      "type": "Feature",
      "geometry": {
        "type": "Point",
        "coordinates": [
          1700.0,
          200.0
        ]
      },
      "properties": {
        "id": 360,
        "height": 5,
        "name": "Loc_17_2"
      }
    },
    {
      "type": "Feature",
      "geometry": {
        "type": "Point",
        "coordinates": [
          1700.0,
          300.0
        ]
      },
      "properties": {
        "id": 361,
        "height": 5,
        "name": "Loc_17_3"
      }
    },
    {
      "type": "Feature",
      "geometry": {
        "type": "Point",
        "coordinates": [
          1700.0,
          400.0
        ]
      },
      "properties": {
        "id": 362,
        "height": 5,
        "name": "Loc_17_4"
      }
    },
    {
      "type": "Feature",
      "geometry": {
        "type": "Point",
        "coordinates": [
          1700.0,
          500.0
        ]
      },
      "properties": {
        "id": 363,
        "height": 5,
        "name": "Loc_17_5"
      }
    },
    {
      "type": "Feature",
      "geometry": {
        "type": "Point",
        "coordinates": [
          1700.0,
          600.0
        ]
      },
      "properties": {
        "id": 364,
        "height": 5,
        "name": "Loc_17_6"
      }
    },
    {
      "type": "Feature",
      "geometry": {
        "type": "Point",
        "coordinates": [
          1700.0,
          700.0
        ]
      },
      "properties": {
        "id": 365,
        "height": 5,
        "name": "Loc_17_7"
      }
    },
    {
      "type": "Feature",
      "geometry": {
        "type": "Point",
        "coordinates": [
          1700.0,
          800.0
        ]
      },
      "properties": {
        "id": 366,
        "height": 5,
        "name": "Loc_17_8"
      }
    },
    {
      "type": "Feature",
      "geometry": {
        "type": "Point",
        "coordinates": [
          1700.0,
          900.0
        ]
      },
      "properties": {
        "id": 367,
        "height": 5,
        "name": "Loc_17_9"
      }
    },
    {
      "type": "Feature",
      "geometry": {
        "type": "Point",
        "coordinates": [
          1700.0,
          1000.0
        ]
      },
      "properties": {
        "id": 368,
        "height": 5,
        "name": "Loc_17_10"
      }
    },
    {
      "type": "Feature",
      "geometry": {
        "type": "Point",
        "coordinates": [
          1700.0,
          1100.0
        ]
      },
      "properties": {
        "id": 369,
        "height": 5,
        "name": "Loc_17_11"
      }
    },
    {
      "type": "Feature",
      "geometry": {
        "type": "Point",
        "coordinates": [
          1700.0,
          1200.0
        ]
      },
      "properties": {
        "id": 370,
        "height": 5,
        "name": "Loc_17_12"
      }
    },
    {
      "type": "Feature",
      "geometry": {
        "type": "Point",
        "coordinates": [
          1700.0,
          1300.0
        ]
      },
      "properties": {
        "id": 371,
        "height": 5,
        "name": "Loc_17_13"
      }
    },
    {
      "type": "Feature",
      "geometry": {
        "type": "Point",
        "coordinates": [
          1700.0,
          1400.0
        ]
      },
      "properties": {
        "id": 372,
        "height": 5,
        "name": "Loc_17_14"
      }
    },
    {
      "type": "Feature",
      "geometry": {
        "type": "Point",
        "coordinates": [
          1700.0,
          1500.0
        ]
      },
      "properties": {
        "id": 373,
        "height": 5,
        "name": "Loc_17_15"
      }
    },
    {
      "type": "Feature",
      "geometry": {
        "type": "Point",
        "coordinates": [
          1700.0,
          1600.0
        ]
      },
      "properties": {
        "id": 374,
        "height": 5,
        "name": "Loc_17_16"
      }
    },
    {
      "type": "Feature",
      "geometry": {
        "type": "Point",
        "coordinates": [
          1700.0,
          1700.0
        ]
      },
      "properties": {
        "id": 375,
        "height": 5,
        "name": "Loc_17_17"
      }
    },
    {
      "type": "Feature",
      "geometry": {
        "type": "Point",
        "coordinates": [
          1700.0,
          1800.0
        ]
      },
      "properties": {
        "id": 376,
        "height": 5,
        "name": "Loc_17_18"
      }
    },
    {
      "type": "Feature",
      "geometry": {
        "type": "Point",
        "coordinates": [
          1700.0,
          1900.0
        ]
      },
      "properties": {
        "id": 377,
        "height": 5,
        "name": "Loc_17_19"
      }
    },
    {
      "type": "Feature",
      "geometry": {
        "type": "Point",
        "coordinates": [
          1700.0,
          2000.0
        ]
      },
      "properties": {
        "id": 378,
        "height": 5,
        "name": "Loc_17_20"
      }
    },
    {
      "type": "Feature",
      "geometry": {
        "type": "Point",
        "coordinates": [
          1800.0,
          0.0
        ]
      },
      "properties": {
        "id": 379,
        "height": 5,
        "name": "Loc_18_0"
      }
    },
    {
      "type": "Feature",
      "geometry": {
        "type": "Point",
        "coordinates": [
          1800.0,
          100.0
        ]
      },
      "properties": {
        "id": 380,
        "height": 5,
        "name": "Loc_18_1"
      }
    },
    {
      "type": "Feature",
      "geometry": {
        "type": "Point",
        "coordinates": [
          1800.0,
          200.0
        ]
      },
      "properties": {
        "id": 381,
        "height": 5,
        "name": "Loc_18_2"
      }
    },
    {
      "type": "Feature",
      "geometry": {
        "type": "Point",
        "coordinates": [
          1800.0,
          300.0
        ]
      },
      "properties": {
        "id": 382,
        "height": 5,
        "name": "Loc_18_3"
      }
    },
    {
      "type": "Feature",
      "geometry": {
        "type": "Point",
        "coordinates": [
          1800.0,
          400.0
        ]
      },
      "properties": {
        "id": 383,
        "height": 5,
        "name": "Loc_18_4"
      }
    },
    {
      "type": "Feature",
      "geometry": {
        "type": "Point",
        "coordinates": [
          1800.0,
          500.0
        ]
      },
      "properties": {
        "id": 384,
        "height": 5,
        "name": "Loc_18_5"
      }
    },
    {
      "type": "Feature",
      "geometry": {
        "type": "Point",
        "coordinates": [
          1800.0,
          600.0
        ]
      },
      "properties": {
        "id": 385,
        "height": 5,
        "name": "Loc_18_6"
      }
    },
    {
      "type": "Feature",
      "geometry": {
        "type": "Point",
        "coordinates": [
          1800.0,
          700.0
        ]
      },
      "properties": {
        "id": 386,
        "height": 5,
        "name": "Loc_18_7"
      }
    },
    {
      "type": "Feature",
      "geometry": {
        "type": "Point",
        "coordinates": [
          1800.0,
          800.0
        ]
      },
      "properties": {
        "id": 387,
        "height": 5,
        "name": "Loc_18_8"
      }
    },
    {
      "type": "Feature",
      "geometry": {
        "type": "Point",
        "coordinates": [
          1800.0,
          900.0
        ]
      },
      "properties": {
        "id": 388,
        "height": 5,
        "name": "Loc_18_9"
      }
    },
    {
      "type": "Feature",
      "geometry": {
        "type": "Point",
        "coordinates": [
          1800.0,
          1000.0
        ]
      },
      "properties": {
        "id": 389,
        "height": 5,
        "name": "Loc_18_10"
      }
    },
    {
      "type": "Feature",
      "geometry": {
        "type": "Point",
        "coordinates": [
          1800.0,
          1100.0
        ]
      },
      "properties": {
        "id": 390,
        "height": 5,
        "name": "Loc_18_11"
      }
    },
    {
      "type": "Feature",
      "geometry": {
        "type": "Point",
        "coordinates": [
          1800.0,
          1200.0
        ]
      },
      "properties": {
        "id": 391,
        "height": 5,
        "name": "Loc_18_12"
      }
    },
    {
      "type": "Feature",
      "geometry": {
        "type": "Point",
        "coordinates": [
          1800.0,
          1300.0
        ]
      },
      "properties": {
        "id": 392,
        "height": 5,
        "name": "Loc_18_13"
      }
    },
    {
      "type": "Feature",
      "geometry": {
        "type": "Point",
        "coordinates": [
          1800.0,
          1400.0
        ]
      },
      "properties": {
        "id": 393,
        "height": 5,
        "name": "Loc_18_14"
      }
    },
    {
      "type": "Feature",
      "geometry": {
        "type": "Point",
        "coordinates": [
          1800.0,
          1500.0
        ]
      },
      "properties": {
        "id": 394,
        "height": 5,
        "name": "Loc_18_15"
      }
    },
    {
      "type": "Feature",
      "geometry": {
        "type": "Point",
        "coordinates": [
          1800.0,
          1600.0
        ]
      },
      "properties": {
        "id": 395,
        "height": 5,
        "name": "Loc_18_16"
      }
    },
    {
      "type": "Feature",
      "geometry": {
        "type": "Point",
        "coordinates": [
          1800.0,
          1700.0
        ]
      },
      "properties": {
        "id": 396,
        "height": 5,
        "name": "Loc_18_17"
      }
    },
    {
      "type": "Feature",
      "geometry": {
        "type": "Point",
        "coordinates": [
          1800.0,
          1800.0
        ]
      },
      "properties": {
        "id": 397,
        "height": 5,
        "name": "Loc_18_18"
      }
    },
    {
      "type": "Feature",
      "geometry": {
        "type": "Point",
        "coordinates": [
          1800.0,
          1900.0
        ]
      },
      "properties": {
        "id": 398,
        "height": 5,
        "name": "Loc_18_19"
      }
    },
    {
      "type": "Feature",
      "geometry": {
        "type": "Point",
        "coordinates": [
          1800.0,
          2000.0
        ]
      },
      "properties": {
        "id": 399,
        "height": 5,
        "name": "Loc_18_20"
      }
    },
    {
      "type": "Feature",
      "geometry": {
        "type": "Point",
        "coordinates": [
          1900.0,
          0.0
        ]
      },
      "properties": {
        "id": 400,
        "height": 5,
        "name": "Loc_19_0"
      }
    },
    {
      "type": "Feature",
      "geometry": {
        "type": "Point",
        "coordinates": [
          1900.0,
          100.0
        ]
      },
      "properties": {
        "id": 401,
        "height": 5,
        "name": "Loc_19_1"
      }
    },
    {
      "type": "Feature",
      "geometry": {
        "type": "Point",
        "coordinates": [
          1900.0,
          200.0
        ]
      },
      "properties": {
        "id": 402,
        "height": 5,
        "name": "Loc_19_2"
      }
    },
    {
      "type": "Feature",
      "geometry": {
        "type": "Point",
        "coordinates": [
          1900.0,
          300.0
        ]
      },
      "properties": {
        "id": 403,
        "height": 5,
        "name": "Loc_19_3"
      }
    },
    {
      "type": "Feature",
      "geometry": {
        "type": "Point",
        "coordinates": [
          1900.0,
          400.0
        ]
      },
      "properties": {
        "id": 404,
        "height": 5,
        "name": "Loc_19_4"
      }
    },
    {
      "type": "Feature",
      "geometry": {
        "type": "Point",
        "coordinates": [
          1900.0,
          500.0
        ]
      },
      "properties": {
        "id": 405,
        "height": 5,
        "name": "Loc_19_5"
      }
    },
    {
      "type": "Feature",
      "geometry": {
        "type": "Point",
        "coordinates": [
          1900.0,
          600.0
        ]
      },
      "properties": {
        "id": 406,
        "height": 5,
        "name": "Loc_19_6"
      }
    },
    {
      "type": "Feature",
      "geometry": {
        "type": "Point",
        "coordinates": [
          1900.0,
          700.0
        ]
      },
      "properties": {
        "id": 407,
        "height": 5,
        "name": "Loc_19_7"
      }
    },
    {
      "type": "Feature",
      "geometry": {
        "type": "Point",
        "coordinates": [
          1900.0,
          800.0
        ]
      },
      "properties": {
        "id": 408,
        "height": 5,
        "name": "Loc_19_8"
      }
    },
    {
      "type": "Feature",
      "geometry": {
        "type": "Point",
        "coordinates": [
          1900.0,
          900.0
        ]
      },
      "properties": {
        "id": 409,
        "height": 5,
        "name": "Loc_19_9"
      }
    },
    {
      "type": "Feature",
      "geometry": {
        "type": "Point",
        "coordinates": [
          1900.0,
          1000.0
        ]
      },
      "properties": {
        "id": 410,
        "height": 5,
        "name": "Loc_19_10"
      }
    },
    {
      "type": "Feature",
      "geometry": {
        "type": "Point",
        "coordinates": [
          1900.0,
          1100.0
        ]
      },
      "properties": {
        "id": 411,
        "height": 5,
        "name": "Loc_19_11"
      }
    },
    {
      "type": "Feature",
      "geometry": {
        "type": "Point",
        "coordinates": [
          1900.0,
          1200.0
        ]
      },
      "properties": {
        "id": 412,
        "height": 5,
        "name": "Loc_19_12"
      }
    },
    {
      "type": "Feature",
      "geometry": {
        "type": "Point",
        "coordinates": [
          1900.0,
          1300.0
        ]
      },
      "properties": {
        "id": 413,
        "height": 5,
        "name": "Loc_19_13"
      }
    },
    {
      "type": "Feature",
      "geometry": {
        "type": "Point",
        "coordinates": [
          1900.0,
          1400.0
        ]
      },
      "properties": {
        "id": 414,
        "height": 5,
        "name": "Loc_19_14"
      }
    },
    {
      "type": "Feature",
      "geometry": {
        "type": "Point",
        "coordinates": [
          1900.0,
          1500.0
        ]
      },
      "properties": {
        "id": 415,
        "height": 5,
        "name": "Loc_19_15"
      }
    },
    {
      "type": "Feature",
      "geometry": {
        "type": "Point",
        "coordinates": [
          1900.0,
          1600.0
        ]
      },
      "properties": {
        "id": 416,
        "height": 5,
        "name": "Loc_19_16"
      }
    },
    {
      "type": "Feature",
      "geometry": {
        "type": "Point",
        "coordinates": [
          1900.0,
          1700.0
        ]
      },
      "properties": {
        "id": 417,
        "height": 5,
        "name": "Loc_19_17"
      }
    },
    {
      "type": "Feature",
      "geometry": {
        "type": "Point",
        "coordinates": [
          1900.0,
          1800.0
        ]
      },
      "properties": {
        "id": 418,
        "height": 5,
        "name": "Loc_19_18"
      }
    },
    {
      "type": "Feature",
      "geometry": {
        "type": "Point",
        "coordinates": [
          1900.0,
          1900.0
        ]
      },
      "properties": {
        "id": 419,
        "height": 5,
        "name": "Loc_19_19"
      }
    },
    {
      "type": "Feature",
      "geometry": {
        "type": "Point",
        "coordinates": [
          1900.0,
          2000.0
        ]
      },
      "properties": {
        "id": 420,
        "height": 5,
        "name": "Loc_19_20"
      }
    },
    {
      "type": "Feature",
      "geometry": {
        "type": "Point",
        "coordinates": [
          2000.0,
          0.0
        ]
      },
      "properties": {
        "id": 421,
        "height": 5,
        "name": "Loc_20_0"
      }
    },
    {
      "type": "Feature",
      "geometry": {
        "type": "Point",
        "coordinates": [
          2000.0,
          100.0
        ]
      },
      "properties": {
        "id": 422,
        "height": 5,
        "name": "Loc_20_1"
      }
    },
    {
      "type": "Feature",
      "geometry": {
        "type": "Point",
        "coordinates": [
          2000.0,
          200.0
        ]
      },
      "properties": {
        "id": 423,
        "height": 5,
        "name": "Loc_20_2"
      }
    },
    {
      "type": "Feature",
      "geometry": {
        "type": "Point",
        "coordinates": [
          2000.0,
          300.0
        ]
      },
      "properties": {
        "id": 424,
        "height": 5,
        "name": "Loc_20_3"
      }
    },
    {
      "type": "Feature",
      "geometry": {
        "type": "Point",
        "coordinates": [
          2000.0,
          400.0
        ]
      },
      "properties": {
        "id": 425,
        "height": 5,
        "name": "Loc_20_4"
      }
    },
    {
      "type": "Feature",
      "geometry": {
        "type": "Point",
        "coordinates": [
          2000.0,
          500.0
        ]
      },
      "properties": {
        "id": 426,
        "height": 5,
        "name": "Loc_20_5"
      }
    },
    {
      "type": "Feature",
      "geometry": {
        "type": "Point",
        "coordinates": [
          2000.0,
          600.0
        ]
      },
      "properties": {
        "id": 427,
        "height": 5,
        "name": "Loc_20_6"
      }
    },
    {
      "type": "Feature",
      "geometry": {
        "type": "Point",
        "coordinates": [
          2000.0,
          700.0
        ]
      },
      "properties": {
        "id": 428,
        "height": 5,
        "name": "Loc_20_7"
      }
    },
    {
      "type": "Feature",
      "geometry": {
        "type": "Point",
        "coordinates": [
          2000.0,
          800.0
        ]
      },
      "properties": {
        "id": 429,
        "height": 5,
        "name": "Loc_20_8"
      }
    },
    {
      "type": "Feature",
      "geometry": {
        "type": "Point",
        "coordinates": [
          2000.0,
          900.0
        ]
      },
      "properties": {
        "id": 430,
        "height": 5,
        "name": "Loc_20_9"
      }
    },
    {
      "type": "Feature",
      "geometry": {
        "type": "Point",
        "coordinates": [
          2000.0,
          1000.0
        ]
      },
      "properties": {
        "id": 431,
        "height": 5,
        "name": "Loc_20_10"
      }
    },
    {
      "type": "Feature",
      "geometry": {
        "type": "Point",
        "coordinates": [
          2000.0,
          1100.0
        ]
      },
      "properties": {
        "id": 432,
        "height": 5,
        "name": "Loc_20_11"
      }
    },
    {
      "type": "Feature",
      "geometry": {
        "type": "Point",
        "coordinates": [
          2000.0,
          1200.0
        ]
      },
      "properties": {
        "id": 433,
        "height": 5,
        "name": "Loc_20_12"
      }
    },
    {
      "type": "Feature",
      "geometry": {
        "type": "Point",
        "coordinates": [
          2000.0,
          1300.0
        ]
      },
      "properties": {
        "id": 434,
        "height": 5,
        "name": "Loc_20_13"
      }
    },
    {
      "type": "Feature",
      "geometry": {
        "type": "Point",
        "coordinates": [
          2000.0,
          1400.0
        ]
      },
      "properties": {
        "id": 435,
        "height": 5,
        "name": "Loc_20_14"
      }
    },
    {
      "type": "Feature",
      "geometry": {
        "type": "Point",
        "coordinates": [
          2000.0,
          1500.0
        ]
      },
      "properties": {
        "id": 436,
        "height": 5,
        "name": "Loc_20_15"
      }
    },
    {
      "type": "Feature",
      "geometry": {
        "type": "Point",
        "coordinates": [
          2000.0,
          1600.0
        ]
      },
      "properties": {
        "id": 437,
        "height": 5,
        "name": "Loc_20_16"
      }
    },
    {
      "type": "Feature",
      "geometry": {
        "type": "Point",
        "coordinates": [
          2000.0,
          1700.0
        ]
      },
      "properties": {
        "id": 438,
        "height": 5,
        "name": "Loc_20_17"
      }
    },
    {
      "type": "Feature",
      "geometry": {
        "type": "Point",
        "coordinates": [
          2000.0,
          1800.0
        ]
      },
      "properties": {
        "id": 439,
        "height": 5,
        "name": "Loc_20_18"
      }
    },
    {
      "type": "Feature",
      "geometry": {
        "type": "Point",
        "coordinates": [
          2000.0,
          1900.0
        ]
      },
      "properties": {
        "id": 440,
        "height": 5,
        "name": "Loc_20_19"
      }
    },
    {
      "type": "Feature",
      "geometry": {
        "type": "Point",
        "coordinates": [
          2000.0,
          2000.0
        ]
      },
      "properties": {
        "id": 441,
        "height": 5,
        "name": "Loc_20_20"
      }
    }
  ]
}